-- phpMyAdmin SQL Dump
-- version 4.7.8
-- https://www.phpmyadmin.net/
--
-- Máy chủ: localhost
-- Thời gian đã tạo: Th8 27, 2019 lúc 05:40 AM
-- Phiên bản máy phục vụ: 5.5.41-MariaDB
-- Phiên bản PHP: 5.6.33

SET SQL_MODE = "NO_AUTO_VALUE_ON_ZERO";
SET AUTOCOMMIT = 0;
START TRANSACTION;
SET time_zone = "+00:00";


/*!40101 SET @OLD_CHARACTER_SET_CLIENT=@@CHARACTER_SET_CLIENT */;
/*!40101 SET @OLD_CHARACTER_SET_RESULTS=@@CHARACTER_SET_RESULTS */;
/*!40101 SET @OLD_COLLATION_CONNECTION=@@COLLATION_CONNECTION */;
/*!40101 SET NAMES utf8mb4 */;

--
-- Cơ sở dữ liệu: `fasttrack_db`
--

-- --------------------------------------------------------

--
-- Cấu trúc bảng cho bảng `admin`
--

CREATE TABLE `admin` (
  `admin_id` int(11) NOT NULL,
  `admin_name` varchar(255) COLLATE utf8_unicode_ci DEFAULT NULL,
  `admin_login` varchar(255) COLLATE utf8_unicode_ci DEFAULT NULL,
  `admin_password` text COLLATE utf8_unicode_ci,
  `admin_phone` varchar(255) COLLATE utf8_unicode_ci DEFAULT NULL,
  `admin_email` varchar(255) COLLATE utf8_unicode_ci DEFAULT NULL,
  `admin_note` text COLLATE utf8_unicode_ci,
  `admin_state` int(11) DEFAULT '1',
  `admin_role` int(11) DEFAULT NULL
) ENGINE=InnoDB DEFAULT CHARSET=utf8 COLLATE=utf8_unicode_ci;

--
-- Đang đổ dữ liệu cho bảng `admin`
--

INSERT INTO `admin` (`admin_id`, `admin_name`, `admin_login`, `admin_password`, `admin_phone`, `admin_email`, `admin_note`, `admin_state`, `admin_role`) VALUES
(1, 'Admin', 'admin', '$2y$10$sYR1CeUP5x0cw2Rwc1N25uglpBtX520qXyolMIggKy.zEt6XUinRu', '', '', '', 1, 1),
(2, 'hpt', 'hpt', '$2y$10$x9RWBVgCWSb9fkQGoh7ESOhYV1SnY5Fn5uwKUS9WfdUV1O4wvIe4a', '0973457689', 'ngobkanh@gmail.com', 'đây là tài khoản test', 1, 2),
(3, 'Trương Quang Tuấn', 'tuan', '$2y$10$sYR1CeUP5x0cw2Rwc1N25uglpBtX520qXyolMIggKy.zEt6XUinRu', '01669', 'tuan@gmail.com', 'test', 1, 2),
(4, NULL, NULL, '$2y$10$02.uMGB26ln3fgNk8MyarOf8hnuaF/hWlukTDKk99Kb9TluOarctq', NULL, NULL, NULL, 1, NULL),
(5, 'cms', 'cms', '$2y$10$FtjsErf.CxMYTl3zt3xOpuvWvPOAHfdCxo/9apf.tw8Aky/udFN6i', '135778', '', '', 1, 1);

-- --------------------------------------------------------

--
-- Cấu trúc bảng cho bảng `admin_role`
--

CREATE TABLE `admin_role` (
  `admin_role_id` int(11) NOT NULL,
  `admin_role_name` varchar(255) COLLATE utf8_unicode_ci DEFAULT NULL
) ENGINE=InnoDB DEFAULT CHARSET=utf8 COLLATE=utf8_unicode_ci;

--
-- Đang đổ dữ liệu cho bảng `admin_role`
--

INSERT INTO `admin_role` (`admin_role_id`, `admin_role_name`) VALUES
(1, 'Admin'),
(2, 'Mod');

-- --------------------------------------------------------

--
-- Cấu trúc bảng cho bảng `arrival_departure`
--

CREATE TABLE `arrival_departure` (
  `id` int(11) NOT NULL,
  `name` varchar(300) CHARACTER SET utf8 COLLATE utf8_unicode_ci NOT NULL,
  `email` varchar(300) CHARACTER SET utf8 COLLATE utf8_unicode_ci NOT NULL,
  `country` varchar(300) CHARACTER SET utf8 COLLATE utf8_unicode_ci NOT NULL,
  `city` varchar(300) CHARACTER SET utf8 COLLATE utf8_unicode_ci NOT NULL,
  `arrival_date` varchar(300) CHARACTER SET utf8 COLLATE utf8_unicode_ci NOT NULL,
  `arrival_number` varchar(300) CHARACTER SET utf8 COLLATE utf8_unicode_ci NOT NULL,
  `arrival_time` varchar(300) CHARACTER SET utf8 COLLATE utf8_unicode_ci NOT NULL,
  `total` varchar(300) CHARACTER SET utf8 COLLATE utf8_unicode_ci NOT NULL,
  `departure_date` varchar(300) CHARACTER SET utf8 COLLATE utf8_unicode_ci NOT NULL,
  `departure_number` varchar(300) CHARACTER SET utf8 COLLATE utf8_unicode_ci NOT NULL,
  `departure_time` varchar(300) CHARACTER SET utf8 COLLATE utf8_unicode_ci NOT NULL,
  `lounge` varchar(300) CHARACTER SET utf8 COLLATE utf8_unicode_ci NOT NULL,
  `lead_passenger_name` varchar(300) CHARACTER SET utf8 COLLATE utf8_unicode_ci NOT NULL,
  `welcome` varchar(300) CHARACTER SET utf8 COLLATE utf8_unicode_ci NOT NULL,
  `lead_passenger_mobile` varchar(300) CHARACTER SET utf8 COLLATE utf8_unicode_ci NOT NULL,
  `infants` varchar(300) CHARACTER SET utf8 COLLATE utf8_unicode_ci NOT NULL,
  `will` varchar(300) CHARACTER SET utf8 COLLATE utf8_unicode_ci NOT NULL,
  `if` varchar(300) CHARACTER SET utf8 COLLATE utf8_unicode_ci NOT NULL,
  `porter` varchar(300) CHARACTER SET utf8 COLLATE utf8_unicode_ci NOT NULL,
  `what` varchar(300) CHARACTER SET utf8 COLLATE utf8_unicode_ci NOT NULL,
  `want` varchar(300) CHARACTER SET utf8 COLLATE utf8_unicode_ci NOT NULL
) ENGINE=InnoDB DEFAULT CHARSET=latin1;

--
-- Đang đổ dữ liệu cho bảng `arrival_departure`
--

INSERT INTO `arrival_departure` (`id`, `name`, `email`, `country`, `city`, `arrival_date`, `arrival_number`, `arrival_time`, `total`, `departure_date`, `departure_number`, `departure_time`, `lounge`, `lead_passenger_name`, `welcome`, `lead_passenger_mobile`, `infants`, `will`, `if`, `porter`, `what`, `want`) VALUES
(1, 'tuan', 'tuan@gmail.com', 'Việt Nam', 'Ha Noi', '06/05/2018', 'number1', 'time1', '1 Person', '06/22/2018', 'number2', 'time2', 'No - Thank you but I do not need lounge access', 'lead name', 'welcome', 'lead mobile', 'One infant already included in passenger number', 'Yes. For all passengers', 'Yes. If available', 'No porterage required', 'Economy Class Cabin', 'I am not sure. E Mail me the details.'),
(2, 'Candy Ng', 'candy.ng@burberry.com', 'Việt Nam', 'Danang', '02/06/2019', 'KA220', '09.00', '2 Persons', '02/09/2019', 'KA227', '09.55', 'Maybe - send me departure lounge information', 'Ng King Yan', 'Candy Ng', '+85260133534', 'None', 'Yes. For all passengers', 'Yes. If available', 'Maybe. Please quote', 'Economy Class Cabin', 'I know what I want. Send me an invoice.');

-- --------------------------------------------------------

--
-- Cấu trúc bảng cho bảng `arrival_only`
--

CREATE TABLE `arrival_only` (
  `id` int(11) NOT NULL,
  `name` varchar(300) CHARACTER SET utf8 COLLATE utf8_unicode_ci NOT NULL,
  `email` varchar(300) CHARACTER SET utf8 COLLATE utf8_unicode_ci NOT NULL,
  `country` varchar(300) CHARACTER SET utf8 COLLATE utf8_unicode_ci NOT NULL,
  `city` varchar(300) CHARACTER SET utf8 COLLATE utf8_unicode_ci NOT NULL,
  `arrival_date` varchar(300) CHARACTER SET utf8 COLLATE utf8_unicode_ci NOT NULL,
  `arrival_number` varchar(300) CHARACTER SET utf8 COLLATE utf8_unicode_ci NOT NULL,
  `arrival_landing_time` varchar(300) CHARACTER SET utf8 COLLATE utf8_unicode_ci NOT NULL,
  `lead_passenger_name` varchar(300) CHARACTER SET utf8 COLLATE utf8_unicode_ci NOT NULL,
  `welcome` varchar(300) CHARACTER SET utf8 COLLATE utf8_unicode_ci NOT NULL,
  `lead_passenger_mobile` varchar(300) CHARACTER SET utf8 COLLATE utf8_unicode_ci NOT NULL,
  `how_many` varchar(300) CHARACTER SET utf8 COLLATE utf8_unicode_ci NOT NULL,
  `children` varchar(300) CHARACTER SET utf8 COLLATE utf8_unicode_ci NOT NULL,
  `will` varchar(300) CHARACTER SET utf8 COLLATE utf8_unicode_ci NOT NULL,
  `if` varchar(300) CHARACTER SET utf8 COLLATE utf8_unicode_ci NOT NULL,
  `porter` varchar(300) CHARACTER SET utf8 COLLATE utf8_unicode_ci NOT NULL,
  `what` varchar(300) CHARACTER SET utf8 COLLATE utf8_unicode_ci NOT NULL,
  `want` varchar(300) CHARACTER SET utf8 COLLATE utf8_unicode_ci NOT NULL
) ENGINE=InnoDB DEFAULT CHARSET=latin1;

--
-- Đang đổ dữ liệu cho bảng `arrival_only`
--

INSERT INTO `arrival_only` (`id`, `name`, `email`, `country`, `city`, `arrival_date`, `arrival_number`, `arrival_landing_time`, `lead_passenger_name`, `welcome`, `lead_passenger_mobile`, `how_many`, `children`, `will`, `if`, `porter`, `what`, `want`) VALUES
(1, 'tuan', 'tuan@gmail.com', 'Việt Nam', 'Ha Noi', '06/19/2018', 'number', 'time', 'lead name', 'welcome', 'lead mobile', '5 Persons', 'Yes - Two infants', 'Yes. For all passengers', 'Yes. If available', 'No porterage required', 'Economy Class Cabin', 'I am not sure. E Mail me the details.'),
(2, 'jason', 'jasontran.coin88@gmail.com', 'Việt Nam', 'tan son nhat', '06/05/2018', 'sq187', '17:00', 'jason', 'jason tran', '78642043483', '2 Persons', 'Yes - One infant', 'Yes. For some passengers', 'Yes. If available', 'Yes porterage help needed', 'Economy Class Cabin', 'I know what I want. Send me an invoice.'),
(3, 'tùng em', 'Admin@gmail.com', 'Việt Nam', '', '', '', '', '', '', '', 'Please Select...', 'Please Select...', 'Please Select...', 'Please Select...', 'Please Select...', 'Please Select...', 'I am not sure. E Mail me the details.'),
(4, 'jason tran', 'hienhuynh.tigerminigolf@gmail.com', 'Việt Nam', 'HCMC', '07/31/2018', 'SQ178', '10:00', 'Jason Tran', 'Jason Tran', 'Jason Tran', '2 Persons', 'Yes - One infant', 'Yes. For some passengers', 'Maybe. Please quote', 'No porterage required', 'Business Class Cabin', 'I know what I want. Send me an invoice.'),
(5, 'Aleksey', '9081188@mail.ru', 'Việt Nam', 'Ho Chi MinH', 'NaN/NaN/NaN', 'QR972', '7.30', 'Neretin', 'Neretin', '+79219081188', '2 Persons', 'Please Select...', 'Yes. For all passengers', 'Please Select...', 'No porterage required', 'Business Class Cabin', 'I am not sure. E Mail me the details.'),
(6, 'ryan nguyen', 'hienhuynh.tigerminigolf@gmail.com', 'Việt Nam', 'hcm', '07/31/2018', 'sq178', '10:55', 'ryan', 'ryan', 'ryan', '2 Persons', 'Yes - One infant', 'Yes. For all passengers', 'Yes. If available', 'Yes porterage help needed', 'Business Class Cabin', 'I know what I want. Send me an invoice.'),
(7, 'bian', 'hienhuynh.tigerminigolf@gmail.com', 'Việt Nam', 'HCM', '08/24/2018', 'vn603', 'Thành phố Hồ Chí Minh', 'bian', 'bian', '0902928926', '4 Persons', 'Yes - One infant', 'Yes. For some passengers', 'Maybe. Please quote', 'No porterage required', 'Business Class Cabin', 'I am not sure. E Mail me the details.'),
(8, 'ryan nguyen', 'hienhuynh.tigerminigolf@gmail.com', 'Việt Nam', 'hcm', '01/24/2019', 'sq178', '10:55', 'ryan', 'ryan', 'ryan', '7  Persons', 'None', 'Yes. For all passengers', 'Maybe. Please quote', 'No porterage required', 'Please Select...', 'I know what I want. Send me an invoice.'),
(9, 'Philip Sweet', 'PCS-INT@MINDSPRING.COM', 'Việt Nam', 'Ho Chi Minh', '02/24/2019', 'VN523', '7:00 PM', 'PhilipSweet', 'Philip Sweet', '6785207138', '1 Person', 'Please Select...', 'Yes. For all passengers', 'No. I will walk', 'No porterage required', 'Economy Class Cabin', 'I know what I want. Send me an invoice.'),
(10, 'QIU YONGSHENG', 'qiu.leo@foxmail.com', 'Việt Nam', 'Henei', '03/03/2019', 'VN531', '18:15', '', '', '', 'Please Select...', 'Please Select...', 'Please Select...', 'Please Select...', 'Please Select...', 'Please Select...', 'I am not sure. E Mail me the details.'),
(11, 'QIU YONGSHENG', 'qiu.leo@foxmail.com', 'Việt Nam', 'Henei', '03/03/2019', 'VN531', '18:15', '', '', '', 'Please Select...', 'Please Select...', 'Please Select...', 'Please Select...', 'Please Select...', 'Please Select...', 'I am not sure. E Mail me the details.'),
(12, 'QIU YONGSHENG', 'qiu.leo@foxmail.com', 'Việt Nam', 'Hanoi', '03/03/2019', 'VN531', '', '', '', '', 'Please Select...', 'Please Select...', 'Please Select...', 'Please Select...', 'Please Select...', 'Please Select...', 'I am not sure. E Mail me the details.');

-- --------------------------------------------------------

--
-- Cấu trúc bảng cho bảng `book`
--

CREATE TABLE `book` (
  `id` int(11) NOT NULL,
  `customer_id` int(11) NOT NULL,
  `city` varchar(100) CHARACTER SET utf8 COLLATE utf8_unicode_ci NOT NULL,
  `porter` int(11) NOT NULL,
  `visa` int(11) NOT NULL,
  `type` varchar(100) CHARACTER SET utf8 COLLATE utf8_unicode_ci NOT NULL,
  `code` varchar(200) CHARACTER SET utf8 COLLATE utf8_unicode_ci NOT NULL,
  `time_arr` varchar(200) CHARACTER SET utf8 COLLATE utf8_unicode_ci NOT NULL,
  `date_arr` varchar(200) CHARACTER SET utf8 COLLATE utf8_unicode_ci NOT NULL,
  `number_arr` varchar(200) CHARACTER SET utf8 COLLATE utf8_unicode_ci NOT NULL,
  `cabin_arr` varchar(200) CHARACTER SET utf8 COLLATE utf8_unicode_ci NOT NULL,
  `time_dep` varchar(200) CHARACTER SET utf8 COLLATE utf8_unicode_ci NOT NULL,
  `date_dep` varchar(200) CHARACTER SET utf8 COLLATE utf8_unicode_ci NOT NULL,
  `number_dep` varchar(200) CHARACTER SET utf8 COLLATE utf8_unicode_ci NOT NULL,
  `cabin_dep` varchar(200) CHARACTER SET utf8 COLLATE utf8_unicode_ci NOT NULL,
  `passengers` varchar(200) CHARACTER SET utf8 COLLATE utf8_unicode_ci NOT NULL,
  `children` varchar(200) CHARACTER SET utf8 COLLATE utf8_unicode_ci NOT NULL,
  `message` varchar(500) CHARACTER SET utf8 COLLATE utf8_unicode_ci NOT NULL,
  `name` varchar(200) CHARACTER SET utf8 COLLATE utf8_unicode_ci NOT NULL,
  `mobile` varchar(200) CHARACTER SET utf8 COLLATE utf8_unicode_ci NOT NULL,
  `infor` text CHARACTER SET utf8 COLLATE utf8_unicode_ci NOT NULL,
  `price` varchar(500) CHARACTER SET utf8 COLLATE utf8_unicode_ci NOT NULL
) ENGINE=InnoDB DEFAULT CHARSET=latin1;

--
-- Đang đổ dữ liệu cho bảng `book`
--

INSERT INTO `book` (`id`, `customer_id`, `city`, `porter`, `visa`, `type`, `code`, `time_arr`, `date_arr`, `number_arr`, `cabin_arr`, `time_dep`, `date_dep`, `number_dep`, `cabin_dep`, `passengers`, `children`, `message`, `name`, `mobile`, `infor`, `price`) VALUES
(1, 2, 'DAD', 3, 0, 'cn2f', '', '02:00', '2018-07-23', 'sdfg', 'J', '02:00', '2018-07-23', 'a', 'J', '0', '0', '1', '2', '111111', '1', '0.00'),
(2, 3, 'DAD', 3, 0, 'arr', '', '02:00', '2018-07-23', 'sdfg', 'J', '', '', '', '', '0', '0', '1', 'asdf', '3111111111', '', '0.00'),
(3, 4, 'DAD', 3, 0, 'dep', '', '', '', '', '', '02:00', '2018-07-23', 's', 'J', '3', '0', '1', '2', '22222222', '', '105.00'),
(4, 5, 'DAD', 3, 0, 'cn2f', '', '02:00', '2018-07-23', 'sdfg', 'J', '02:00', '2018-07-23', 'a', 'J', '0', '0', '1', '2', '111111', '1', '0.00'),
(5, 5, 'DAD', 0, 0, 'arr', '', '02:00', '2018-07-23', 'sdfg', 'J', '', '', '', '', '1', '0', '1', 'asdf', '3111111111', '3', '35.00'),
(6, 6, 'DAD', 0, 0, 'arr', '', '02:00', '2015-09-25', 'Vn554', 'J', '', '', '', '', '0', '1', 'Ryan', 'Ryan', '87867677789', '', '0.00'),
(7, 7, 'HAN', 7, 0, 'dep', '', '', '', '', '', '02:00', '2018-07-25', 'vn536', 'W', '7', '0', 'ryan', 'ryan', '', '', '245.00'),
(8, 8, 'SGN', 1, 1, 'dep', '', '', '', '', '', '02:00', '2018-07-26', 'mh766', 'J', '2', '1', 'ryan', 'jason ngo', '65890789654', '', '70.00'),
(9, 13, 'DAD', 0, 0, 'arr', '', '02:00', '2018-08-14', 'sdfg', 'J', '', '', '', '', '0', '0', '', 'asdf', '3111111111', '', '0.00'),
(10, 14, 'DAD', 2, 0, 'arr', '', '02:00', '2018-08-14', 'sdfg', 'J', '', '', '', '', '0', '0', '', 'asdf', '3111111111', '', '0.00'),
(11, 15, 'DAD', 2, 1, 'arr', '', '02:00', '2018-08-15', 'vn534', 'F', '', '', '', '', '1', '0', 'jason ngo', 'jason ngo', '90093989009', 'ạlg', '35.00'),
(12, 16, 'HAN', 0, 0, 'dep', '', '', '', '', '', '02:00', '2018-08-17', 'SG123', 'J', '0', '0', 'sdfgsfg', 'segsdfg', '09784561', 'vbcvb', '0.00'),
(13, 17, 'DAD', 4, 2, 'arr', '', '02:00', '2018-08-18', 'vn609', 'J', '', '', '', '', '3', '0', 'quynh', 'quynh', '02151460521', 'dg', '105.00'),
(14, 18, 'DAD', 0, 0, 'arr', '', '02:00', '2018-08-30', 'sdfg', 'J', '', '', '', '', '0', '0', '1', 'asdf', '3111111111', '', '0.00'),
(15, 19, 'DAD', 0, 0, 'arr', '', '02:00', '2020-09-10', 'Vn602', 'J', '', '', '', '', '1', '2', 'Tina', 'Tina', '09026464544', 'Kehsnje', '35.00'),
(16, 20, 'DAD', 0, 0, 'arr', '', '02:00', '2020-09-10', 'Vn602', 'J', '', '', '', '', '1', '2', 'Tina', 'Tina', '09026464544', 'Kehsnje', '35.00'),
(17, 21, 'DAD', 0, 0, 'arr', '', '21:10', '2018-10-20', 'VN531', 'Y', '', '', '', '', '1', '0', 'José Perez', 'José Antonio Pérez Vacalla ', '4803765322', '', '35.00'),
(18, 22, 'HAN', 0, 1, 'arr', '', '21:35', '2018-10-27', 'Vn531', 'Y', '', '', '', '', '1', '0', 'María Eugenia', 'Maria Eugenia Ortiz Fernandez', '7876053923', '', '35.00'),
(19, 23, 'HAN', 0, 1, 'arr', '', '21:35', '2018-10-27', 'Vn531', 'Y', '', '', '', '', '1', '0', 'María Eugenia', 'Maria Eugenia Ortiz Fernandez', '7876053923', '', '35.00'),
(20, 24, 'HAN', 0, 0, 'arr', '', '06:00', '2018-11-21', 'VN531', 'J', '', '', '', '', '1', '0', '', 'Shahrokh Dehpanah', '+16508147007', 'Passport number; 452100926', '35.00'),
(21, 25, 'HAN', 0, 0, 'arr', '', '06:00', '2018-11-21', 'VA531', 'J', '', '', '', '', '1', '0', '', '452100926', '+16508147007', '', '35.00'),
(22, 30, 'SGN', 0, 0, 'arr', '', '19:00', '2019-01-03', '523', 'Y', '', '', '', '', '5', '0', 'campollo', 'Alfonso Maria de Ligorio Campollo Solana', '5571095477', '', '175.00'),
(23, 31, 'SGN', 0, 4, 'arr', '', '19:00', '2019-01-06', 'VA523', 'Y', '', '', '', '', '4', '0', 'BUI FAMILY', 'HANG THI BICH BUI', '+61432012585', '', '140.00'),
(24, 32, 'DAD', 0, 0, 'arr', '', '18:15', '2019-03-03', 'VN531', 'Y', '', '', '', '', '1', '0', '', 'FENG XIAOMING', '+8615852735825', '', '35.00'),
(25, 33, 'HAN', 0, 0, 'arr', '', 'Pm6:15', '2019-03-13', 'VN531', 'Y', '', '', '', '', '1', '0', '', 'CHEN.CHANGLE', '+8615950822114', '', '35.00'),
(26, 34, 'SGN', 0, 1, 'arr', '', '16.25', '2019-04-27', 'Vn0523', 'Y', '', '', '', '', '1', '0', 'Holly campbell', 'Holly Alexandra Campbell', '+642108420438', '', '35.00'),
(27, 35, 'SGN', 0, 1, 'arr', '', '16.25', '2019-04-27', 'Vn0523', 'Y', '', '', '', '', '1', '0', 'Holly campbell', 'Holly Alexandra Campbell', '+642108420438', '', '35.00'),
(28, 36, 'HAN', 0, 1, 'arr', '', '18:30', '2019-04-20', 'VN531', 'Y', '', '', '', '', '1', '0', '', 'CHAO, SHIH WEI', '+8613923889202', '', '35.00'),
(29, 37, 'HAN', 0, 0, 'arr', '', '18:40', '2019-06-23', 'VN531', 'J', '', '', '', '', '1', '0', '', 'TIANYI CHEN', '+8613771223747', '', '35.00'),
(30, 38, 'HAN', 0, 0, 'arr', '', '18:35', '2019-07-19', 'VN531', 'J', '', '', '', '', '2', '0', 'CC Liu', 'Chengcheng Liu', '+86-15711066347', '', '70.00'),
(31, 39, 'HAN', 0, 2, 'arr', '', '18:35', '2019-07-19', 'VN531', 'J', '', '', '', '', '2', '0', 'CC Liu', 'Chengcheng Liu', '+86-15711066347', '', '70.00'),
(32, 40, 'HAN', 0, 0, 'arr', '', '18.02', '2019-08-01', 'vn531', 'Y', '', '', '', '', '1', '0', '', 'yuan，xiaohang', '008615021088001', '', '35.00'),
(33, 40, 'HAN', 0, 0, 'arr', '', '18.02', '2019-08-01', 'vn531', 'Y', '', '', '', '', '1', '0', '', 'yuan，xiaohang', '008615021088001', '', '35.00'),
(34, 41, 'HAN', 0, 0, 'arr', '', '18.02', '2019-08-01', 'vn531', 'Y', '', '', '', '', '1', '0', '', 'yuan，xiaohang', '008615021088001', '', '35.00'),
(35, 41, 'HAN', 0, 0, 'arr', '', '18.02', '2019-08-01', 'vn531', 'Y', '', '', '', '', '1', '0', '', 'yuan，xiaohang', '008615021088001', '', '35.00'),
(36, 43, 'SGN', 0, 2, 'arr', '', '18:50', '2019-07-27', 'VN523', 'J', '', '', '', '', '5', '0', 'Mr. Fang', 'FANG CAO', '+8613810348247', '', '175.00');

-- --------------------------------------------------------

--
-- Cấu trúc bảng cho bảng `cart`
--

CREATE TABLE `cart` (
  `id_cart` int(11) NOT NULL,
  `id_account` int(11) DEFAULT NULL,
  `session_id` varchar(255) COLLATE utf8_unicode_ci DEFAULT NULL,
  `total_price` double DEFAULT NULL,
  `total_cart` int(11) DEFAULT NULL,
  `date_cart` date DEFAULT NULL,
  `id_orderState` int(11) DEFAULT NULL,
  `note_cart` text COLLATE utf8_unicode_ci,
  `name_buyer` varchar(255) COLLATE utf8_unicode_ci DEFAULT NULL,
  `mail_buyer` varchar(255) COLLATE utf8_unicode_ci DEFAULT NULL,
  `phone_buyer` varchar(255) COLLATE utf8_unicode_ci DEFAULT NULL,
  `address_buyer` text COLLATE utf8_unicode_ci,
  `note_buyer` text COLLATE utf8_unicode_ci
) ENGINE=InnoDB DEFAULT CHARSET=utf8 COLLATE=utf8_unicode_ci;

--
-- Đang đổ dữ liệu cho bảng `cart`
--

INSERT INTO `cart` (`id_cart`, `id_account`, `session_id`, `total_price`, `total_cart`, `date_cart`, `id_orderState`, `note_cart`, `name_buyer`, `mail_buyer`, `phone_buyer`, `address_buyer`, `note_buyer`) VALUES
(45, NULL, 'mkrnfu62crnut73tj9ip88k4c0', 4560000, NULL, '0000-00-00', NULL, NULL, 'hang', 'ngockhanh260614@gmail.com', '0973378669', 'Thanh Xuân, Thanh Xuân', 'đơn hàng hằng pt'),
(46, NULL, 'q6hilk5otma71lnmfk4jfe3bo0', 760000, NULL, '0000-00-00', NULL, NULL, 'tuan', 'tuan@gmail.com', '0123', 'Ha Noi', 'test'),
(47, NULL, '8rg8qp2tib6bhq40siemsl0au1', 760000, NULL, '0000-00-00', NULL, NULL, 'tuan', 'tuan@gmail.com', '0123', 'Ha Noi', ''),
(48, NULL, 'p29v6fieekj8qc6r9iei8rkr84', 760000, NULL, '0000-00-00', NULL, NULL, 'tuan', 'tuan@gmail.com', '0123', 'Ha Noi', ''),
(49, NULL, 'gibro9jjp7o8r4dhlulet7t2c7', 760000, NULL, '0000-00-00', NULL, NULL, 'tuan', 'tuan@gmail.com', '0123', 'Ha Noi', ''),
(50, NULL, 'skgfhmeppmr97bion8qlhv2f24', 7600000, NULL, '0000-00-00', NULL, NULL, 'tuan', 'tuan@gmail.com', '0123', 'Ha Noi', ''),
(51, NULL, '14sbco3nbkh6tss6mibu4c63i2', 760000, NULL, '0000-00-00', NULL, NULL, 'tuan', 'tuan@gmail.com', '0123', 'Ha Noi', ''),
(52, NULL, 'rdk00s074i1i4seat51nh109d6', 7600000, NULL, '0000-00-00', NULL, NULL, 'tuan', 'tuan@gmail.com', '0123', 'Ha Noi', ''),
(53, NULL, 'ibcpu4cam64hh6jvvlqde89v90', 760000, NULL, '0000-00-00', NULL, NULL, 'tuan', 'tuan@gmail.com', '0123', 'Ha Noi', ''),
(54, NULL, 'r2hcu630iilbqufhd80udq4eh0', 760000, NULL, '0000-00-00', NULL, NULL, 'tuan', 'tuan@gmail.com', '0123', 'Ha Noi', ''),
(55, NULL, 'krsem1sgk8k9smbs1uinikks42', 7600000, NULL, '0000-00-00', NULL, NULL, 'tuan', 'tuan@gmail.com', '0123', 'Ha Noi', ''),
(56, NULL, 'gjdbs5hhkns2vjb0juaf6g8i84', 135000, NULL, '0000-00-00', NULL, NULL, 'tuan', 'tuan@gmail.com', '0123', 'Ha Noi', ''),
(57, NULL, 'q4asrlk395bqes71q3m1dj7a53', 135000, NULL, '0000-00-00', NULL, NULL, 'tuan', 'tuan@gmail.com', '0123', 'Ha Noi', ''),
(58, NULL, 'mfuj32kovfsj87sum11433so15', 760000, NULL, '0000-00-00', NULL, NULL, 'tuan', 'tuan@gmail.com', '0123', 'Ha Noi', ''),
(59, NULL, 'o82tantv1gh498mq2giekk0mj1', 760000, NULL, '0000-00-00', NULL, NULL, 'tuan', 'tuan@gmail.com', '0123', 'Ha Noi', ''),
(60, NULL, 'vv3bvs960u0efu33mksbikfr02', 760000, NULL, '0000-00-00', NULL, NULL, 'tuan', 'tuan@gmail.com', '0123', 'Ha Noi', ''),
(61, NULL, '77v49he85i8nuuet5p2vt9g7r0', 7600000, NULL, '0000-00-00', NULL, NULL, 'tuan', 'tuan@gmail.com', '0123', 'Ha Noi', ''),
(62, NULL, 'qs835th55ruep5q2f34fdimdg6', 760000, NULL, '0000-00-00', NULL, NULL, 'tuan', 'tuan@gmail.com', '0123', 'Ha Noi', ''),
(63, NULL, '0v3amtlih28cip0bskvi8tr2t7', 7600000, NULL, '0000-00-00', NULL, NULL, 'tuan', 'tuan@gmail.com', '0123', 'Ha Noi', ''),
(64, NULL, 's34tnbg59l4psbpbc2jg4ru734', 135000, NULL, '0000-00-00', NULL, NULL, 'tuan', 'tuan@gmail.com', '0123', 'Ha Noi', ''),
(65, NULL, 'jna4k52dg50ce0e2euknmpsc53', 760000, NULL, '0000-00-00', NULL, NULL, 'tuan', 'tuan@gmail.com', '0123', 'Ha Noi', ''),
(66, NULL, '1mrapf9122qb0n9gd32j94l6f5', 6000, NULL, '0000-00-00', NULL, NULL, 'adf', 'viethung@gmail.com', '01672523165', 'ha nội', 'ghi chú aaa'),
(67, NULL, 'sl6a5d5957d6n37tptrtp29mt4', 2000, NULL, '0000-00-00', NULL, NULL, 'bczcv', 'viethung@gmail.com', 'aasdfas', 'asfas', 'fdasdfasdf'),
(68, NULL, 'ape83laqntnptihbcmk5g0li26', 6000, NULL, '0000-00-00', NULL, NULL, 'tuan', 'tuan@gmail.com', '0123', 'Ha Noi', '29-3'),
(69, NULL, 'plr8o57g8nvik0enconsen7564', 1520000, NULL, '0000-00-00', NULL, NULL, 'hangpt', 'ngockhanh260@gmail.com', '3465r7', '13sfsd', 'fds');

-- --------------------------------------------------------

--
-- Cấu trúc bảng cho bảng `cartdetail`
--

CREATE TABLE `cartdetail` (
  `id_cartDetail` int(11) NOT NULL,
  `id_product` int(11) DEFAULT NULL,
  `session_id` varchar(255) COLLATE utf8_unicode_ci DEFAULT NULL,
  `price_product` double DEFAULT NULL,
  `qyt_product` int(11) DEFAULT NULL,
  `totalprice_product` double DEFAULT NULL,
  `subInfo1` text COLLATE utf8_unicode_ci,
  `id_color` int(11) DEFAULT NULL,
  `id_size` int(11) DEFAULT NULL,
  `color` varchar(255) COLLATE utf8_unicode_ci DEFAULT NULL,
  `size` varchar(255) COLLATE utf8_unicode_ci DEFAULT NULL,
  `id_cart` int(11) NOT NULL
) ENGINE=InnoDB DEFAULT CHARSET=utf8 COLLATE=utf8_unicode_ci;

--
-- Đang đổ dữ liệu cho bảng `cartdetail`
--

INSERT INTO `cartdetail` (`id_cartDetail`, `id_product`, `session_id`, `price_product`, `qyt_product`, `totalprice_product`, `subInfo1`, `id_color`, `id_size`, `color`, `size`, `id_cart`) VALUES
(30, 28, 'mkrnfu62crnut73tj9ip88k4c0', 760000, 4, 3040000, NULL, 0, 0, '', '', 45),
(31, 34, 'mkrnfu62crnut73tj9ip88k4c0', 760000, 2, 1520000, NULL, 0, 0, '', '', 45),
(32, 28, 'q6hilk5otma71lnmfk4jfe3bo0', 760000, 1, 760000, NULL, 0, 0, '', '', 46),
(33, 29, '8rg8qp2tib6bhq40siemsl0au1', 760000, 1, 760000, NULL, 0, 0, '', '', 47),
(34, 27, 'p29v6fieekj8qc6r9iei8rkr84', 760000, 1, 760000, NULL, 0, 0, '', '', 48),
(35, 28, 'gibro9jjp7o8r4dhlulet7t2c7', 760000, 1, 760000, NULL, 0, 0, '', '', 49),
(36, 30, 'skgfhmeppmr97bion8qlhv2f24', 7600000, 1, 7600000, NULL, 0, 0, '', '', 50),
(37, 31, '14sbco3nbkh6tss6mibu4c63i2', 760000, 1, 760000, NULL, 0, 0, '', '', 51),
(38, 32, 'rdk00s074i1i4seat51nh109d6', 7600000, 1, 7600000, NULL, 0, 0, '', '', 52),
(39, 33, 'ibcpu4cam64hh6jvvlqde89v90', 760000, 1, 760000, NULL, 0, 0, '', '', 53),
(40, 35, 'r2hcu630iilbqufhd80udq4eh0', 760000, 1, 760000, NULL, 0, 0, '', '', 54),
(41, 36, 'krsem1sgk8k9smbs1uinikks42', 7600000, 1, 7600000, NULL, 0, 0, '', '', 55),
(42, 37, 'gjdbs5hhkns2vjb0juaf6g8i84', 135000, 1, 135000, NULL, 0, 0, '', '', 56),
(43, 37, 'q4asrlk395bqes71q3m1dj7a53', 135000, 1, 135000, NULL, 0, 0, '', '', 57),
(44, 27, 'mfuj32kovfsj87sum11433so15', 760000, 1, 760000, NULL, 0, 0, '', '', 58),
(45, 28, 'o82tantv1gh498mq2giekk0mj1', 760000, 1, 760000, NULL, 0, 0, '', '', 59),
(46, 29, 'vv3bvs960u0efu33mksbikfr02', 760000, 1, 760000, NULL, 0, 0, '', '', 60),
(47, 30, '77v49he85i8nuuet5p2vt9g7r0', 7600000, 1, 7600000, NULL, 0, 0, '', '', 61),
(48, 35, 'qs835th55ruep5q2f34fdimdg6', 760000, 1, 760000, NULL, 0, 0, '', '', 62),
(49, 36, '0v3amtlih28cip0bskvi8tr2t7', 7600000, 1, 7600000, NULL, 0, 0, '', '', 63),
(50, 37, 's34tnbg59l4psbpbc2jg4ru734', 135000, 1, 135000, NULL, 0, 0, '', '', 64),
(51, 27, 'jna4k52dg50ce0e2euknmpsc53', 760000, 1, 760000, NULL, 0, 0, '', '', 65),
(52, 27, '1mrapf9122qb0n9gd32j94l6f5', 2000, 3, 6000, NULL, 0, 0, '', '', 66),
(53, 27, 'sl6a5d5957d6n37tptrtp29mt4', 2000, 1, 2000, NULL, 0, 0, '', '', 67),
(54, 28, 'ape83laqntnptihbcmk5g0li26', 2000, 3, 6000, NULL, 0, 0, '', '', 68),
(55, 29, 'plr8o57g8nvik0enconsen7564', 760000, 2, 1520000, NULL, 0, 0, '', '', 69);

-- --------------------------------------------------------

--
-- Cấu trúc bảng cho bảng `color`
--

CREATE TABLE `color` (
  `color_id` bigint(20) NOT NULL,
  `color_name` varchar(255) COLLATE utf8_unicode_ci DEFAULT NULL,
  `color_price` double DEFAULT NULL,
  `color_stock` int(11) DEFAULT NULL,
  `color_img` text COLLATE utf8_unicode_ci,
  `product_id` int(11) DEFAULT NULL
) ENGINE=InnoDB DEFAULT CHARSET=utf8 COLLATE=utf8_unicode_ci;

-- --------------------------------------------------------

--
-- Cấu trúc bảng cho bảng `config`
--

CREATE TABLE `config` (
  `config_id` int(11) NOT NULL,
  `web_name` text COLLATE utf8_unicode_ci,
  `web_meta` text COLLATE utf8_unicode_ci,
  `web_des` text COLLATE utf8_unicode_ci,
  `web_keyword` text COLLATE utf8_unicode_ci,
  `web_logo` text COLLATE utf8_unicode_ci,
  `web_hotline` text COLLATE utf8_unicode_ci,
  `web_phone` text COLLATE utf8_unicode_ci,
  `web_email` text COLLATE utf8_unicode_ci,
  `content_home1` text COLLATE utf8_unicode_ci,
  `content_home2` text COLLATE utf8_unicode_ci,
  `content_home3` text COLLATE utf8_unicode_ci,
  `content_home4` text COLLATE utf8_unicode_ci,
  `content_home5` text COLLATE utf8_unicode_ci,
  `content_home6` text COLLATE utf8_unicode_ci,
  `content_home7` text COLLATE utf8_unicode_ci,
  `content_home8` text COLLATE utf8_unicode_ci,
  `content_home9` text COLLATE utf8_unicode_ci,
  `content_home10` text COLLATE utf8_unicode_ci,
  `facebook` varchar(200) COLLATE utf8_unicode_ci NOT NULL,
  `google` varchar(200) COLLATE utf8_unicode_ci NOT NULL,
  `twitter` varchar(200) COLLATE utf8_unicode_ci NOT NULL,
  `google_map` varchar(200) COLLATE utf8_unicode_ci NOT NULL,
  `youtube` varchar(200) COLLATE utf8_unicode_ci NOT NULL,
  `icon_web` varchar(200) COLLATE utf8_unicode_ci NOT NULL,
  `slideshow_home` text COLLATE utf8_unicode_ci,
  `banner1` varchar(300) COLLATE utf8_unicode_ci NOT NULL,
  `banner2` varchar(300) COLLATE utf8_unicode_ci NOT NULL
) ENGINE=InnoDB DEFAULT CHARSET=utf8 COLLATE=utf8_unicode_ci;

--
-- Đang đổ dữ liệu cho bảng `config`
--

INSERT INTO `config` (`config_id`, `web_name`, `web_meta`, `web_des`, `web_keyword`, `web_logo`, `web_hotline`, `web_phone`, `web_email`, `content_home1`, `content_home2`, `content_home3`, `content_home4`, `content_home5`, `content_home6`, `content_home7`, `content_home8`, `content_home9`, `content_home10`, `facebook`, `google`, `twitter`, `google_map`, `youtube`, `icon_web`, `slideshow_home`, `banner1`, `banner2`) VALUES
(1, 'VIETNAM AIRPORT FAST TRACK', '', 'VIETNAM VIP AIRPORT MEET & ASSIST', '', 'Asset1.png', '', '', '', '45 Queen\'s Park Rd, Brighton, United Kingdom', 'contact@vietnamfasttrack.org', '+8488 96 96 928', 'Pellentesque habitant morbi tristique senectus et netus et malesuada fames ac turpis egestas. Vestibulum tortor quam, feugiat vitae, ultricies eget, tempor sit amet, ante. mi vitae est.', '', '+84889696928', '<h4 class=\"uni-uppercase\">sales department</h4>                \r\n <p>Mon - sat: 8:00 am - 17:00 pm</p>                \r\n <p>Sunday is closed</p>', '<h4 class=\"uni-uppercase\">services department</h4>\r\n                <p>Mon - sat: 8:00 am - 17:00 pm</p>\r\n                <p>Sunday is closed</p>', 'https://www.google.com/maps/embed?pb=!1m18!1m12!1m3!1d3724.892147820776!2d105.81596031493206!3d20.99695998601557!2m3!1f0!2f0!3f0!3m2!1i1024!2i768!4f13.1!3m3!1m2!1s0x3135ac8fc4e374cf%3A0xce5e4ac2f13fb70!2zMjExIFBo4buRIEtoxrDGoW5nIFRydW5nLCBLaMawxqFuZyBUcnVuZywgVGhhbmggWHXDom4sIEjDoCBO4buZaQ!5e0!3m2!1sen!2s!4v1522120965090', '', 'https://www.facebook.com/congdongvnexpress/', 'https://plus.google.com/discover', 'twitter', '<p><iframe frameborder=\"0\" height=\"450\" src=\"https://www.google.com/maps/embed?pb=!1m18!1m12!1m3!1d59587.97785448771!2d105.80194413492788!3d21.02273601629448!2m3!1f0!2f0!3f0!3m2!1i1024!2i768!4f13.1!3m', '<p><iframe frameborder=\"0\" height=\"315\" src=\"https://www.youtube.com/embed/vCIc1g_4JWM\" width=\"560\"></iframe></p>\r\n', 'Asset1.png', '[\"{\\\"image\\\":\\\"fast_track.jpg\\\"}\"]', '', '');

-- --------------------------------------------------------

--
-- Cấu trúc bảng cho bảng `config_languages`
--

CREATE TABLE `config_languages` (
  `id` int(11) NOT NULL,
  `config_id` int(11) DEFAULT NULL,
  `languages_code` varchar(255) COLLATE utf8_unicode_ci DEFAULT NULL,
  `lang_web_name` text COLLATE utf8_unicode_ci,
  `lang_web_meta` text COLLATE utf8_unicode_ci,
  `lang_web_des` text COLLATE utf8_unicode_ci,
  `lang_web_keyword` text COLLATE utf8_unicode_ci,
  `lang_web_hotline` text COLLATE utf8_unicode_ci,
  `lang_web_phone` text COLLATE utf8_unicode_ci,
  `lang_web_email` text COLLATE utf8_unicode_ci,
  `lang_content_home1` text COLLATE utf8_unicode_ci,
  `lang_content_home2` text COLLATE utf8_unicode_ci,
  `lang_content_home3` text COLLATE utf8_unicode_ci,
  `lang_content_home4` text COLLATE utf8_unicode_ci,
  `lang_content_home5` text COLLATE utf8_unicode_ci,
  `lang_content_home6` text COLLATE utf8_unicode_ci,
  `lang_content_home7` text COLLATE utf8_unicode_ci,
  `lang_content_home8` text COLLATE utf8_unicode_ci,
  `lang_content_home9` text COLLATE utf8_unicode_ci,
  `lang_content_home10` text COLLATE utf8_unicode_ci,
  `facebook` varchar(200) COLLATE utf8_unicode_ci NOT NULL,
  `google` varchar(200) COLLATE utf8_unicode_ci NOT NULL,
  `twitter` varchar(200) COLLATE utf8_unicode_ci NOT NULL,
  `google_map` text COLLATE utf8_unicode_ci NOT NULL,
  `youtube` varchar(20000) COLLATE utf8_unicode_ci NOT NULL,
  `icon_web` varchar(200) COLLATE utf8_unicode_ci NOT NULL,
  `edit_state` int(11) DEFAULT '0'
) ENGINE=InnoDB DEFAULT CHARSET=utf8 COLLATE=utf8_unicode_ci;

--
-- Đang đổ dữ liệu cho bảng `config_languages`
--

INSERT INTO `config_languages` (`id`, `config_id`, `languages_code`, `lang_web_name`, `lang_web_meta`, `lang_web_des`, `lang_web_keyword`, `lang_web_hotline`, `lang_web_phone`, `lang_web_email`, `lang_content_home1`, `lang_content_home2`, `lang_content_home3`, `lang_content_home4`, `lang_content_home5`, `lang_content_home6`, `lang_content_home7`, `lang_content_home8`, `lang_content_home9`, `lang_content_home10`, `facebook`, `google`, `twitter`, `google_map`, `youtube`, `icon_web`, `edit_state`) VALUES
(1, 1, 'vn', 'VIETNAM AIRPORT FAST TRACK', '', 'VIETNAM VIP AIRPORT MEET & ASSIST', '', '', '', '', '45 Queen\'s Park Rd, Brighton, United Kingdom', 'contact@vietnamfasttrack.org', '+8488 96 96 928', 'Pellentesque habitant morbi tristique senectus et netus et malesuada fames ac turpis egestas. Vestibulum tortor quam, feugiat vitae, ultricies eget, tempor sit amet, ante. mi vitae est.', '', '+84889696928', '<h4 class=\"uni-uppercase\">sales department</h4>                \r\n <p>Mon - sat: 8:00 am - 17:00 pm</p>                \r\n <p>Sunday is closed</p>', '<h4 class=\"uni-uppercase\">services department</h4>\r\n                <p>Mon - sat: 8:00 am - 17:00 pm</p>\r\n                <p>Sunday is closed</p>', 'https://www.google.com/maps/embed?pb=!1m18!1m12!1m3!1d3724.892147820776!2d105.81596031493206!3d20.99695998601557!2m3!1f0!2f0!3f0!3m2!1i1024!2i768!4f13.1!3m3!1m2!1s0x3135ac8fc4e374cf%3A0xce5e4ac2f13fb70!2zMjExIFBo4buRIEtoxrDGoW5nIFRydW5nLCBLaMawxqFuZyBUcnVuZywgVGhhbmggWHXDom4sIEjDoCBO4buZaQ!5e0!3m2!1sen!2s!4v1522120965090', '', 'https://www.facebook.com/congdongvnexpress/', 'https://plus.google.com/discover', 'twitter', '<p><iframe frameborder=\"0\" height=\"450\" src=\"https://www.google.com/maps/embed?pb=!1m18!1m12!1m3!1d59587.97785448771!2d105.80194413492788!3d21.02273601629448!2m3!1f0!2f0!3f0!3m2!1i1024!2i768!4f13.1!3m3!1m2!1s0x3135ab9bd9861ca1%3A0xe7887f7b72ca17a9!2zSGFub2ksIEhvw6BuIEtp4bq_bSwgSGFub2k!5e0!3m2!1sen!2s!4v1513235284242\" style=\"border:0\" width=\"600\"></iframe></p>\r\n', '<p><iframe frameborder=\"0\" height=\"315\" src=\"https://www.youtube.com/embed/vCIc1g_4JWM\" width=\"560\"></iframe></p>\r\n', '', 1),
(2, 1, 'en', '', '', '', '', '', '', '', 'WHY CHOOSE US?', 'With the operating experiences of plywood factory from 2012, we have supply Good quality Plywood for Packing and Furniture Industry as well as Construction. We are deserved to become your partner to help you have good materials for your production and your trading in plywood industry all over the world. \r\nWe have our team to control all processes of plywood Production very professionally such as Q&C, R&D, Technical team .Moreover, our market is widespread in many foreign countries like Thailand, Korea, Japan, Malaysia, Indonesia, Myamar, Taiwan and others.\r\nComing to us, you wil have many Priorities in Price, Early Delivery as well as in Quality: Strong Density, No Gap, straight side, smooth face....\r\n', '', 'HISTORY', 'Our factory start to operate in 2012, selling to trading companies to bring cargo to foreign countries. And in 2015, we establish our own company to export to customer directly. \r\nOur plywood is exported to Thailand, Indonesia, Korea, Malaysia, Taiwan and other countries.\r\n', 'MAIN PRODUCTS', 'Plywood, Core Veneer, Film faced plywood, Finger Joint , Sawn timber', 'CLIENTS - PARTNERS', 'TIMBER RELATED STORIES', '', '', '', '', '', '', '', 1);

-- --------------------------------------------------------

--
-- Cấu trúc bảng cho bảng `connection_transit`
--

CREATE TABLE `connection_transit` (
  `id` int(11) NOT NULL,
  `name` varchar(300) CHARACTER SET utf8 COLLATE utf8_unicode_ci NOT NULL,
  `email` varchar(300) CHARACTER SET utf8 COLLATE utf8_unicode_ci NOT NULL,
  `country` varchar(300) CHARACTER SET utf8 COLLATE utf8_unicode_ci NOT NULL,
  `city` varchar(300) CHARACTER SET utf8 COLLATE utf8_unicode_ci NOT NULL,
  `arrival_date` varchar(300) CHARACTER SET utf8 COLLATE utf8_unicode_ci NOT NULL,
  `arrival_number` varchar(300) CHARACTER SET utf8 COLLATE utf8_unicode_ci NOT NULL,
  `arrival_time` varchar(300) CHARACTER SET utf8 COLLATE utf8_unicode_ci NOT NULL,
  `total` varchar(300) CHARACTER SET utf8 COLLATE utf8_unicode_ci NOT NULL,
  `departure_date` varchar(300) CHARACTER SET utf8 COLLATE utf8_unicode_ci NOT NULL,
  `departure_number` varchar(300) CHARACTER SET utf8 COLLATE utf8_unicode_ci NOT NULL,
  `departure_time` varchar(300) CHARACTER SET utf8 COLLATE utf8_unicode_ci NOT NULL,
  `lounge` varchar(300) CHARACTER SET utf8 COLLATE utf8_unicode_ci NOT NULL,
  `lead_passenger_name` varchar(300) CHARACTER SET utf8 COLLATE utf8_unicode_ci NOT NULL,
  `welcome` varchar(300) CHARACTER SET utf8 COLLATE utf8_unicode_ci NOT NULL,
  `lead_passenger_mobile` varchar(300) CHARACTER SET utf8 COLLATE utf8_unicode_ci NOT NULL,
  `infants` varchar(300) CHARACTER SET utf8 COLLATE utf8_unicode_ci NOT NULL,
  `will` varchar(300) CHARACTER SET utf8 COLLATE utf8_unicode_ci NOT NULL,
  `if` varchar(300) CHARACTER SET utf8 COLLATE utf8_unicode_ci NOT NULL,
  `porter` varchar(300) CHARACTER SET utf8 COLLATE utf8_unicode_ci NOT NULL,
  `what` varchar(300) CHARACTER SET utf8 COLLATE utf8_unicode_ci NOT NULL,
  `want` varchar(300) CHARACTER SET utf8 COLLATE utf8_unicode_ci NOT NULL
) ENGINE=InnoDB DEFAULT CHARSET=latin1;

--
-- Đang đổ dữ liệu cho bảng `connection_transit`
--

INSERT INTO `connection_transit` (`id`, `name`, `email`, `country`, `city`, `arrival_date`, `arrival_number`, `arrival_time`, `total`, `departure_date`, `departure_number`, `departure_time`, `lounge`, `lead_passenger_name`, `welcome`, `lead_passenger_mobile`, `infants`, `will`, `if`, `porter`, `what`, `want`) VALUES
(1, 'tuan', 'tuan@gmail.com', 'Việt Nam', 'Ha Noi', '06/19/2018', 'number1', 'time1', '2 Persons', '06/12/2018', 'number2', 'time2', 'No - Thank you but I do not need lounge access', 'lead name', 'welcome', 'lead mobile', 'One infant already included in passenger number', 'Yes. For all passengers', 'Yes. If available', 'No porterage required', 'Economy Class Cabin', 'I am not sure. E Mail me the details.');

-- --------------------------------------------------------

--
-- Cấu trúc bảng cho bảng `currency`
--

CREATE TABLE `currency` (
  `currency_id` int(11) NOT NULL,
  `currency_code` varchar(255) COLLATE utf8_unicode_ci DEFAULT NULL,
  `currency_name` text COLLATE utf8_unicode_ci,
  `currency_exchange_rate` float DEFAULT NULL
) ENGINE=InnoDB DEFAULT CHARSET=utf8 COLLATE=utf8_unicode_ci;

-- --------------------------------------------------------

--
-- Cấu trúc bảng cho bảng `customer`
--

CREATE TABLE `customer` (
  `id` int(11) NOT NULL,
  `name` varchar(300) CHARACTER SET utf8 COLLATE utf8_unicode_ci NOT NULL,
  `email` varchar(300) CHARACTER SET utf8 COLLATE utf8_unicode_ci NOT NULL,
  `phone` varchar(100) CHARACTER SET utf8 COLLATE utf8_unicode_ci NOT NULL,
  `code` varchar(200) CHARACTER SET utf8 COLLATE utf8_unicode_ci NOT NULL,
  `price` varchar(500) CHARACTER SET utf8 COLLATE utf8_unicode_ci NOT NULL
) ENGINE=InnoDB DEFAULT CHARSET=latin1;

--
-- Đang đổ dữ liệu cho bảng `customer`
--

INSERT INTO `customer` (`id`, `name`, `email`, `phone`, `code`, `price`) VALUES
(2, 'tuan', 'tuan@gmail.com', '1233456', 'n2wc0X8k1531710669', ''),
(3, 'tuan', 'tuan@gmail.com', '1233456', 'cauPqKM6mL1531710719', ''),
(4, 'tuan', 'tuan@gmail.com', '1233456', 'LJFjMSKZN1531710807', ''),
(5, 'tuan', 'tuan@gmail.com', '12334567', 'dD0103hDQo1531714584', ''),
(6, 'Jason', 'jason@gmail.com', '51548644646', 'YIKkjyKfwl1531882992', ''),
(7, 'ryan', 'ryan@gmail.com', '', 'z0BMED21H1531899736', ''),
(8, 'ryan', 'ryan@gmail.com', '0902928926', 'rX5SaHG9LX1531957195', ''),
(9, '', '', '', 'zxyXNBiqID1532031415', ''),
(10, '', '', '', 'xzwRnfNLcA1532242961', ''),
(11, '', '', '', 'B78lS53ZHR1532472896', ''),
(12, '', '', '', 'k9xuN01fKp1532913110', ''),
(13, 'tuan', 'tuan@gmail.com', '1233456', 'hAob1ubuo1533617619', ''),
(14, 'tuan', 'tuan@gmail.com', '1233456', 'FjEQsXCzqc1533624721', ''),
(15, 'jason tran', 'hienhuynh.tigerminigolf@gmail.com', '0902928926', 'J5ToB4u9Ri1533662099', ''),
(16, 'fadsfd', 'tung92.ns@gmail.com', '01658824321', 'uZfbihcuE1533862899', ''),
(17, 'quynh', 'xuanquynh.hjc@gmail.com', '0988115793', 'zvyLpduukG1533921200', ''),
(18, 'tuan', 'truongquangtuan3110@gmail.com', '12334567', '1wXq8GU3NO1535016246', ''),
(19, 'Tina', 'hienhuynh.tigerminigolf@gmail.com', '0932009944', 'IODUKC2YdY1535783103', ''),
(20, 'Tina', 'hienhuynh.tigerminigolf@gmail.com', '0932009944', 'h1K4RBC13S1535783109', ''),
(21, 'Jose Antonio Perez Vacalla', 'joseperezvacalla@gmail.com', '4803765322', 'rLU4O9Ygc1540022354', ''),
(22, 'Maria Eugenia Ortiz Fernandez', 'wr18034@outlook.com', '7876053923', 'Bqh6ErlHl41540628138', ''),
(23, 'Maria Eugenia Ortiz Fernandez', 'wr18034@outlook.com', '7876053923', 'rRMfF0YdB1540628146', ''),
(24, 'Shahrokh Dehpanah', 'shawndehp@gmail.com', '+16508147007', '2e2D6Fzv901542779257', ''),
(25, 'Shahrokh Dehpanah', 'shawndehp@gmail.com', '+16508147007', 'CgocBBcOe21542779848', ''),
(26, 'Alfonso Maria de Ligorio campollo solana', 'blanca.campollo@gmail.com', '5571095477', 'kROD8Nndjy1545887588', ''),
(27, 'Alfonso Maria de Ligorio campollo solana', 'blanca.campollo@gmail.com', '5571095477', 'FtCJbbHwOe1545887596', ''),
(28, 'Alfonso Maria de Ligorio campollo solana', 'blanca.campollo@gmail.com', '5571095477', 'hFtVb9fldl1545887603', ''),
(29, 'Alfonso Maria de Ligorio campollo solana', 'blanca.campollo@gmail.com', '5571095477', '2ycFpW98lS1545887625', ''),
(30, 'Alfonso ', 'blanca.campollo@gmail.com', '5571095477', 'RQkMkVgkrL1545888131', ''),
(31, 'THI BICH HANG BUI', 'hangbui@hotmail.com', '+61432012585', '0vkTGq3nXF1546750975', ''),
(32, 'FENG XIAOMING', 'grace@wxld.cn', '8615852735825', '95ZQ81qkEP1551590913', ''),
(33, 'CHENCHANGLE', '15950822114@163.com', '+8615950822114', '1y3aXVpLcd1552454216', ''),
(34, 'Holly campbell', 'hollyalexandracampbell@gmail.com', '+642108420438', 'RRIlp79TaO1555738358', ''),
(35, 'Holly campbell', 'hollyalexandracampbell@gmail.com', '+642108420438', 'hhak3cCc7l1555738366', ''),
(36, 'CHAO, SHIH WEI', 'tchao69@me.com', '+8613923889202', 'qfgH8Ommij1555740008', ''),
(37, 'TIANYI CHEN', 'chentianyi0902@outlook.com', '+8613771223747', '7F8f9tBOSz1561269131', ''),
(38, 'Chengcheng Liu', 'lcc@36kr.com', '+86-15711066347', 'oJbxpL1toQ1563514356', ''),
(39, 'Chengcheng Liu', 'lcc@36kr.com', '+86-15711066347', 'o8jwdez77K1563514607', ''),
(40, 'yuan，xiaohang', 'xiaohangyuan12@hotmail.com', '008615021088001', 'mDIfYyMPqY1564036920', ''),
(41, 'yuan，xiaohang', 'xiaohangyuan12@hotmail.com', '008615021088001', 'XvejRpNnW81564036928', ''),
(42, '', '', '', '42aR70ia8V1564037949', ''),
(43, 'Fang Cao', 'fangcao31@hotmail.com', '+8613810348247', 'gls60AhvPB1564202986', '');

-- --------------------------------------------------------

--
-- Cấu trúc bảng cho bảng `departure_only`
--

CREATE TABLE `departure_only` (
  `id` int(11) NOT NULL,
  `name` varchar(300) CHARACTER SET utf8 COLLATE utf8_unicode_ci NOT NULL,
  `email` varchar(300) CHARACTER SET utf8 COLLATE utf8_unicode_ci NOT NULL,
  `country` varchar(300) CHARACTER SET utf8 COLLATE utf8_unicode_ci NOT NULL,
  `city` varchar(300) CHARACTER SET utf8 COLLATE utf8_unicode_ci NOT NULL,
  `date` varchar(300) CHARACTER SET utf8 COLLATE utf8_unicode_ci NOT NULL,
  `flight_number` varchar(300) CHARACTER SET utf8 COLLATE utf8_unicode_ci NOT NULL,
  `time` varchar(300) CHARACTER SET utf8 COLLATE utf8_unicode_ci NOT NULL,
  `lead_passenger_name` varchar(300) CHARACTER SET utf8 COLLATE utf8_unicode_ci NOT NULL,
  `welcome` varchar(300) CHARACTER SET utf8 COLLATE utf8_unicode_ci NOT NULL,
  `lead_passenger_mobile` varchar(300) CHARACTER SET utf8 COLLATE utf8_unicode_ci NOT NULL,
  `total` varchar(300) CHARACTER SET utf8 COLLATE utf8_unicode_ci NOT NULL,
  `infants` varchar(300) CHARACTER SET utf8 COLLATE utf8_unicode_ci NOT NULL,
  `if` varchar(300) CHARACTER SET utf8 COLLATE utf8_unicode_ci NOT NULL,
  `porter` varchar(300) CHARACTER SET utf8 COLLATE utf8_unicode_ci NOT NULL,
  `what` varchar(300) CHARACTER SET utf8 COLLATE utf8_unicode_ci NOT NULL,
  `lounge` varchar(300) CHARACTER SET utf8 COLLATE utf8_unicode_ci NOT NULL,
  `want` varchar(300) CHARACTER SET utf8 COLLATE utf8_unicode_ci NOT NULL
) ENGINE=InnoDB DEFAULT CHARSET=latin1;

--
-- Đang đổ dữ liệu cho bảng `departure_only`
--

INSERT INTO `departure_only` (`id`, `name`, `email`, `country`, `city`, `date`, `flight_number`, `time`, `lead_passenger_name`, `welcome`, `lead_passenger_mobile`, `total`, `infants`, `if`, `porter`, `what`, `lounge`, `want`) VALUES
(1, 'tuan', 'tuan@gmail.com', 'Việt Nam', 'Ha noi', '06/12/2018', 'number', 'time', 'lead name', 'welcom', 'lead mobile', '7 Persons', 'One infant is included in total number', 'Yes. If available', 'No porterage required', 'Economy Class Cabin', 'Maybe - send me departure lounge information', 'I am not sure. E Mail me the details.'),
(2, 'tuan', 'tuan@gmail.com', 'Việt Nam', 'Ha noi', '06/12/2018', 'number', 'time', 'lead name', 'welcom', 'lead mobile', '7  Persons', 'One infant is included in total number', 'Yes. If available', 'No porterage required', 'Economy Class Cabin', 'Maybe - send me departure lounge information', 'I am not sure. E Mail me the details.');

-- --------------------------------------------------------

--
-- Cấu trúc bảng cho bảng `languages`
--

CREATE TABLE `languages` (
  `languages_id` int(11) NOT NULL,
  `languages_code` varchar(255) COLLATE utf8_unicode_ci DEFAULT NULL,
  `languages_name` text COLLATE utf8_unicode_ci
) ENGINE=InnoDB DEFAULT CHARSET=utf8 COLLATE=utf8_unicode_ci;

--
-- Đang đổ dữ liệu cho bảng `languages`
--

INSERT INTO `languages` (`languages_id`, `languages_code`, `languages_name`) VALUES
(1, 'vn', 'Tiếng Việt'),
(2, 'en', 'English');

-- --------------------------------------------------------

--
-- Cấu trúc bảng cho bảng `lien_he`
--

CREATE TABLE `lien_he` (
  `id` int(11) NOT NULL,
  `name` varchar(200) CHARACTER SET utf8 NOT NULL,
  `email` varchar(200) NOT NULL,
  `phone` varchar(100) NOT NULL,
  `address` varchar(500) CHARACTER SET utf8 NOT NULL,
  `comment` mediumtext CHARACTER SET utf8 NOT NULL,
  `time` timestamp NOT NULL DEFAULT CURRENT_TIMESTAMP ON UPDATE CURRENT_TIMESTAMP
) ENGINE=InnoDB DEFAULT CHARSET=latin1;

--
-- Đang đổ dữ liệu cho bảng `lien_he`
--

INSERT INTO `lien_he` (`id`, `name`, `email`, `phone`, `address`, `comment`, `time`) VALUES
(1, 'tuấn', 'tuan@gmail.com', '0245', 'Hà Nội', 'ok', '2017-11-29 12:51:52'),
(2, 'Hang Pham Thuy', 'ngockhanh260614@gmail.com', '973378669', 'Thanh Xuân, Thanh Xuân', 'xfghfghfgh', '2017-12-03 04:06:32'),
(3, 'tuấn', 'tuan@gmail.com', '1234567890', 'Hà Nội', 'ok', '2017-12-29 06:50:13'),
(4, 'tuấn', 'tuan@gmail.com', '', 'Hà Nội', 'vietnamfasttrack', '2018-05-07 08:47:40'),
(5, 'SEOAsped', 'amerpropas1967@seocdvig.ru', '', 'http://seorussian.ru', ' \r\nhttp://seorussian.ru/ - бриф на продвижение сайта  - http://seorussian.ru - seorussian.ru', '2018-05-29 10:34:12'),
(6, 'SEOAsped', 'miekisimpna2013@seocdvig.ru', '', 'http://seorussian.ru', '  \r\n<a href=http://seorussian.ru>раскрутка сайтов продвижение</a>   - <a href=http://seorussian.ru>seorussian.ru</a>', '2018-06-18 10:19:17'),
(7, 'Marinadet', 'ammmeliya@yandex.ru', '', 'https://liderpiara.biz/ref/10262', ' \r\n<a href=https://liderpiara.biz/ref/10262>Зарабатываю Вк на своих Друзьях и Подписчиках</a>', '2018-07-04 01:00:48'),
(8, 'john', 'hienhuynh.coin88@gmail.com', '', 'hannambuiding', '', '2018-07-05 15:08:30'),
(9, 'Progonalgot', 'torjuncconsstar1996@plusgmail.ru', '', 'http://xrumer.su/', 'http://xrumer.su/ - Регистрация сайта  в каталогах http://xrumer.su/ - xrumer.su', '2018-07-10 07:21:19'),
(10, 'Progonalgot', 'torjuncconsstar1996@plusgmail.ru', '', 'http://xrumer.su/', 'http://xrumer.su/ - Регистрация сайта  в каталогах http://xrumer.su/ - xrumer.su', '2018-07-23 14:15:31'),
(11, 'pavingalgot', 'stroy@plusgmail.ru', '', 'http://rsk-nn.ru', ' \r\nhttp://rsk-nn.ru - квадратный метр тротуарной плитки   - подробнее на сайте http://rsk-nn.ru - rsk-nn.ru', '2018-07-25 09:53:08'),
(12, 'Magalgot', 'sergei-soyuz-magov-rossii@mail.ru', '', 'https://soyuz-magov-rossii.com', 'Официальный сайт по борьбе с магами-шарлатанами https://soyuz-magov-rossii.com - СОЮЗ МАГОВ РОССИИ - подробнее читайте на сайте https://soyuz-magov-rossii.com - soyuz-magov-rossii.com', '2018-08-10 09:08:28'),
(13, 'Magalgot', 'sergei-soyuz-magov-rossii@mail.ru', '', 'https://soyuz-magov-rossii.com', 'Официальный сайт по борьбе с магами-шарлатанами https://soyuz-magov-rossii.com - СОЮЗ МАГОВ РОССИИ - подробнее читайте на сайте https://soyuz-magov-rossii.com - soyuz-magov-rossii.com', '2018-08-14 15:38:21'),
(14, 'Magalgot', 'sergei-soyuz-magov-rossii@mail.ru', '', 'https://soyuz-magov-rossii.com', 'Официальный сайт по борьбе с магами-шарлатанами https://soyuz-magov-rossii.com - СОЮЗ МАГОВ РОССИИ - подробнее читайте на сайте https://soyuz-magov-rossii.com - soyuz-magov-rossii.com', '2018-08-26 21:57:07'),
(15, 'ArthurCitte', 'telyatewwsewolod@mail.ru', '', 'https://www.meetme.com/apps/redirect/?url=http://www.jarab.tv/', 'Arab Sex Video 3gp Download. Sex 3gp Arab. Www Sex Df6 Org Com.  3gp Indian Sex Mms Free Download. Xxx Madhuri Video. Porn Sex India Video.  Indian Schoolgirl Sex Tube. Raping Video Free Download. Rape Sex Videos Download. Sweet Boobs Tube. Nude Katrina Sexy. Sara Meow Porn. \r\n<a href=http://www.e-cuttingtools.net/__media__/js/netsoltrademark.php?d=www.jarab.tv>Masala Movie Clip </a>\r\n<a href=http://www.sheltersucks.com/__media__/js/netsoltrademark.php?d=www.jarab.tv>Village Girl Tube </a>\r\n<a href=http://www.wineinsiders.biz/__media__/js/netsoltrademark.php?d=www.jarab.tv>Top Incest Porn</a>\r\n<a href=http://www.j-stor.org/__media__/js/netsoltrademark.php?d=www.jarab.tv>Actress Xxx Porn</a>\r\n<a href=http://www.naxoscanada.com/__media__/js/netsoltrademark.php?d=www.jarab.tv/>Real Hot Mms Clip</a>\r\n<a href=http://www.oxford.info/__media__/js/netsoltrademark.php?d=www.jarab.tv>Sl Porn</a>\r\n<a href=http://www.mifa.cz/mifa/redirect.php?url=https://www.jarab.tv/>Top Incest Porn</a>\r\n<a href=http://www.capspa.com/__media__/js/netsoltrademark.php?d=www.jarab.tv>Real South Indian Sex Movies</a>\r\n<a href=http://dollarcostaveraging.com/__media__/js/netsoltrademark.php?d=www.jarab.tv>Aunty Hot Spicy</a>\r\n<a href=http://hackyourself.com/__media__/js/netsoltrademark.php?d=www.jarab.tv>Rape Sex Videos Download </a>\r\n<a href=http://monkconsulting.com/__media__/js/netsoltrademark.php?d=www.jarab.tv>Old Tamil Blue Film</a>\r\n<a href=http://aarif4u.mywibes.com/hindi-sms/share?__xtblog_block_id=1&name=MD.ARIF&share=Tujhse+doori+ka+ehsas+satane+laga,>Meera Actor Sex</a>\r\n<a href=http://www.sv-mama.ru/shared/go.php?url=https://www.jarab.tv/>Pakistani Hidden Cam Sex Tube</a>\r\n<a href=http://wartburgcollege.info/__media__/js/netsoltrademark.php?d=www.jarab.tv>Top Incest Porn</a>\r\n<a href=http://www.toppledelse.biz/__media__/js/netsoltrademark.php?d=www.jarab.tv>Real Hot Mms Clip</a>\r\n<a href=http://www.thebluenile.com/__media__/js/netsoltrademark.php?d=www.jarab.tv>Pakistani Mother Sex  </a>\r\n<a href=http://www.beautyzone.com/__media__/js/netsoltrademark.php?d=www.jarab.tv>Real Homemade Indian</a>\r\n<a href=http://www.roplanzo.com/__media__/js/netsoltrademark.php?d=www.jarab.tv>Village Girl Tube </a>\r\n<a href=http://www.52ts.com/link.php?url=https://www.jarab.tv/>Indian Sexy Video Tube Girl </a>\r\n<a href=http://historicsights.com/__media__/js/netsoltrademark.php?d=www.jarab.tv>Porn Full Movie In Hindi</a>\r\n', '2018-09-05 01:32:30'),
(16, 'richeventrzn', 'frugwarmtheve198@seocdvig.ru', '', 'http://richeventrzn.ru', 'Мы подберем для Вас лучшего специалиста для вашего праздника и уложимся в ваш бюджет - richeventrzn.ru  \r\n	 \r\nhttp://richeventrzn.ru - агенство праздник        и  \r\nhttp://richeventrzn.ru - тамада на свадьбу         \r\n Мы знаем их слабые и сильные стоороны и мы поможем вам выбрать лучшего!', '2018-09-19 10:35:03'),
(17, 'RichEventNN', 'trocweirusi1992@seocdvig.ru', '', 'http://richeventnn.ru', 'Мы подберем для Вас лучшего специалиста для вашего праздника и уложимся в ваш бюджет - richeventnn.ru  \r\n	 \r\n<a href=http://richeventnn.ru>свадьба в нижнем</a>        и  \r\n<a href=http://richeventnn.ru>свадьба в нижнем новгороде</a>        \r\n Мы знаем их слабые и сильные стоороны и мы поможем вам выбрать лучшего!', '2018-09-30 17:44:29'),
(18, 'richeventkaluga', 'frugwarmtheve1988@seocdvig.ru', '', 'http://richeventkaluga.ru', 'Мы подберем для Вас лучшего специалиста для вашего праздника и уложимся в ваш бюджет - richeventkaluga.ru  \r\n	 \r\n<a href=http://richeventkaluga.ru>провести корпоратив Калуга</a>        и  \r\n<a href=http://richeventkaluga.ru>свадьба Калуга</a>        \r\n Мы знаем их слабые и сильные стоороны и мы поможем вам выбрать лучшего!', '2018-10-02 09:27:55'),
(19, 'AntikvarTew', 'narcissovplaton@mail.ru', '', 'https://waterloo-collection.ru', ' \r\n<a href=https://waterloo-collection.ru/category/germaniya/miniatyury-nagrad-1933-45-gg/page/2/>Награды 3 Рейха (миниатюры) - Антиквар 2</a>  - смотрите на сайте антиквариата <a href=https://waterloo-collection.ru>waterloo-collection.ru</a>', '2018-10-23 02:42:59'),
(20, 'Gavin Macaulay', 'gavin@uni-source.co.za', '', '363 Rivonia Boulevard', 'I am trying to book a visa on arrival online just before I biard my flight in 2 hours and keep getting errors?? Plse assist', '2018-10-23 05:24:29'),
(21, 'reklamaalgot', 'reklama@gmail.ru', '', 'http://urgroup.online/', ' \r\nhttp://urgroup.online - пилон  - подробнее на сайте рекламно-производственной компании http://urgroup.online/ - urgroup.online', '2018-10-24 05:59:22'),
(22, 'SEOAsped', 'narcissovplaton@mail.ru', '', 'http://seorussian.ru', ' \r\nчастный мастер- seo оптимизатор мурач дмитрий. здесь вы можете заказать эффективное поисковое <a href=http://seorussian.ru>продвижение сайта</a> частником в москве и мо. полный комлекс услуг по поисковому продвижению сайтов в интернете для достижения максимально возможного результата от вложения в seo. опыт более 10 лет, индивидуальный подход к каждому клиенту!  - <a href=http://seorussian.ru>seorussian.ru</a>', '2018-11-22 01:21:52'),
(23, 'ClieeWem', 'angmay_youandme@yahoo.com', '', 'https://rebrand.ly/governy#U13', 'Can you! need something startup new? Take a look at this link. Only here the choice of horny for every unique guy and completely free! They are good slaves, they will and want do anything you say ! \r\nhttps://rebrand.ly/governy#D23', '2018-11-25 07:11:16'),
(24, 'jerrome', 'american_blvrd@yahoo.com', '', 'http://bit.ly/2ys28IR', 'Ciao! Here is  an amazing - Awesome welcome offer of up to $/€ 1600 free.  To qualify click on the link below. http://bit.ly/2J7XzYo', '2018-11-27 15:39:02'),
(25, 'Florian Constantin Hock', 'florian.hoeck@arcor.de', '', 'Frolingstraße 15 61352 Bad Homburg', 'Transaction code: 4CM83684BH286694R\r\nLetter of Number 4366 dated 01 Dec 2018\r\n\r\nHello,\r\nI bought a Visa with your agency last Saturday between 12:30 p.m and 01:30 p.m.\r\n\r\nThe price was 220 USD and I paid with Paypal. Would you be so kind to send me a formal invoice for this deal to my email address florian.hoeck@outlook.de ?\r\n\r\nThank you in advance.\r\nBest regards,\r\nFlorian', '2018-12-04 05:54:42'),
(26, 'JamesRet', 'silva.sheveleva.52@inbox.ru', '', 'http://dn2i.com/shopping/toys_hobbies/rss.xml', 'http://alistsites.com/Health/Dental/Computers/Services/Health/Dental/Forums/General_forums/Shopping/Toys_hobbies/?p=2\r\nhttp://factbites.com/topics/Ernie-(Sesame-Street)\r\nhttp://phones.com/forum/thread/1590/6361/\r\nhttp://globalshopex.com/mall/apparel_es.asp\r\nhttp://addsite.info/subcategory/subcat_880_1.php\r\n', '2018-12-05 11:26:29'),
(27, 'Detmebalgot', 'artyom-pokrovskiy-1970@bk.ru', '', 'http://xn--80achebb5amfoa3bm2mpb.xn--p1ai', 'Детская мебель на заказ в Нижнем Новгороде - <a href=http://xn--80achebb5amfoa3bm2mpb.xn--p1ai>детскаямебельнн.рф</a> \r\n \r\n<a href=http://xn--80achebb5amfoa3bm2mpb.xn--p1ai> купить мебель для детей на заказ</a>       ', '2018-12-10 22:11:18'),
(28, 'Kuhnialgot', 'scatresnasemb1995@seocdvig.ru', '', 'http://xn----ttbhac9ao5f.xn--p1ai', 'Кухни на заказ Нижний Новгород - http://xn----ttbhac9ao5f.xn--p1ai - нн-кухня.рф \r\n \r\nhttp://xn----ttbhac9ao5f.xn--p1ai -  мебель для кухни       ', '2018-12-11 14:11:23'),
(29, 'GeraldMelty', 'juha.kotilainen@al.se', '', 'http://bit.ly/2Pv7QQ2', ' Hey Fair evaluation ! a amercementthe hour \r\n Unbiased click \r\n \r\n \r\nhttp://bit.ly/2Pubcmc', '2018-12-11 23:23:56'),
(30, 'Kuhnialgot', 'shulcz.nikolaj.89@mail.ru', '', 'http://kuhni-nn.ru', 'Кухни на заказ Нижний Новгород - <a href=http://kuhni-nn.ru>kuhni-nn.ru</a> \r\n \r\n<a href=http://kuhni-nn.ru> купить кухню в недорого</a>       ', '2018-12-12 01:39:49'),
(31, 'Detmebalgot', 'filippov.denis.filippov.1997.de@mail.ru', '', 'http://1-meb.ru', 'Детская мебель на заказ в Нижнем Новгороде - http://1-meb.ru - 1-meb.ru \r\n \r\nhttp://1-meb.ru -  мебель для детской комнаты       ', '2018-12-13 07:17:59'),
(32, 'Ofismebalgot', 'kirya.mironov.1974@list.ru', '', 'http://mebelnayafirma.ru', 'Офиская мебель на заказ Нижний Новгород - <a href=http://mebelnayafirma.ru>mebelnayafirma.ru</a> \r\n \r\n<a href=http://mebelnayafirma.ru> офисная мебель</a>       ', '2018-12-13 17:38:00'),
(33, 'Antarctalian', 'winniethepooh13@myspace.com', '', 'http://bit.ly/2J7g530', 'Hi! That is an important offers offering for you.  To qualify click on the link below. http://bit.ly/2ysFL6l', '2018-12-14 19:45:57'),
(34, 'Kuhnialgot', 'ignatev_german_ignatev_1997_ger@mail.ru', '', 'http://xn--h1adjba6ao.xn--p1ai', 'Кухни на заказ Нижний Новгород - [url=http://xn--h1adjba6ao.xn--p1ai]кухнинн.рф[/url] \r\n \r\n[url=http://xn--h1adjba6ao.xn--p1ai] классические и современные кухни[/url]       ', '2018-12-15 10:29:53'),
(35, 'Josephchict', 'jonas.norlin@eurocon.se', '', 'http://bit.ly/2PuNq9y', ' Hy there,  What we betray here is , an freakydonation \r\n To planned click on the bond unequal of  \r\n \r\n \r\nhttp://bit.ly/2UtE5CK', '2018-12-15 12:39:45'),
(36, 'Bedroomalgot', 'bykov.ilya.2019@list.ru', '', 'http://xn----7sbylkcajr7i.xn--p1ai', 'Мебель для спальни на заказ в Нижнем Новгороде - http://xn----7sbylkcajr7i.xn--p1ai - спальни-нн.рф \r\n \r\nhttp://xn----7sbylkcajr7i.xn--p1ai - спальни заказ изготовление проект доставка       ', '2018-12-15 23:16:36'),
(37, 'Ofismebalgot', 'zaxarov.aleksej.68@inbox.ru', '', 'http://xn----7sbdpbozehhab4b2b7itb.xn--p1ai', 'Офиская мебель на заказ Нижний Новгород - <a href=http://xn----7sbdpbozehhab4b2b7itb.xn--p1ai>офиснаямебель-нн.рф</a> \r\n \r\n<a href=http://xn----7sbdpbozehhab4b2b7itb.xn--p1ai> производство мебели</a>       ', '2018-12-16 01:11:59'),
(38, 'Roomalgot', 'vlasov.egor.71@list.ru', '', 'http://xn--90aeccbuhmbetakd5bq8n6b.xn--p1ai', 'Стенки на заказ в Нижнем Новгороде - http://xn--90aeccbuhmbetakd5bq8n6b.xn--p1ai - мебельдлягостинной.рф \r\n \r\nhttp://xn--90aeccbuhmbetakd5bq8n6b.xn--p1ai - шкафы фото стенки на заказ       ', '2018-12-16 01:50:21'),
(39, 'Alexisneify', 'jonkoping@fotexperten.se', '', 'http://red.studygood.com/BrdvtqHk', ' Hi What we treat here is , nicecontribution \r\n To reap the slope click on the component in this macrocosm  \r\n \r\n \r\nhttp://red.studygood.com/25bg3R2m', '2018-12-19 22:40:25'),
(40, 'Hallwaybalgot', 'filippov.dmitrij.76@bk.ru', '', 'http://salonshkafkupe.ru', 'Мебель в прихожию на заказ в Нижнем Новгороде - <a href=http://salonshkafkupe.ru>salonshkafkupe.ru</a> \r\n \r\n<a href=http://salonshkafkupe.ru>купить прихожую в Нижнем Новгороде</a>       ', '2018-12-21 15:03:01'),
(41, 'Hallwayalgot', 'lyonya-gusev@list.ru', '', 'http://xn----7sbrh2aacgj5c3g.xn--p1ai', 'Мебель в прихожию на заказ в Нижнем Новгороде - <a href=http://xn----7sbrh2aacgj5c3g.xn--p1ai>прихожая-нн.рф</a> \r\n \r\n<a href=http://xn----7sbrh2aacgj5c3g.xn--p1ai>мебель</a>       ', '2018-12-21 15:55:40'),
(42, 'Kuhnialgot', 'den-antonov-1982@bk.ru', '', 'http://xn----stbjba6ao5f.xn--p1ai', 'Кухни на заказ Нижний Новгород - <a href=http://xn----stbjba6ao5f.xn--p1ai>кухня-нн.рф</a> \r\n \r\n<a href=http://xn----stbjba6ao5f.xn--p1ai> кухонные гарнитуры эконом класса цены</a>       ', '2018-12-21 20:55:43'),
(43, 'Everettalgot', 'glyctimanri1970@plusgmail.ru', '', 'http://мебель-шкаф.рф', 'http://мебель-шкаф.рф - шкафы купе \r\nhttp://мебель-шкаф.рф - шкафы купе на заказ \r\nhttp://мебель-шкаф.рф - шкафы купе недорого \r\nhttp://мебель-шкаф.рф - угловые шкафы купе \r\nhttp://мебель-шкаф.рф - шкафы купе фото \r\nhttp://мебель-шкаф.рф - встроенные шкафы купе \r\nhttp://мебель-шкаф.рф - шкафы купе каталог \r\nhttp://мебель-шкаф.рф - куплю шкаф купе \r\nhttp://мебель-шкаф.рф - купить шкаф купе \r\nhttp://мебель-шкаф.рф - шкафы купе цены \r\nhttp://мебель-шкаф.рф - дверь для шкафа купе \r\nhttp://мебель-шкаф.рф - двери для шкафов купе \r\nhttp://мебель-шкаф.рф - мебель шкафы купе \r\nhttp://мебель-шкаф.рф - фурнитура для шкафов купе \r\nhttp://мебель-шкаф.рф - наполнение шкафа купе \r\nhttp://мебель-шкаф.рф - шкафы купе москва \r\nhttp://мебель-шкаф.рф - изготовление шкафов купе \r\nhttp://мебель-шкаф.рф - комплектующие для шкафов купе \r\nhttp://мебель-шкаф.рф - сборка шкафа купе \r\nhttp://мебель-шкаф.рф - расчет шкафа купе \r\nhttp://мебель-шкаф.рф - готовые шкафы купе \r\nhttp://мебель-шкаф.рф - дизайн шкафов купе \r\nhttp://мебель-шкаф.рф - дизайны шкафов купе \r\nhttp://мебель-шкаф.рф - шкаф купе в прихожую \r\nhttp://мебель-шкаф.рф - стоимость шкафа купе \r\nhttp://мебель-шкаф.рф - магазины шкаф купе \r\nhttp://мебель-шкаф.рф - дешевые шкафы купе \r\nhttp://мебель-шкаф.рф - заказать шкаф купе \r\nhttp://мебель-шкаф.рф - схема шкафа купе \r\nhttp://мебель-шкаф.рф - производство шкафов купе \r\nhttp://мебель-шкаф.рф - профиль для шкафов купе \r\nhttp://мебель-шкаф.рф - распродажа шкафов купе \r\nhttp://мебель-шкаф.рф - найди шкафы купе \r\nhttp://мебель-шкаф.рф - шкафы купе от производителя \r\nhttp://мебель-шкаф.рф - шкафы купе продажа \r\nhttp://мебель-шкаф.рф - раздвижные шкафы купе \r\nhttp://мебель-шкаф.рф - мебельные шкафы купе \r\nhttp://мебель-шкаф.рф - шкафы купе на заказ недорого \r\nhttp://мебель-шкаф.рф - размеры шкаф купе \r\nhttp://мебель-шкаф.рф - шкаф купе проект \r\nhttp://мебель-шкаф.рф - угловые шкафы купе фото \r\nhttp://мебель-шкаф.рф - шкаф купе эконом \r\nhttp://мебель-шкаф.рф - фабрика мебели \r\nhttp://мебель-шкаф.рф - производство мебели \r\nhttp://мебель-шкаф.рф - кухонная мебель \r\nhttp://мебель-шкаф.рф - мебель на заказ \r\nhttp://мебель-шкаф.рф - корпусная мебель \r\nhttp://мебель-шкаф.рф - гостиная мебель \r\nhttp://мебель-шкаф.рф - мебель для кухни \r\nhttp://мебель-шкаф.рф - купить мебель \r\nhttp://мебель-шкаф.рф - мебель для гостиной \r\nhttp://мебель-шкаф.рф - мебель для гостиных \r\nhttp://мебель-шкаф.рф - каталог мебели \r\nhttp://мебель-шкаф.рф - мебель для комнаты \r\nhttp://мебель-шкаф.рф - производители мебели \r\nhttp://мебель-шкаф.рф - продажа мебели \r\nhttp://мебель-шкаф.рф - изготовление мебели \r\nhttp://мебель-шкаф.рф - прихожие мебель \r\nhttp://мебель-шкаф.рф - мебель для спален \r\nhttp://мебель-шкаф.рф - мебель для спальни \r\nhttp://мебель-шкаф.рф - мебель для ванной комнаты \r\nhttp://мебель-шкаф.рф - модульная мебель \r\nhttp://мебель-шкаф.рф - ремонт мебели \r\nhttp://мебель-шкаф.рф - мебель для офиса \r\nhttp://мебель-шкаф.рф - салон мебели \r\nhttp://мебель-шкаф.рф - мебель для дачи \r\nhttp://мебель-шкаф.рф - фото мебель \r\nhttp://мебель-шкаф.рф - мебель для дома \r\nhttp://мебель-шкаф.рф - недорогая мебель \r\nhttp://мебель-шкаф.рф - сборка мебели \r\nhttp://мебель-шкаф.рф - мебель дешевле \r\nhttp://мебель-шкаф.рф - дешевая мебель \r\nhttp://мебель-шкаф.рф - мебель шкафы \r\nhttp://мебель-шкаф.рф - дизайн мебели \r\nhttp://мебель-шкаф.рф - прихожии мебель \r\nhttp://мебель-шкаф.рф - сайт мебели \r\nhttp://мебель-шкаф.рф - мебель для детской комнаты \r\nhttp://мебель-шкаф.рф - сборка мебели \r\nhttp://мебель-шкаф.рф - мебель для детской комнаты \r\nhttp://мебель-шкаф.рф - стенки мебель \r\nhttp://мебель-шкаф.рф - цены на мебель \r\nhttp://мебель-шкаф.рф - сайт мебели \r\nhttp://мебель-шкаф.рф - мебель для детского сада \r\nhttp://мебель-шкаф.рф - прайс мебель \r\nhttp://мебель-шкаф.рф - прихожии мебель \r\nhttp://мебель-шкаф.рф - мебель недорого \r\nhttp://мебель-шкаф.рф - мебель для дачи \r\nhttp://мебель-шкаф.рф - размеры мебели \r\nhttp://мебель-шкаф.рф - дешевая мебель \r\nhttp://мебель-шкаф.рф - мебель дешевле \r\nhttp://мебель-шкаф.рф - дизайнер мебели \r\nhttp://мебель-шкаф.рф - встроенная мебель \r\nhttp://мебель-шкаф.рф - мебель фасады \r\nhttp://мебель-шкаф.рф - производство корпусной мебели \r\nhttp://мебель-шкаф.рф - мебель купе \r\nhttp://мебель-шкаф.рф - материал для мебели \r\nhttp://мебель-шкаф.рф - офисная мебель россии \r\nhttp://мебель-шкаф.рф - мебель \r\nhttp://мебель-шкаф.рф - изготовление корпусной мебели \r\nhttp://мебель-шкаф.рф - современная мебель \r\nhttp://мебель-шкаф.рф - изготовление мебели на заказ \r\nhttp://мебель-шкаф.рф - мебель для гостинной \r\nhttp://мебель-шкаф.рф - мебель для ресторанов \r\nhttp://мебель-шкаф.рф - офисная мебель москва \r\nhttp://мебель-шкаф.рф - мебель компьютерная \r\nhttp://мебель-шкаф.рф - библиотека мебель \r\nhttp://мебель-шкаф.рф - мебель шкафы купе \r\nhttp://мебель-шкаф.рф - офисная мебель заказ \r\nhttp://мебель-шкаф.рф - индивидуальная мебель \r\nhttp://мебель-шкаф.рф - мебель для кухни фото \r\nhttp://мебель-шкаф.рф - мебель для гостиниц \r\nhttp://мебель-шкаф.рф - мебель для зала \r\nhttp://мебель-шкаф.рф - корпусная мебель на заказ \r\nhttp://мебель-шкаф.рф - мебель для квартиры \r\nhttp://мебель-шкаф.рф - элементы мебели \r\nhttp://мебель-шкаф.рф - мебель скидки \r\nhttp://мебель-шкаф.рф - мебель из дсп \r\nhttp://мебель-шкаф.рф - мебель для кабинета \r\nhttp://мебель-шкаф.рф - офисная мебель под заказ \r\nhttp://мебель-шкаф.рф - стоимость мебели \r\nhttp://мебель-шкаф.рф - корпусная мебель гостиная \r\nhttp://мебель-шкаф.рф - хорошая мебель \r\nhttp://мебель-шкаф.рф - шкаф \r\nhttp://мебель-шкаф.рф - шкафы купе \r\nhttp://мебель-шкаф.рф - фото шкафы \r\nhttp://мебель-шкаф.рф - угловой шкаф \r\nhttp://мебель-шкаф.рф - встроенные шкафы \r\nhttp://мебель-шкаф.рф - шкафы купе фото \r\nhttp://мебель-шкаф.рф - шкафы на заказ \r\nhttp://мебель-шкаф.рф - шкаф дверь \r\nhttp://мебель-шкаф.рф - двери шкафа \r\nhttp://мебель-шкаф.рф - куплю шкаф \r\nhttp://мебель-шкаф.рф - шкаф купить \r\nhttp://мебель-шкаф.рф - шкафы купе на заказ \r\nhttp://мебель-шкаф.рф - каталог шкафов \r\nhttp://мебель-шкаф.рф - шкафы купе каталог \r\nhttp://мебель-шкаф.рф - шкаф купе угловой \r\nhttp://мебель-шкаф.рф - двери шкафов купе \r\nhttp://мебель-шкаф.рф - мебель шкафы \r\nhttp://мебель-шкаф.рф - шкафы для одежды \r\nhttp://мебель-шкаф.рф - дизайн шкафа \r\nhttp://мебель-шкаф.рф - шкаф недорого \r\nhttp://мебель-шкаф.рф - книжный шкаф \r\nhttp://мебель-шкаф.рф - шкафы купе недорого \r\nhttp://мебель-шкаф.рф - шкафы купе цены \r\nhttp://мебель-шкаф.рф - изготовление шкафов \r\nhttp://мебель-шкаф.рф - купить шкаф купе \r\nhttp://мебель-шкаф.рф - встроенные шкафы купе \r\nhttp://мебель-шкаф.рф - дизайн шкафов купе \r\nhttp://мебель-шкаф.рф - дизайны шкафов купе \r\nhttp://мебель-шкаф.рф - наполнение шкафа \r\nhttp://мебель-шкаф.рф - сборка шкафов \r\nhttp://мебель-шкаф.рф - раздвижные шкафы \r\nhttp://мебель-шкаф.рф - расчет шкафа купе \r\nhttp://мебель-шкаф.рф - производство шкафов \r\nhttp://мебель-шкаф.рф - размеры шкафов \r\nhttp://мебель-шкаф.рф - фасады шкафов купе \r\nhttp://мебель-шкаф.рф - шкаф купе наполнение \r\nhttp://мебель-шкаф.рф - зеркало шкаф \r\nhttp://мебель-шкаф.рф - шкаф прайс \r\nhttp://мебель-шкаф.рф - кухонный шкаф \r\nhttp://мебель-шкаф.рф - встроенный духовой шкаф \r\nhttp://мебель-шкаф.рф - мебель шкафы купе \r\nhttp://мебель-шкаф.рф - фурнитура для шкафов \r\nhttp://мебель-шкаф.рф - шкаф в прихожую \r\nhttp://мебель-шкаф.рф - стоимость шкафы \r\nhttp://мебель-шкаф.рф - изготовление шкафов купе \r\nhttp://мебель-шкаф.рф - сборка шкафа купе \r\nhttp://мебель-шкаф.рф - цены на шкафы \r\nhttp://мебель-шкаф.рф - раздвижные шкафы купе \r\nhttp://мебель-шкаф.рф - шкафы купэ \r\nhttp://мебель-шкаф.рф - силовой шкаф \r\nhttp://мебель-шкаф.рф - продажа шкафов \r\nhttp://мебель-шкаф.рф - офисный шкаф \r\nhttp://мебель-шкаф.рф - фурнитура для шкафов купе \r\nhttp://мебель-шкаф.рф - духовой шкаф газовый \r\nhttp://мебель-шкаф.рф - шкаф стеллаж \r\nhttp://мебель-шкаф.рф - схемы шкафы купе \r\nhttp://мебель-шкаф.рф - шкаф купе проект \r\nhttp://мебель-шкаф.рф - настенный шкаф \r\nhttp://мебель-шкаф.рф - дверь для шкафа купе \r\nhttp://мебель-шкаф.рф - шкаф витрина \r\nhttp://мебель-шкаф.рф - фильм шкаф \r\nhttp://мебель-шкаф.рф - шкаф купе стоимость \r\nhttp://мебель-шкаф.рф - системы для шкафов купе \r\nhttp://мебель-шкаф.рф - рисунки на шкафы купе \r\nhttp://мебель-шкаф.рф - шкаф навесной \r\nhttp://мебель-шкаф.рф - профиль для шкафов \r\nhttp://мебель-шкаф.рф - конструкция шкафа \r\nhttp://мебель-шкаф.рф - стенки шкафы \r\nhttp://мебель-шкаф.рф - шкаф на балкон \r\nhttp://мебель-шкаф.рф - гардеробные шкафы \r\nhttp://мебель-шкаф.рф - модели шкафов \r\nhttp://мебель-шкаф.рф - шкаф для обуви \r\nhttp://мебель-шкаф.рф - профиль для шкафов купе \r\nhttp://мебель-шкаф.рф - шкаф купе в прихожую \r\nhttp://мебель-шкаф.рф - платяной шкаф \r\nhttp://мебель-шкаф.рф - собрать шкаф \r\nhttp://мебель-шкаф.рф - мебельный шкаф \r\nhttp://мебель-шкаф.рф - шкаф купе скачать \r\nhttp://мебель-шкаф.рф - шкаф для хранения \r\nhttp://мебель-шкаф.рф - раздвижные системы для шкафов \r\nhttp://мебель-шкаф.рф - шкаф для посуды \r\nhttp://мебель-шкаф.рф - шкафы в картинках \r\nhttp://мебель-шкаф.рф - шкаф описание \r\nhttp://мебель-шкаф.рф - корпусные шкафы \r\nhttp://мебель-шкаф.рф - кухни шкафы купе \r\nhttp://мебель-шкаф.рф - размеры шкаф купе \r\nhttp://мебель-шкаф.рф - готовые шкафы \r\nhttp://мебель-шкаф.рф - шкафы под заказ \r\nhttp://мебель-шкаф.рф - куплю шкаф \r\nhttp://мебель-шкаф.рф - шкаф купить \r\nhttp://мебель-шкаф.рф - купить шкаф купе', '2018-12-22 04:23:01'),
(44, 'Detmebalgot', 'vorobyov.rostislav.81@bk.ru', '', 'http://a2mebel.ru', 'Детская мебель на заказ в Нижнем Новгороде - <a href=http://a2mebel.ru>a2mebel.ru</a> \r\n \r\n<a href=http://a2mebel.ru>мебель</a>       ', '2018-12-22 08:19:56'),
(45, 'Thomassougs', 'erica.tibbling@gmail.com', '', 'http://bit.ly/2rKFtUq', ' Hey What we brood on here is , a thingsallocate \r\n To equipped click on the concern a adverse underneath  \r\n \r\n \r\nhttp://bit.ly/2rKzMGb', '2018-12-23 02:38:29'),
(46, 'Ofismebalgot', 'matveev.bogdan.1985@bk.ru', '', 'http://plus-mebel.ru', 'Офиская мебель на заказ Нижний Новгород - http://plus-mebel.ru - plus-mebel.ru \r\n \r\nhttp://plus-mebel.ru -  шкафы для документов б/у       ', '2018-12-24 01:15:39'),
(47, 'Bedroomalgot', 'bykov.ilya.2019@list.ru', '', 'http://xn----7sbylkcajr7i.xn--p1ai', 'Мебель для спальни на заказ в Нижнем Новгороде - http://xn----7sbylkcajr7i.xn--p1ai - спальни-нн.рф \r\n \r\nhttp://xn----7sbylkcajr7i.xn--p1ai - спальни из массива Нижний Новгород       ', '2018-12-24 15:22:35'),
(48, 'DavidDah', 'contact.danserasaintorens@gmail.com', '', 'http://bit.ly/2QP0Til', ' Hy there,  What we betray here is , an incessant liedevalue up for the treatment of sale \r\n Square click on the locale subsumed under to equipped  \r\n \r\n \r\nhttp://bit.ly/2EOXxon', '2018-12-26 12:48:00'),
(49, 'SEOAsped', 'tabuddworlforc1970@seocdvig.ru', '', 'http://www.seorussian.ru', ' \r\nseorussian.ru - Продвижение сайта              \r\n \r\nhttp://www.seorussian.ru - Продвижение сайта     \r\n \r\nhttp://www.seorussian.ru/Izgotovlenie-saytov.html - Изготовление сайта    ', '2018-12-28 06:32:53'),
(50, 'JoshuaCaw', 'navarra.associati@gmail.com', '', 'http://bit.ly/2EVDK6H', ' Hey What we maintain here is , a okoffers \r\n Principled click on the bond subordinate to to qualify  \r\n \r\n \r\nhttp://bit.ly/2ERLJl7', '2018-12-30 06:38:50'),
(51, 'Phalangistidae', '1982schmidt@googlemail.com', '', 'http://bit.ly/2yrT32W', 'Good day! Please note a best - slots, roulette and blackjack games.   http://bit.ly/2yvrMwp', '2019-01-01 02:53:13'),
(52, 'Williamasync', 'tryggve.thyresson@gmail.com', '', 'https://drive.google.com/file/d/1UuM2im-ycerfXpFY5b7Rgn-i_7402J2O/preview', ' Hy there,  an sombrecontribution \r\n Are you in?  \r\n \r\n \r\nhttps://drive.google.com/file/d/17Z1-n87xtX75g7lTcpkUctDLA8y3ElQd/preview', '2019-01-03 23:38:33'),
(53, 'NATALIA PRUTTSEVA', 'lyonvipfly@gmail.com', '', 'Rostov', 'Dear VN FAST TRACK TEAM! Could you please advise the booking possibility of FASTTRACK service in NOI BAI INTL 09JAN19 .  4 PAX arrive to domestic terminal 1, Depart from intl terminal 2. They need an assistance - to pick up baggage from domestic flight and change terminals quickly. What is the price, if such service is possible. Thank you in advance, Natalia\r\n', '2019-01-07 10:52:32'),
(54, 'EnriqueMig', 'erreventura@gmail.com', '', 'https://drive.google.com/file/d/1ABHI71vuJrM_pC8ofsZYjQ1gOrCKaM_o/preview', ' Hy there,  Look what we have for you! an amazingoffering \r\n Just click \r\n \r\nhttps://drive.google.com/file/d/1R2IJQ428UhmDHeOzu8K53YSkRdAvgt5T/preview', '2019-01-08 06:49:11'),
(55, 'prooknann', 'crosexspacod2008@mail.ru', '', 'http://prooknann.ru', ' \r\n<a href=http://prooknann.ru/Izgotovlenie-i-montazh-okon-iz-PVH.html>срочное изготовление стеклопакетов</a> ', '2019-01-10 03:19:09'),
(56, 'remokna-nn', 'arnidipe1963@mail.ru', '', 'http://remokna-nn.ru', ' \r\n<a href=http://remokna-nn.ru>регулировка фурнитуры окон</a> ', '2019-01-10 19:31:36'),
(57, 'AntikHeIce', 'rudenoknazar694@mail.ru', '', 'https://waterloo-collection.ru', ' \r\nhttps://waterloo-collection.ru/39349/ - Жетон — в память 100-летия Отечественной войны 1812 года — купить    - смотрите на сайте антиквариата https://waterloo-collection.ru - waterloo-collection.ru', '2019-01-11 19:32:59'),
(58, 'Jamessteam', 'greaterdawrai@gmail.com', '', 'https://drive.google.com/file/d/114zEeXVs9OHEu27BqcacXTu0jqSgc1Jx/preview', '  Good news ! an interestingoffers \r\n Are you in?  \r\n \r\nhttps://drive.google.com/file/d/1qDUAC4DYWFJqfpFxQXPOA4y1762f1CnR/preview', '2019-01-13 02:29:46'),
(59, 'YANG ZHEN', '1104477697@qq.com', '', 'No. 26, Beijiao Toad, Qianyuan Town, Deqing County, Zhejiang Province, China.', 'Passport E28825042', '2019-01-13 05:53:19'),
(60, 'pavingalgot', 'kutepowalidiya1993748@mail.ru', '', 'http://sip5.ru', ' \r\n<a href=http://sip5.ru>мощение тротуарной плиткой</a>   - подробнее на сайте <a href=http://sip5.ru>sip5.ru</a>', '2019-01-17 22:49:57'),
(61, 'EdmundBaisp', 'colonicvitalityuk@gmail.com', '', 'bit.ly/2SWaOQ0', ' Hy there,  Look what we be experiencing looking for you! an provocativeoffers \r\n To condition click on the link under    bit.ly/2SUB7pA', '2019-01-19 12:24:32'),
(62, 'advokatalgot', 'rogozhnikowleopold97@mail.ru', '', 'http://zakon-nn.ru', ' \r\nhttp://zakon-nn.ru -  Оформление дарения         - http://zakon-nn.ru - zakon-nn.ru', '2019-01-23 07:26:10'),
(63, 'Jamester', 'frostbittenbjd@gmail.com', '', 'http://servicerubin.ru', ' Hy there,  Look what we have for you! an interestingoffers \r\n Just click   http://servicerubin.ru', '2019-01-23 23:48:57'),
(64, 'forumalgot', 'forum@ww2.ru', '', 'https://forum.ww2.ru/', 'Благодаря ссылке из тем форумов зашел в данный магазин. Продают https://ww2.ru/ - антикварное фуфло предметы, заведомо выставляется на продажу как оригинальный. Тут продавца извинить уже ничего не может. Одни подделки по немыслемым ценам - подробнее на сайте https://forum.ww2.ru/ - антикварное фуфло', '2019-01-25 18:02:35'),
(65, 'reklamaalgot', 'neusypaevmiroslav1998@mail.ru', '', 'http://urgroup.online/', ' \r\n<a href=http://urgroup.online>оформление рекламы</a>  - подробнее на сайте рекламно-производственной компании <a href=http://urgroup.online/>urgroup.online</a>', '2019-01-25 19:22:10'),
(66, 'NNW', '1976730703@qq.com', '', 'http://bit.ly/2JasvHt', 'Hi! There is a good bonus - more than 400 incredible games & 300 top online slots waiting for you.  Just click on the link below to qualify. http://bit.ly/2J78524', '2019-01-27 21:18:16'),
(67, 'Stephenthymn', 'archsinfonia@gmail.com', '', 'http://bit.ly/2S3yyo9', ' Hy there,  What we acquire here is , a palatabledonation \r\n To make eligible click on the association under    http://bit.ly/2S39EoM', '2019-01-28 06:24:22'),
(68, 'forumalgot', 'forum@ww2.ru', '', 'https://forum.ww2.ru/', 'Благодаря ссылке из тем форумов зашел в данный магазин. Продают https://ww2.ru/ - антикварное фуфло предметы, заведомо выставляется на продажу как оригинальный. Тут продавца извинить уже ничего не может. Одни подделки по немыслемым ценам - подробнее на сайте https://forum.ww2.ru/ - антикварное фуфло', '2019-01-29 01:30:59'),
(69, 'RobertRem', 'achievingyourpotential@gmail.com', '', 'http://bit.ly/2S3YZtH', ' Hi Actual news ! delightfullytender \r\n Are you in?    http://bit.ly/2S3Aj4J', '2019-02-01 02:18:29'),
(70, 'RobertRem', 'cilla.kew@gmail.com', '', 'http://bit.ly/2S407xt', ' Hi What we clothed here is , a palatableoffers \r\n Are you in?    http://bit.ly/2S3K2YM', '2019-02-05 02:03:23'),
(71, 'Josephwhige', 'ghinilambor700@yahoo.com', '', 'http://dcbtc.info', 'Hello! \r\n \r\nWe spend third part of our lives at work. How to spend this time with benefit? \r\n \r\nYou can grow bitcoins by 10% spending 5 minutes a day! \r\nQuicker than a cup of coffee \r\n \r\nhttp://dcbtc.info increases bitcoins by 10% in 48 hours. \r\nYou will automatically make a profit on your bitcoin wallet. \r\n \r\nStart participating and make a profit! \r\nGuaranteed by the blockchain technology!', '2019-02-13 09:04:09'),
(72, 'Otelalgot', 'donichwyacheslaw35@mail.ru', '', 'http://vladimir-otel.ru', 'Недорогой отель Владимирский находится рядом с центром Нижнего Новгорода. Ближайшая станция метро Ленинская находится в 640 м от гостиницы, что позволяет попасть в центр города за 10-15 минут. Гостиница располагается в Нижнем Новгороде рядом с ЖД вокзалом. \r\n	 \r\n<a href=http://vladimir-otel.ru>Отель Нижний Новгород</a> ', '2019-02-13 22:43:46'),
(73, 'Santehalgot', 'olgaparaewa1625@mail.ru', '', 'http://xn----7sbpmkpbda5an1b.xn--p1ai', '<a href=http://xn----7sbpmkpbda5an1b.xn--p1ai>сантехник-нн.рф</a> -  \r\n<a href=http://xn----7sbpmkpbda5an1b.xn--p1ai>сантехника в нижнем</a> ', '2019-02-19 17:30:26'),
(74, 'elektriksanalgot', 'shponowamiloslawa@mail.ru', '', 'http://santechnik-elektrik.ru', 'http://santechnik-elektrik.ru - santechnik-elektrik.ru -  \r\nhttp://santechnik-elektrik.ru - сантехник 24 часа ', '2019-02-20 05:44:05'),
(75, 'patte', 'victorcamchica@mail.ru', '', 'https://www.fiverr.com/share/128m5', 'Hi! Behold is  an amazing offering for you. I can send your commercial offers or messages through feedback forms. Mailing is made in the same way you received this message. \r\nMore information on this link. http://bit.ly/2TUPjzr \r\nWhen you register using this link, you will receive a 20% discount on your first purchase. http://www.fiverr.com/s2/1857bb1909 \r\nSorry to bother you.', '2019-02-22 23:20:59'),
(76, 'WilliamEvivy', 'lovepoems2018@gmail.com', '', 'http://servicerubin.ru', ' Hy there,  Passable information ! a goodoffering \r\n Just click on the component under to prepare  \r\n \r\nhttp://servicerubin.ru', '2019-02-23 01:38:08'),
(77, 'DavidSkins', 'bandhotspace@gmail.com', '', 'http://servicerubin.ru', '  Look what we get in the service of you! a purepresent \r\n Are you in?  \r\nhttp://servicerubin.ru', '2019-02-24 09:59:00'),
(78, 'Electricalgot', 'makarishinvitalik997851@mail.ru', '', 'http://xn----itbjaibdwayv2k.xn--p1ai', 'http://xn----itbjaibdwayv2k.xn--p1ai - электрики-нн.рф -  \r\nhttp://xn----itbjaibdwayv2k.xn--p1ai - электрик на дачу ', '2019-02-25 12:33:57'),
(79, 'Santehalgot', 'xristinaborykova198265@mail.ru', '', 'http://santex-nn.ru', '<a href=http://santex-nn.ru>santex-nn.ru</a> -  \r\n<a href=http://santex-nn.ru>заказать отопление</a> ', '2019-02-26 05:00:04'),
(80, 'Otelalgot', 'donichwyacheslaw35@mail.ru', '', 'http://vladimir-otel.ru', 'Недорогой отель Владимирский находится рядом с центром Нижнего Новгорода. Ближайшая станция метро Ленинская находится в 640 м от гостиницы, что позволяет попасть в центр города за 10-15 минут. Гостиница располагается в Нижнем Новгороде рядом с ЖД вокзалом. \r\n	 \r\n \r\nhttp://vladimir-otel.ru - Отель в Нижнем Новгороде ', '2019-03-01 06:27:29'),
(81, 'krasotannintat', 'konstantinzemlyankin7@mail.ru', '', 'https://krasotann.ru/', ' \r\n http://krasotann.ru - обучение маникюру курсы  -  подробнее на нашем сайте http://krasotann.ru - krasotann.ru \r\nКурсы парикмахеров, косметологов, визажистов, мастеров ногтевого сервиса (маникюр, педикюр, наращивание ногтей акрилом и гелем), а также обучение различным видам массажа. \r\nОбучение проводится в специально оборудованных классах на профессиональной косметике известных мировых брендов под руководством высококвалифицированных преподавателей, которые обязательно позаботятся о том, чтобы процесс обучения был успешным.', '2019-03-01 06:27:30'),
(82, 'RogerGinty', 'mrcloverthefamoussnail@gmail.com', '', 'http://guide-traveler.ru', 'Confirm that you are not a robot, and learn how to earn $ 1000 a day \r\nhttp://guide-traveler.ru', '2019-03-02 20:36:03'),
(83, 'averena24intat', 'valentinxomyakow89@mail.ru', '', 'https://averena24.ru/', ' \r\n http://averena24.ru - продление санитарной книжки без сдачи анализов  -  подробнее на нашем сайте https://averena24.ru - averena24.ru \r\nЛичная https://averena24.ru - медицинская книжка (https://averena24.ru - санитарная книжка) - официальный документ строгой отчетности. В санитарной книжке отражаются все данные о результатах периодических осмотров, сдачи анализов и прививках, наличия инфекционных заболеваний, а также о прохождении курсов по гигиеническому воспитанию и аттестации.', '2019-03-08 12:37:11'),
(84, 'KevinBiP', 'myoffthewallshop@gmail.com', '', 'http://bit.ly/2EQaeii', 'Confirm that you are not a robot, and  Behold is  an importantpremium pay for win. http://bit.ly/2EP8qG4', '2019-03-08 13:46:19'),
(85, 'Frankhup', 'alex.m2s@mail.ru', '', '', ' Do you want something new? Look at this site. Only here the choice of girls for every taste and completely free! They are obedient slaves, they will do everything you say! \r\nhttps://governy.shortcm.li/governor#4r', '2019-03-15 11:52:38'),
(86, 'schoolalgot', 'troparevaewgeniya19917@mail.ru', '', 'http://dmitrypetrov.online', ' \r\n<a href=http://dmitrypetrov.online>курсы управляющего рестораном</a> ', '2019-03-30 13:39:07'),
(87, 'krasotannintat', 'konstantinzemlyankin7@mail.ru', '', 'https://krasotann.ru/', ' \r\n http://krasotann.ru - курсы визаж стоимость  -  подробнее на нашем сайте http://krasotann.ru - krasotann.ru \r\nКурсы парикмахеров, косметологов, визажистов, мастеров ногтевого сервиса (маникюр, педикюр, наращивание ногтей акрилом и гелем), а также обучение различным видам массажа. \r\nОбучение проводится в специально оборудованных классах на профессиональной косметике известных мировых брендов под руководством высококвалифицированных преподавателей, которые обязательно позаботятся о том, чтобы процесс обучения был успешным.', '2019-04-01 18:08:29'),
(88, 'Avtoalgot', 'razgonovmiroslav19882266@mail.ru', '', 'http://sbk-torg.ru', 'Интернет-магазин sbk-torg.ru предлагает купить автомобильные масела, антифроз, тосол, присодки, фильтры, автокосметику, автофильтры, незамерзайку. В наличии на складе в Нижнем Новгороде \r\n \r\n \r\nhttp://sbk-torg.ru/Avtomobilnye-masla/Mannol.html - масло mannol molibden benzin 10w-40 ', '2019-04-02 13:31:33'),
(89, 'ThomasTor', 'thomasSlide@gmail.com', '', 'http://make-success.com/', 'We offer you the opportunity to advertise your products and services. \r\nHello! Look at nice offering for you. I can send your commercial offers or messages through feedback forms. The advantage of this method is that the messages sent through the feedback forms are included in the white list. This method increases the chance that your message will be read. Mailing is made in the same way as you received this message. \r\n \r\nSending via Feedback Forms to any domain zones of the world. (more than 1000 domain zones.). \r\n \r\nThe cost of sending 1 million messages is $ 49 instead of $ 99. \r\nAll us sites that have a feedback form. (10 million messages sent) - $349 instead of $649 \r\nDomain zone .com - (12 million messages sent) - $399 instead of $699 \r\nAll domain zones in Europe- (8 million messages sent) - $ 299 instead of $599 \r\nAll sites in the world (25 million messages sent) - $499 instead of $999 \r\n \r\nDiscounts are valid until April 7! \r\nFeedback and warranty! \r\nDelivery report! \r\n \r\nIn the process of sending messages, we do not violate the rules of GDRP. \r\nThis message is created automatically use our contacts for communication. \r\n \r\nContact us. \r\nTelegram - @FeedbackFormEU \r\nSkype – FeedbackForm2019 \r\nEmail - feedbackform@make-success.com \r\n \r\nSorry to bother you.', '2019-04-04 07:33:39'),
(90, 'ManuelRob', 'albert.tsublov@mail.ru', '', '[url=https://forum.plastic-surgeon.com.ua/showthread.php?t=234]максим иванчук пластический хирург киев[/url]', 'максим иванчук отзывы \r\n \r\nhttps://forum.plastic-surgeon.com.ua/showthread.php?t=234', '2019-04-09 15:28:00'),
(91, 'ecoalgot', 'kuzovatkinalyubawa825133@mail.ru', '', 'http://ecowestplus.ru', ' \r\nhttp://ecowestplus.ru/Bruschatka.html - купить тротуарную плитку цена ', '2019-04-17 21:30:37'),
(92, 'salutalgot', 'budnikova.lev@mail.ru', '', 'http://zemlya-vozduh.com', 'Пиротехническая компания Земля/Воздух уже более 10 лет раскрашивает небо салютами и фейерверками, комбинируя яркие цвета, необычные формы, высоту раскатов, скорость залпов и различные спецэффекты. Они похожи на природные явления неописуемой красоты — очень органичны и естественны, и при этом необычайно красивы и грандиозны. \r\nМы сделаем Ваш праздник незабываемым! Вы можете заказать <a href=http://zemlya-vozduh.com>салют</a> или <a href=http://zemlya-vozduh.com>фейерверк</a> на свой празник на сайте <a href=http://zemlya-vozduh.com>zemlya-vozduh.com</a> \r\n	 \r\n<a href=http://zemlya-vozduh.com/ognennoe-shou/na-novyj-god/6/>песочное шоу стоимость</a> ', '2019-04-28 18:06:55'),
(93, 'Oknaalgot', 'stas.shapalovskiy@mail.ru', '', 'https://fabrika-komforta.ru', 'Мы одни из ведущих производителей изделий и светопрозрачных конструкций из алюминия и пластика в Нижнем Новгороде – рада приветствовать вас на своем сайте! Если вы ищите производство окон из пвх и алюминия по низким ценам, но с гарантией качества и в кратчайшие сроки, то обратились по адресу. Мы осуществляем продажу алюминиевых и пластиковых конструкций, а также их сборку и монтаж в Нижнем Новгороде. \r\n \r\nhttps://fabrika-komforta.ru/dveri/razdvizhnye/ - раздвижные системы для дверей psk в нижнем новгороде  - подробнее на сайте Фабрики Комфорта https://fabrika-komforta.ru - fabrika-komforta.ru', '2019-05-07 03:21:09'),
(94, 'Josephpet', 'michaelAcere@gmail.com', '', 'https://drive.google.com/file/d/1gTPrpl0R8XWPrG7YaplL1WFDz2Aj-RRE/preview', ' Hey Look what we have due to the fact that you! a virtuousprovide \r\n To condition click on the together under the sun  \r\n \r\nhttps://drive.google.com/file/d/1Zmqey9sdHyzpz6HYndXh52mqCiVhzZ3g/preview', '2019-05-11 23:28:00'),
(95, 'SeoAsped', 'dima.stoldusenko@mail.ru', '', 'http://spclab.ru', 'Раскрутка сайтов Нижний Новгород   -  \r\n<a href=http://spclab.ru>Раскрутка сайтов в Нижнем Новгороде</a>      ', '2019-05-13 18:34:01'),
(96, 'SeoAsped', 'mitya.perekrestenko@mail.ru', '', 'http://nngid.ru', ' \r\nПродвижение сайта Нижний Новгород      - http://nngid.ru - Раскрутка сайтов Нижний Новгород       ', '2019-05-14 17:26:02'),
(97, 'GeorgeRhids', 'ddggabogados@mail.com', '', '', 'Dearest in mind, \r\nI would like to introduce myself for the first time. My name is Barrister David Gómez González, the personal lawyer to my late client. \r\nHe worked as a private businessman in the international field. In 2012, my client succumbed to an unfortunate car accident. My client was single and childless. \r\nHe left a fortune worth $24,500,000.00 Dollars in a bank in Spain. The bank sent me message that I have to introduce a beneficiary or the money in their bank will be confiscate. My purpose of contacting you is to make you the Next of Kin. \r\nMy late client left no will, I as his personal lawyer, was commissioned by the Spanish Bank to search for relatives to whom the money left behind could be paid by my deceased client. I have been looking for his relatives for the past 3 months continuously without success. Now I explain why I need your support, I have decided to make a citizen of the same country with my late client the Next of Kin. \r\nI hereby ask you if you give me your consent to present you as the next of kin to my deceased client to the Spanish Bank as the beneficiary.  I would like to point out that you will receive 45% of the share of this money, 45% then I would be entitled to, 10% percent will be donated to charitable organizations. \r\nIf you are interested, please contact me at my private contact details by Tel: 0034-604-284-281, Fax: 0034-911-881-353, Email: ddggabogados@mail.com \r\nI am waiting for your answer \r\nBest regards, \r\nLawyer: - David Gómez González', '2019-05-21 08:22:51'),
(98, 'SeoAsped', 'rostislav.mezgin@mail.ru', '', 'http://seorussian.ru', ' \r\nРаскрутка сайта               -  \r\nhttp://seorussian.ru - Продвижение сайтов Москва    ', '2019-05-22 20:18:54'),
(99, 'Roberttok', 'svetlanacol0sova@yandex.ua', '', 'http://dc-btc.site', 'Let your bitcoins brings you +10% per 2 days. \r\nGet paid automatically and earn again! \r\n \r\nTry  http://dc-btc.site \r\none click registration and getting asset \r\n \r\nPowered by Mutual assistance Algorithm and Blockchain. \r\nWarranty!', '2019-05-23 12:31:41'),
(100, 'SeoAsped', 'rostislav.mezgin@mail.ru', '', 'http://seorussian.ru', ' \r\nРаскрутка сайта по Москве       -  \r\n<a href=http://seorussian.ru>Продвижение сайтов по Москве</a>', '2019-05-28 10:15:50'),
(101, 'vietnamfasttrack.org', 'micgyhaelAcere@gmail.com', '', 'http://bit.ly/2KtMyU2', 'Behold is  an amazing  bonus for win. vietnamfasttrack.org \r\nhttp://bit.ly/2KAUN0n', '2019-06-21 07:51:18'),
(102, 'CharlesVew', 'gulfnet755@gmail.com', '', 'https://www.google.com', 'Hi!, vietnamfasttrack.org \r\n \r\nOur customer want to to fund in your district for good value. please contact us for more information on  +973 650 09688 or mh@indogulfbs.net Best regards Mr. Mat Hernandez', '2019-06-21 20:45:33'),
(103, 'JeromeInamn', 'kelly.cruz@evrosis.com', '', 'http://bit.ly/2ZBz4tM', 'EVROSIS Technologies’s turnkey solutions: we customize our products and services to meet the exact requirements of our clients. At EVROSIS TECHNOLOGIES, our developers, engineers, and data scientists are experts in Financial Engineering, High Frequency Trading, Trading Platform & financial markets. \r\n \r\nOur competitive strengths: High Speed Networks Development, High Performance Computing, Deep Learning A.I., High Sharpe Ratio Trading models, and talented Quant Traders. \r\n \r\nYou can Get custom Trading Solutions for any Exchanges/ECNs in The World or use pre-prepared Solutions and Profit from a state-of-the-Art Model. You will save Time and Money by Working with Us. \r\n \r\nContact us and we will implement your needs. \r\n \r\nKind regards \r\n \r\n \r\nWebsite : http://bit.ly/2ZzADs4 \r\nSkype: support.evrosis \r\nE-mail : info@evrosis.com \r\nEVROSIS Technologies Ltd. \r\n130 Old Street, London, United Kingdom, EC1V 9BD', '2019-06-23 03:53:53'),
(104, 'Nickheshy', 'pay.onlinewww@gmail.com', '', 'https://www.payop.com', 'Hello, \r\n \r\nWe (https://payop.com) are payment aggregator of 150+ payment methods like PaySafeCard, Skrill, Ideal, Klarna, SEPA, Sofort, QiWi, Poli, Boleto, Oxxo, SafetyPay, FPX, UnionPay, Alipay and others, including European/CIS card acquiring. \r\n \r\nPlease, advise whom I can contact in your company responsible for connecting new payment methods or expanding to new regions to discuss possible cooperation. \r\n \r\nKind regards, \r\nNick Koval \r\nhttps://www.payop.com \r\nEmail: sales@payoplp.com', '2019-06-27 11:27:06'),
(105, 'ContactForm', 'raphaeSeigeone@gmail.com', '', 'https://www.google.com', 'Good day!  vietnamfasttrack.org \r\n \r\nWe present \r\n \r\nSending your commercial proposal through the Contact us form which can be found on the sites in the contact partition. Feedback forms are filled in by our application and the captcha is solved. The advantage of this method is that messages sent through feedback forms are whitelisted. This technique increases the probability that your message will be read. \r\n \r\nOur database contains more than 25 million sites around the world to which we can send your message. \r\n \r\nThe cost of one million messages 49 USD \r\n \r\nFREE TEST mailing of 50,000 messages to any country of your choice. \r\n \r\n \r\nThis message is automatically generated to use our contacts for communication. \r\n \r\n \r\n \r\nContact us. \r\nTelegram - @FeedbackFormEU \r\nSkype  FeedbackForm2019 \r\nWhatsApp - +44 7598 509161 \r\nEmail - FeedbackForm@make-success.com', '2019-06-29 02:48:50'),
(106, 'vietnamfasttrack.org', 'micgyhaelAcere@gmail.com', '', 'http://bit.ly/2KyK7PT', 'Hope note a okay  profit for victory. vietnamfasttrack.org \r\nhttp://bit.ly/2KxzDAs', '2019-07-02 08:49:21'),
(107, 'ContactForm', 'raphaeSeigeone@gmail.com', '', 'https://www.google.com', 'Ciao!  vietnamfasttrack.org \r\n \r\nWe suggest \r\n \r\nSending your commercial offer through the feedback form which can be found on the sites in the Communication section. Feedback forms are filled in by our application and the captcha is solved. The advantage of this method is that messages sent through feedback forms are whitelisted. This method raise the chances that your message will be read. \r\n \r\nOur database contains more than 25 million sites around the world to which we can send your message. \r\n \r\nThe cost of one million messages 49 USD \r\n \r\nFREE TEST mailing of 50,000 messages to any country of your choice. \r\n \r\n \r\nThis message is automatically generated to use our contacts for communication. \r\n \r\n \r\n \r\nContact us. \r\nTelegram - @FeedbackFormEU \r\nSkype  FeedbackForm2019 \r\nWhatsApp - +44 7598 509161 \r\nEmail - FeedbackForm@make-success.com', '2019-07-09 05:29:47'),
(108, 'vietnamfasttrack.org', 'micgyhaelAcere@gmail.com', '', 'http://bit.ly/2NGPMqf', 'There is an famous  profit in understand of you. vietnamfasttrack.org \r\nhttp://bit.ly/2NMwUX3', '2019-07-14 09:40:23'),
(109, 'vietnamfasttrack.org', 'micgyhaelAcere@gmail.com', '', 'http://bit.ly/2O0ZKTV', 'Plonk down is  a befitting  poop plane in appreciate of you. vietnamfasttrack.org \r\nhttp://bit.ly/2NLWhIG', '2019-07-18 02:17:05'),
(110, 'WalterLycle', 'casajuana@bos.shopvot.com', '', 'https://www.google.com/', 'Hello \r\nMy name is Sebastian Perez williams. I am a financial manager in la Caixa bank Spain. I sent you an email previously regarding a 100% sure transaction of 13.5 million going on in our bank. I want to share the secret information about the fund to you. If you follow my instruction with the information I will share with you I m 100% sure that the money will be transferred to your account within 5 days. \r\nMy only interest in this transaction is to get a 50% share of the money being transferred into your account once the deal is over \r\nThis transaction is 100% risk free, I am contacting you because I strongly believe that you are in a better position to execute this business transaction with me, You will definitely be amazed and satisfied when I release the full information about the transaction to you then you will also understand why I chose you for transaction. \r\nKindly respond to my personal email sebastian@ax1perez.com and add your phone number in other to contact you for the full detail. \r\nYours Faithfully, \r\nSebastian Perez williams.', '2019-07-19 16:40:10'),
(111, 'Одинокие девушки хотят секса в твоем городе http://tersgrabalus.ml/7n4rc?0qo9XNAk', 'innombtok.78@mail.ru', '', '', 'Женщины ищут секса в твоем городе: http://mawilroycent.tk/me1k?WcYVNX', '2019-07-21 04:21:42');
INSERT INTO `lien_he` (`id`, `name`, `email`, `phone`, `address`, `comment`, `time`) VALUES
(112, 'Сексуальные девушки в твоем городе ищут знакомств http://sanilenwebs.tk/uuex?4Gpw6F', 'alika_1@rambler.ru', '', '', 'Молодые девушки ищут секса в твоем городе: http://nentotapon.tk/om9z?2BykS0', '2019-07-21 04:21:42'),
(113, 'JoshuaLet', 'support@legalpl.net', '', 'https://www.google.com/', 'This is Robert Kowalski from LegalPL Company from Poland-Warsaw (Europe). \r\nIn this mail sending you special our offer about immigration services to Europe: \r\n1. Work 1 Year Visa to Poland (Work Visa+Work Permit); \r\n2. Study in Poland (Study 1 Year Visa); \r\n3. Business Immigration to Poland (Business 1 Year Visa); \r\nMostly our clients from India, Pakistan, Nepal, Bangladesh, Vietnam, China, Iran, Ukraine, Russia, Belarus, Philippines, Indonesia, Vietnam, China. \r\nIf you are interesting in our services, please contact with us in WhatsUp/Viber/Telegram  +48 793 636 986 or write me: r.kowalski@legalpl.net \r\nThank you, \r\nBest Regards, \r\nRobert Kowalski, \r\nLegalPL Company', '2019-07-22 12:35:42'),
(114, 'vietnamfasttrack.org', 'micgyhaelAcere@gmail.com', '', 'http://bit.ly/2NJvnRD', 'Plonk down is  an electrifying  in abbreviated provide see exposed someone a compensation representing the doggedness you. vietnamfasttrack.org \r\nhttp://bit.ly/2NLZFmD', '2019-07-29 11:15:20'),
(115, 'ScottDus', 'raphaeSeigeone@gmail.com', '', 'https://www.google.com', 'Good day!  vietnamfasttrack.org \r\n \r\nWe put up of the sale \r\n \r\nSending your message through the feedback form which can be found on the sites in the contact section. Contact form are filled in by our application and the captcha is solved. The profit of this method is that messages sent through feedback forms are whitelisted. This method raise the probability that your message will be open. \r\n \r\nOur database contains more than 25 million sites around the world to which we can send your message. \r\n \r\nThe cost of one million messages 49 USD \r\n \r\nFREE TEST mailing of 50,000 messages to any country of your choice. \r\n \r\n \r\nThis message is automatically generated to use our contacts for communication. \r\n \r\n \r\n \r\nContact us. \r\nTelegram - @FeedbackFormEU \r\nSkype  FeedbackForm2019 \r\nEmail - FeedbackForm@make-success.com \r\nWhatsApp - +44 7598 509161', '2019-08-01 06:25:24'),
(116, 'http://siomarfoundrof.tk/5ves', 'celestinaathas@mail.ru', '', 'http://siomarfoundrof.tk/5ves', 'Look at an complying  despoil after your team.  http://verwilomis.ga/imybp', '2019-08-09 09:13:18'),
(117, 'Williamjew', 'remodeluca@hotmail.com', '', 'http://backleninli.tk/46fsq', 'Satisfy note an astonishingoffers in place of you. http://karwordcomlo.tk/kl3cx', '2019-08-15 10:07:27'),
(118, 'Thomasanype', 'noreplymonkeydigital@gmail.com', '', 'https://monkeydigital.co/product/alexa-rank-service/', 'Having a better Alexa for your website will increase sales and visibility \r\n \r\nOur service is intended to improve the Global Alexa traffic rank of a website. It usually takes seven days to see the primary change and one month to achieve your desired three-month average Alexa Rank. The three-month average Alexa traffic rank is the one that Alexa.com shows on the Alexa’s toolbar. \r\n \r\nFor more information visit our website \r\nhttps://monkeydigital.co/product/alexa-rank-service/ \r\n \r\nthanks and regards \r\nMike \r\nmonkeydigital.co@gmail.com', '2019-08-21 21:18:50'),
(119, 'Thomas rovtar', 'tompurdue@hotmail.com', '', '', 'Just bought fast track visa to Vietnam \r\nNo email yet', '2019-08-22 05:30:17');

-- --------------------------------------------------------

--
-- Cấu trúc bảng cho bảng `menu`
--

CREATE TABLE `menu` (
  `menu_id` int(11) NOT NULL,
  `menu_name` text COLLATE utf8_unicode_ci,
  `menu_sort_order` int(11) DEFAULT '0',
  `menu_type_id` int(11) DEFAULT NULL,
  `menu_url` text COLLATE utf8_unicode_ci,
  `productcat_id` int(11) DEFAULT NULL,
  `newscat_id` int(11) DEFAULT NULL,
  `product_id` int(11) DEFAULT NULL,
  `page_id` int(11) DEFAULT NULL,
  `news_id` int(11) DEFAULT NULL,
  `state` int(11) DEFAULT NULL,
  `menu_parent` int(11) NOT NULL DEFAULT '0',
  `servicecat_id` int(11) DEFAULT NULL,
  `service_id` int(11) DEFAULT NULL,
  `state_menuHeader` int(11) DEFAULT NULL
) ENGINE=InnoDB DEFAULT CHARSET=utf8 COLLATE=utf8_unicode_ci;

--
-- Đang đổ dữ liệu cho bảng `menu`
--

INSERT INTO `menu` (`menu_id`, `menu_name`, `menu_sort_order`, `menu_type_id`, `menu_url`, `productcat_id`, `newscat_id`, `product_id`, `page_id`, `news_id`, `state`, `menu_parent`, `servicecat_id`, `service_id`, `state_menuHeader`) VALUES
(158, 'Book online or by E-mail', 5, 8, 'bookonline', 0, 0, 0, 0, 0, 1, 0, 0, 0, NULL),
(202, 'FAQS', 1, 8, 'faq', 0, 0, 0, 0, 0, 0, 0, 0, 0, NULL),
(203, 'Articles', 1, 5, '', 0, 58, 0, 0, 0, 1, 0, 0, 0, NULL),
(204, 'Term & conditions', 3, 8, 'faq', 0, 0, 0, 0, 0, 1, 0, 0, 0, NULL),
(205, 'Home', 0, 1, '', 0, 0, 0, 0, 0, 1, 0, 0, 0, NULL),
(206, 'APPLY VIETNAM VISA ONLINE', 2, 8, 'vietnam-visa', 0, 0, 0, 0, 0, 1, 0, 0, 0, NULL),
(216, 'About', 0, 13, '', 0, 0, 0, 59, 0, 1, 0, 0, 0, NULL),
(217, 'Contact Us', 0, 9, '', 0, 0, 0, 0, 0, 1, 0, 0, 0, NULL),
(218, 'SERVICE', 1, 5, '', 0, 69, 0, 0, 0, 1, 0, 0, 0, NULL),
(219, 'Vietnam VIP Lounge ', 1, 7, '', 0, 0, 0, 0, 65, 1, 218, 0, 0, NULL),
(220, 'Vietnam Airport Transfer ', 2, 7, '', 0, 0, 0, 0, 66, 1, 218, 0, 0, NULL),
(221, 'Vietnam Airport Fast Track', 3, 7, '', 0, 0, 0, 0, 63, 1, 218, 0, 0, NULL),
(222, 'Payment Online', 3, 8, 'payment-online', 0, 0, 0, 0, 0, 1, 0, 0, 0, NULL);

-- --------------------------------------------------------

--
-- Cấu trúc bảng cho bảng `menu_languages`
--

CREATE TABLE `menu_languages` (
  `id` bigint(20) NOT NULL,
  `languages_code` varchar(255) COLLATE utf8_unicode_ci NOT NULL,
  `lang_menu_name` text COLLATE utf8_unicode_ci,
  `edit_state` int(11) NOT NULL DEFAULT '0',
  `urlFriendly_menu` varchar(255) COLLATE utf8_unicode_ci DEFAULT NULL,
  `menu_id` int(11) DEFAULT NULL
) ENGINE=InnoDB DEFAULT CHARSET=utf8 COLLATE=utf8_unicode_ci;

--
-- Đang đổ dữ liệu cho bảng `menu_languages`
--

INSERT INTO `menu_languages` (`id`, `languages_code`, `lang_menu_name`, `edit_state`, `urlFriendly_menu`, `menu_id`) VALUES
(293, 'vn', 'Book online or by E-mail', 1, 'bookonline', 158),
(294, 'en', '在线预订或通过电子邮件预订', 1, 'bookonline', 158),
(381, 'vn', 'FAQS', 0, 'faq', 202),
(382, 'en', 'FAQS', 0, '', 202),
(383, 'vn', 'Articles', 1, '', 203),
(384, 'en', '用品', 1, '', 203),
(385, 'vn', 'Term & conditions', 1, 'faq', 204),
(386, 'en', '条款和条件', 1, 'faq', 204),
(387, 'vn', 'Home', 1, '', 205),
(388, 'en', '家', 1, '', 205),
(389, 'vn', 'APPLY VIETNAM VISA ONLINE', 1, 'vietnam-visa', 206),
(390, 'en', '在线申请越南签证', 1, 'vietnam-visa', 206),
(409, 'vn', 'About', 1, '', 216),
(410, 'en', '关于', 1, '', 216),
(411, 'vn', 'Contact Us', 1, '', 217),
(412, 'en', '联系我们', 1, '', 217),
(413, 'vn', 'SERVICE', 1, '', 218),
(414, 'en', '服务', 1, '', 218),
(415, 'vn', 'Vietnam VIP Lounge ', 1, '', 219),
(416, 'en', '越南贵宾休息室', 1, '', 219),
(417, 'vn', 'Vietnam Airport Transfer ', 1, '', 220),
(418, 'en', '越南机场接送', 1, '', 220),
(419, 'vn', 'Vietnam Airport Fast Track', 1, '', 221),
(420, 'en', '越南机场快速通道', 1, '', 221),
(421, 'vn', 'Payment Online', 1, 'payment-online', 222),
(422, 'en', '在线支付', 1, 'payment-online', 222);

-- --------------------------------------------------------

--
-- Cấu trúc bảng cho bảng `menu_type`
--

CREATE TABLE `menu_type` (
  `menu_type_id` int(11) NOT NULL,
  `menu_type_name` varchar(255) COLLATE utf8_unicode_ci DEFAULT NULL,
  `first_url` varchar(255) COLLATE utf8_unicode_ci DEFAULT NULL
) ENGINE=InnoDB DEFAULT CHARSET=utf8 COLLATE=utf8_unicode_ci;

--
-- Đang đổ dữ liệu cho bảng `menu_type`
--

INSERT INTO `menu_type` (`menu_type_id`, `menu_type_name`, `first_url`) VALUES
(1, 'Trang chủ', ''),
(2, 'Tất cả sản phẩm', 'san-pham'),
(3, 'Danh mục sản phẩm', NULL),
(4, 'Sản phẩm cụ thể', NULL),
(5, 'Danh mục tin tức', NULL),
(6, 'Tất cả bài tin tức', ''),
(7, 'Bài viết tin tức', NULL),
(8, 'Địa chỉ web', NULL),
(9, 'Liên hệ', NULL),
(10, 'Tất cả dịch vụ', NULL),
(11, 'Bài viết dịch vụ', NULL),
(12, 'Danh mục dịch vụ', NULL),
(13, 'Page', NULL),
(14, 'Đăng ký', NULL),
(15, 'Đăng nhập', NULL);

-- --------------------------------------------------------

--
-- Cấu trúc bảng cho bảng `menu_type_languages`
--

CREATE TABLE `menu_type_languages` (
  `id` int(11) NOT NULL,
  `languages_code` varchar(255) COLLATE utf8_unicode_ci DEFAULT NULL,
  `menu_type_id` int(11) DEFAULT NULL,
  `menu_type_name` varchar(255) COLLATE utf8_unicode_ci DEFAULT NULL,
  `friendly_url` varchar(255) COLLATE utf8_unicode_ci DEFAULT NULL
) ENGINE=InnoDB DEFAULT CHARSET=utf8 COLLATE=utf8_unicode_ci;

--
-- Đang đổ dữ liệu cho bảng `menu_type_languages`
--

INSERT INTO `menu_type_languages` (`id`, `languages_code`, `menu_type_id`, `menu_type_name`, `friendly_url`) VALUES
(1, 'vn', 1, 'Trang chủ', ''),
(2, 'en', 1, 'Home', ''),
(3, 'vn', 2, 'Tất cả sản phẩm', 'san-pham'),
(4, 'en', 2, 'All products', 'products'),
(5, 'vn', 3, 'Danh mục sản phẩm', ''),
(6, 'en', 3, 'Catalog product', ''),
(7, 'vn', 4, 'Sản phẩm cụ thể', ''),
(8, 'en', 4, 'Product detail', ''),
(9, 'vn', 5, 'Danh mục tin tức', ''),
(10, 'en', 5, 'Catalog news', ''),
(11, 'vn', 6, 'Tất cả bài tin tức', 'tin-tuc'),
(12, 'en', 6, 'All News', 'news'),
(13, 'vn', 7, 'Bài viết tin tức', ''),
(14, 'en', 7, 'News detail', ''),
(15, 'vn', 8, 'Địa chỉ website', ''),
(16, 'en', 8, 'Website Address', ''),
(17, 'vn', 9, 'Liên hệ', 'lien-he'),
(18, 'en', 9, 'Contact', 'contact'),
(19, 'vn', 10, 'Tất cả dịch vụ', 'dich-vu'),
(20, 'en', 10, 'All Services', 'services'),
(21, 'vn', 11, 'Bài viết dịch vụ', ''),
(22, 'en', 11, 'Service detail', ''),
(23, 'vn', 12, 'Danh mục dịch vụ', ''),
(24, 'en', 12, 'Catalog service', ''),
(25, 'vn', 13, 'Trang nội dung', ''),
(26, 'en', 13, 'Page', ''),
(27, 'vn', 14, 'Đăng ký', 'dang-ky'),
(28, 'en', 14, 'Sign in', 'sign-in'),
(29, 'vn', 15, 'Đăng nhập', 'dang-nhap'),
(30, 'en', 15, 'Log in', 'log-in');

-- --------------------------------------------------------

--
-- Cấu trúc bảng cho bảng `news`
--

CREATE TABLE `news` (
  `news_id` int(11) NOT NULL,
  `news_name` text COLLATE utf8_unicode_ci,
  `news_des` text COLLATE utf8_unicode_ci,
  `news_content` text COLLATE utf8_unicode_ci,
  `news_img` text COLLATE utf8_unicode_ci,
  `news_views` int(11) DEFAULT NULL,
  `newscat_id` int(11) DEFAULT NULL,
  `news_author` text COLLATE utf8_unicode_ci,
  `news_created_date` datetime DEFAULT NULL,
  `news_update_date` datetime DEFAULT NULL,
  `state` int(11) NOT NULL DEFAULT '0',
  `news_sub_info1` text COLLATE utf8_unicode_ci,
  `news_sub_info2` text COLLATE utf8_unicode_ci,
  `news_sub_info3` text COLLATE utf8_unicode_ci,
  `news_sub_info4` text COLLATE utf8_unicode_ci,
  `news_sub_info5` text COLLATE utf8_unicode_ci,
  `title_seo` text COLLATE utf8_unicode_ci,
  `des_seo` text COLLATE utf8_unicode_ci,
  `friendly_url` text COLLATE utf8_unicode_ci,
  `keyword` text COLLATE utf8_unicode_ci,
  `created_id` int(11) DEFAULT NULL,
  `newstag_arr` varchar(10000) COLLATE utf8_unicode_ci NOT NULL
) ENGINE=InnoDB DEFAULT CHARSET=utf8 COLLATE=utf8_unicode_ci;

--
-- Đang đổ dữ liệu cho bảng `news`
--

INSERT INTO `news` (`news_id`, `news_name`, `news_des`, `news_content`, `news_img`, `news_views`, `newscat_id`, `news_author`, `news_created_date`, `news_update_date`, `state`, `news_sub_info1`, `news_sub_info2`, `news_sub_info3`, `news_sub_info4`, `news_sub_info5`, `title_seo`, `des_seo`, `friendly_url`, `keyword`, `created_id`, `newstag_arr`) VALUES
(25, 'Tin tức 3', 'Thông tin mô tả ngắn cho bài Khuyến mãi 4', '<p>xfdgsdrf</p>\r\n', 'news1.jpg', 0, 58, '', '2017-07-09 23:07:04', '2018-05-07 10:05:13', 1, '', '', '', '', '', 'Tin tức 3', 'Thông tin mô tả ngắn cho bài Khuyến mãi 4', 'tin-tuc-3', '', 1, ''),
(26, 'Tin tức 2', 'Thông tin mô tả ngắn cho bài Khuyến mãi 5', '<p>Th&ocirc;ng tin m&ocirc; tả ngắn cho b&agrave;i Khuyến m&atilde;i 5</p>\r\n', 'news2.jpg', 0, 58, '', '2017-07-09 23:07:30', '2018-05-07 10:05:23', 1, '', '', '', '', '', 'Tin tức 2', 'Thông tin mô tả ngắn cho bài Khuyến mãi 5', 'tin-tuc-2', '', 1, ''),
(27, 'Tin tức 1', 'Đầu năm 2017, trợ lý ảo Alexa Amazon thực sự trở thành tâm điểm của triển lãm CES 2017 tại Las Vegas (Mỹ), bỏ qua các ứng dụng nhận diện giọng nói của các đối thủ như Apple, Google, Facebook…. Hệ sinh thái Alexa nhanh chóng rộng mở hứa hẹn trở thành trợ lý đắc lực của con người trong tương lai.', '<p>Nhận thấy những điểm ưu việt đ&oacute;, Lumi Việt Nam đ&atilde; nhanh ch&oacute;ng ph&aacute;t triển nghi&ecirc;n cứu, t&iacute;ch hợp Server Amazon kết nối với server của Lumi để đưa ra Giải ph&aacute;p nh&agrave; th&ocirc;ng minh điều khiển bằng giọng n&oacute;i. H&atilde;y h&igrave;nh dung về một thế giới m&agrave; giọng n&oacute;i của bạn trở n&ecirc;n quyền năng.</p>\r\n\r\n<p><img alt=\"\" height=\"554\" src=\"/image/images/nd1.jpg\" width=\"800\" /></p>\r\n\r\n<p style=\"text-align:center\"><em>M&ocirc; h&igrave;nh kết hợp sever của Amazon &amp; sever của Lumi để tạo ra giải ph&aacute;p nh&agrave; th&ocirc;ng minh điều khiển bằng giọng n&oacute;i</em></p>\r\n\r\n<p>C&aacute;ch mạng c&ocirc;ng nghiệp 4.0 v&agrave; mạng lưới vạn vật kết nối internet (IoT) sẽ tạo ra sự thay đổi mạnh mẽ về nguồn lực sản xuất, c&ocirc;ng nghệ thực tế ảo &hellip; IoT . Giải ph&aacute;p nh&agrave; th&ocirc;ng minh &ndash; 1 trong những ứng dụng của IoT, đ&atilde; v&agrave; đang trở th&agrave;nh xu hướng tất yếu trong đời sống.</p>\r\n\r\n<p><img alt=\"\" height=\"566\" src=\"/image/images/nd2.jpg\" width=\"800\" /></p>\r\n\r\n<p>&nbsp;</p>\r\n\r\n<p style=\"text-align:center\"><em>C&aacute;ch mạng c&ocirc;ng nghiệp 4.0 v&agrave; IoT, &hellip; đang xu thế của tương lai</em></p>\r\n\r\n<p>Lumi Việt Nam đơn vị đầu ti&ecirc;n tại Việt Nam, đ&atilde; nghi&ecirc;n cứu, ứng dụng th&agrave;nh c&ocirc;ng C&ocirc;ng nghệ nhận dạng giọng n&oacute;i v&agrave; cho ra đời giải ph&aacute;p nh&agrave; th&ocirc;ng minh điều khiển bằng giọng n&oacute;i đầu ti&ecirc;n tại Việt Nam. Tất cả c&aacute;c thiết bị của ng&ocirc;i nh&agrave; như chiếu s&aacute;ng, r&egrave;m cửa, b&igrave;nh n&oacute;ng lạnh, điều h&ograve;a, &acirc;m thanh, h&igrave;nh ảnh&hellip; đều c&oacute; thể kết nối với Internet v&agrave; cho ph&eacute;p điều khiển bằng giọng n&oacute;i.</p>\r\n\r\n<p><img alt=\"\" height=\"531\" src=\"/image/images/nd3.jpg\" width=\"800\" /></p>\r\n\r\n<p>&nbsp;</p>\r\n\r\n<p style=\"text-align:center\"><em>Tại Việt Nam c&ocirc;ng nghệ nhận dạng giọng n&oacute;i đ&atilde; được ứng dụng v&agrave;o đời sống</em></p>\r\n\r\n<p><strong>H&atilde;y h&igrave;nh dung với t&iacute;nh năng bật/tắt hệ thống chiếu s&aacute;ng:</strong>&nbsp;Con bạn c&ograve;n qu&aacute; thấp để với tới c&ocirc;ng tắc đ&egrave;n khi muốn bật/tắt? Thật đơn giản, h&atilde;y ra lệnh với thiết bị nhận diện giọng n&oacute;i &ndash; giải ph&aacute;p gi&uacute;p trẻ điều khiển được thiết bị theo &yacute; muốn nhưng ho&agrave;n to&agrave;n kh&ocirc;ng phải tiếp x&uacute;c điện.</p>\r\n\r\n<p><img alt=\"\" height=\"510\" src=\"/image/images/nd4.jpg\" width=\"800\" /></p>\r\n\r\n<p style=\"text-align:center\"><em>Việc bật/tắt c&aacute;c c&ocirc;ng tắc đ&egrave;n đ&atilde; trở n&ecirc;n an to&agrave;n, dễ d&agrave;ng với trẻ nhỏ</em></p>\r\n\r\n<p><strong>Điều chỉnh chế độ s&aacute;ng của b&oacute;ng đ&egrave;n:</strong>&nbsp;Thường th&igrave; điều chỉnh độ s&aacute;ng của b&oacute;ng đ&egrave;n, bạn cần mất rất nhiều thời gian. Với Amazon bạn chỉ cần n&oacute;i, ngay lập tức đ&atilde; c&oacute; &aacute;nh s&aacute;ng ưng &yacute;, ph&ugrave; hợp với kh&ocirc;ng gian ng&ocirc;i nh&agrave;.</p>\r\n\r\n<p><strong>Thay đổi m&agrave;u sắc đ&egrave;n Led:</strong>&nbsp;Kh&ocirc;ng gian qu&aacute; bừa bộn để t&igrave;m thấy Smartphone điều chỉnh m&agrave;u đ&egrave;n Led trong buổi lễ sinh nhật. Sẽ tiện nghi hơn khi bạn n&oacute;i &ldquo;Blur, Red, Pink&hellip;&rdquo; đ&egrave;n Led ngay lập tức sẽ chuyển sang m&agrave;u bạn y&ecirc;u cầu.</p>\r\n\r\n<p><strong>Thiết lập hoạt cảnh:</strong>&nbsp;Bạn phải đi lần lượt c&aacute;c ph&ograve;ng để kiểm tra c&aacute;c thiết bị điện c&ograve;n bật hay tắt trước khi ngủ? Điều khiển bằng giọng n&oacute;i, chỉ cần nằm tr&ecirc;n giường với một c&acirc;u lệnh, tất cả hệ thống điện trong ng&ocirc;i nh&agrave; sẽ được tắt, ngo&agrave;i ra bạn ho&agrave;n to&agrave;n c&oacute; thể hẹn giờ tự động bật/tắt cho c&aacute;c thiết bị trong nh&agrave;.</p>\r\n\r\n<p><strong>T&iacute;nh năng đ&oacute;ng/mở r&egrave;m:</strong>&nbsp;Bố mẹ bạn đ&atilde; c&oacute; tuổi v&agrave; kh&ocirc;ng tiện đi lại nhiều, để ph&ograve;ng tr&agrave;n ngập &aacute;nh s&aacute;ng mỗi buổi s&aacute;ng, hay đọc s&aacute;ch khi kh&ocirc;ng c&oacute; người gi&uacute;p đỡ. Sẽ thật dễ d&agrave;ng khi &ocirc;ng/b&agrave; ra lệnh với thiết bị nhận diện giọng n&oacute;i để thực hiện c&ocirc;ng việc đ&oacute;.</p>\r\n\r\n<p><img alt=\"\" height=\"510\" src=\"/image/images/nd5.jpg\" width=\"800\" /></p>\r\n\r\n<p style=\"text-align:center\"><em>Đảm bảo sức khỏe, tiện nghi, dễ d&agrave;ng sử dụng đối với mọi lứa tuổi</em></p>\r\n\r\n<p>Điều chỉnh tốc độ quạt: Con bạn đang ngủ nhưng quạt qu&aacute; to, bạn lại đang kh&ocirc;ng tiện sử dụng điện thoại hay rời khỏi. Sẽ dễ d&agrave;ng thực hiện khi ra lệnh cho thiết bị nhận dạng giọng. Vừa đảm bảo được sự k&iacute;nh trọng với kh&aacute;ch v&agrave; sức khỏe cho b&eacute;.</p>\r\n\r\n<p>T&iacute;nh năng &acirc;m thanh: S&aacute;ng m&ugrave;a đ&ocirc;ng, muốn nghe một bản nhạc hay đơn giản l&agrave; xem bộ phim y&ecirc;u th&iacute;ch, nhưng lười kh&ocirc;ng muốn chui ra khỏi c&aacute;i chăn. Với Amazon điều khiển giọng n&oacute;i, c&ocirc;ng việc duy nhất bạn phải l&agrave;m l&agrave; nằm trong chăn v&agrave; n&oacute;i những điều m&igrave;nh th&iacute;ch.</p>\r\n\r\n<p>Sở hữu nh&agrave; th&ocirc;ng minh điều khiển bằng giọng n&oacute;i, đồng nghĩa với việc bạn đang trở th&agrave;nh người ti&ecirc;n phong, nắm bắt c&ocirc;ng nghệ v&agrave; xu thế tương lai.</p>\r\n', 'news3.jpg', 0, 58, '', '2017-07-09 23:07:15', '2018-05-07 10:05:34', 1, '', '', '', '', '', 'Tin tức 1', 'Đầu năm 2017, trợ lý ảo Alexa Amazon thực sự trở thành tâm điểm của triển lãm CES 2017 tại Las Vegas (Mỹ), bỏ qua các ứng dụng nhận diện giọng nói của các đối thủ như Apple, Google, Facebook…. Hệ sinh thái Alexa nhanh chóng rộng mở hứa hẹn trở thành trợ lý đắc lực của con người trong tương lai.', 'tin-tuc-1', '', 1, ''),
(31, 'Tin tức 4', 'Mô tả tin tức 4', '<p>Nội dung tin tức 4</p>\r\n', 'news4.jpg', 0, 62, '', '2017-12-03 16:12:41', '2018-05-07 10:05:43', 1, '', '', '', '', '', 'Tin tức 4', '', 'tin-tuc-4', '', 1, ''),
(50, 'VIP airport fast-track at Tan Son Nhat airport in Ho Chi Minh', 'VIP airport fast-track at Tan Son Nhat airport in Ho Chi Minh', '<p>Apply for VIP airport fast-track at Tan Son Nhat airport in Ho Chi Minh</p>\r\n', 'vietnam-visa-fast-track-immigration-services-visavietnam.jpg', 0, 58, 'vietnam airport fast-track', '2017-12-08 14:12:26', '2018-07-27 23:07:31', 1, 'VIP airport fast-track at Tan Son Nhat airport', '', '', '', '', 'VIP airport fast-track at Tan Son Nhat airport in Ho Chi Minh', 'VIP airport fast-track at Tan Son Nhat airport in Ho Chi Minh', 'vip-airport-fast-track-at-tan-son-nhat-airport-in-ho-chi-minh', 'VIP Vietnam Airport Fast-Track, VIP airport express service', 1, '107,106,105,'),
(54, 'vietnam airport express service', 'Vietnamfasttrack.org - the leading Vietnam airport express service', '<p>Vietnamfasttrack.org - the leading Vietnam airport express service</p>\r\n\r\n<p dir=\"ltr\"><strong>Vietnam airport express service</strong> is designed to help&nbsp;the passengers to save time at the airport in Vietnam. With this service, customer can get their visa stamping, visa sticker and go through their procedures immediately after landing at the airport. Customers using this service won&rsquo;t have to wait in the queue to wait for their turn. This will ensure that they can get their visa as soon as they land.</p>\r\n\r\n<p dir=\"ltr\">This service is for people who don&rsquo;t want to &nbsp;queue for hours at the airport, or are in a hurry for the upcoming meetings.</p>\r\n\r\n<p dir=\"ltr\">This type of service of <span style=\"color:#3498db\">vietnamfasttrack.org</span> will help the customers no longer have to worry at any international airport in Vietnam. With this helpful&nbsp;service, passengers&nbsp;can finish all immigration procedures at the&nbsp;airport less than 15 minutes and will no longer have to get in line because <strong><em>vietnam fast-track team</em></strong> will assist you and your luggage when you arrive</p>\r\n', 'vietnam-airport-express-service.jpg', 0, 70, 'vietnam airport fast-track experts', '2018-03-29 17:03:04', '2018-07-28 19:07:07', 1, 'Vietnamfasttrack.org - the leading Vietnam airport express service', '', '', '', '', 'vietnam airport express service', 'Vietnamfasttrack.org - the leading airport express service in Vietnam', 'vietnam-airport-express-service', 'Vietnam Airport Fast-Track/Vietnamfasttrack.org - the leader of Vietnam airport express service', 1, '105,'),
(57, 'Airport services in Viet Nam', 'With the blooming or Vietnam tourism, lots of new services are developping as well to support it. On the transportation side, airport fast – track service in Viet Nam is favored by many foreign visitors.', '<p style=\"margin-left:0cm; margin-right:0cm; text-align:justify\"><span style=\"font-size:14px\"><span style=\"font-family:Arial,Helvetica,sans-serif\"><span style=\"color:#000000\">These days, Viet Nam is becoming more and more popular with foreign visitors. It is famous not only by the hospitality of the people who live here but also by its wonderful and beautiful scenarios. Because Viet Nam&rsquo;s tourism is strongly developing, there are many useful services that come along with it, and <a href=\"http://vietnamfasttrack.org/\"><strong>airport fast &ndash; track service in Viet Nam</strong></a> is one of them.</span></span></span></p>\r\n\r\n<p style=\"margin-left:0cm; margin-right:0cm; text-align:justify\">&nbsp;</p>\r\n\r\n<h2 style=\"margin-left:0cm; margin-right:0cm; text-align:justify\"><span style=\"font-size:20px\"><span style=\"font-family:Arial,Helvetica,sans-serif\"><span style=\"color:#000000\"><strong>What is airport fast &ndash; track service in Viet Nam?</strong></span></span></span></h2>\r\n\r\n<p style=\"margin-left:0cm; margin-right:0cm; text-align:justify\"><span style=\"font-size:14px\"><span style=\"font-family:Arial,Helvetica,sans-serif\"><span style=\"color:#000000\"><a href=\"http://vietnamfasttrack.org/airport-services-in-viet-nam\"><strong>Airport fast &ndash; track service in Viet Nam</strong></a> is a service which helps the visitors to pass the lines, save their time, remove language barriers and get the visa stamping at the airport easily. It contributes to ensure that visitors will have a fast arrival and a successful transit. This kind of services at the airport is built to assist visitors when they arrived with the highest quality service to avoid wasting their valuable time, especially after a long flight.</span></span></span></p>\r\n\r\n<p style=\"margin-left:0cm; margin-right:0cm; text-align:justify\">&nbsp;</p>\r\n\r\n<p style=\"text-align:center\"><img alt=\"airport-fast-track-service-in-Viet-Nam\" height=\"279\" src=\"/image/images/airport-fast-track-service-in-Viet-Nam2.jpg\" width=\"600\" /></p>\r\n\r\n<p style=\"margin-left:0cm; margin-right:0cm; text-align:center\"><span style=\"font-size:14px\"><span style=\"font-family:Arial,Helvetica,sans-serif\"><em><span style=\"color:#000000\">&nbsp; Let&rsquo;s we help you to have a good time at the airport.</span></em></span></span></p>\r\n\r\n<p style=\"margin-left:0cm; margin-right:0cm; text-align:center\">&nbsp;</p>\r\n\r\n<h2 style=\"margin-left:0cm; margin-right:0cm; text-align:justify\"><span style=\"font-size:20px\"><span style=\"font-family:Arial,Helvetica,sans-serif\"><strong><span style=\"color:#000000\">Why you should choose airport fast &ndash; track service in Viet Nam?</span></strong></span></span></h2>\r\n\r\n<p style=\"margin-left:0cm; margin-right:0cm; text-align:justify\"><span style=\"font-size:14px\"><span style=\"font-family:Arial,Helvetica,sans-serif\"><span style=\"color:#000000\">With many years of business activities on the market, high-skilled and professional staffs, we are confident to bring to visitors the highest quality service with lots of benefits with our <a href=\"http://vietnamfasttrack.org/go-and-experience-our-first-class-vietnam-vip-airport-fast-track-service\"><strong>airport fast &ndash; track service in Viet Nam</strong></a> - the main service of the company</span></span></span></p>\r\n\r\n<p style=\"margin-left:0cm; margin-right:0cm; text-align:justify\"><span style=\"font-size:14px\"><span style=\"font-family:Arial,Helvetica,sans-serif\"><span style=\"color:#000000\">- Get visa stamp at landing visa counter without waiting</span></span></span></p>\r\n\r\n<p style=\"margin-left:0cm; margin-right:0cm; text-align:justify\"><span style=\"font-size:14px\"><span style=\"font-family:Arial,Helvetica,sans-serif\"><span style=\"color:#000000\">- Baggage porters available on request.</span></span></span></p>\r\n\r\n<p style=\"margin-left:0cm; margin-right:0cm; text-align:justify\"><span style=\"font-size:14px\"><span style=\"font-family:Arial,Helvetica,sans-serif\"><span style=\"color:#000000\">- Moreover, there are many other additional benefits you can get if you choose this service, which are:</span></span></span></p>\r\n\r\n<p style=\"margin-left:0cm; margin-right:0cm; text-align:justify\"><span style=\"font-size:14px\"><span style=\"font-family:Arial,Helvetica,sans-serif\"><span style=\"color:#000000\">- A uniformed assistant holding signboard with your name on at the arrival gate.</span></span></span></p>\r\n\r\n<p style=\"margin-left:0cm; margin-right:0cm; text-align:justify\"><span style=\"font-size:14px\"><span style=\"font-family:Arial,Helvetica,sans-serif\"><span style=\"color:#000000\">- A car transporting you with our staff directly to the VIP immigration.</span></span></span></p>\r\n\r\n<p style=\"margin-left:0cm; margin-right:0cm; text-align:justify\"><span style=\"font-size:14px\"><span style=\"font-family:Arial,Helvetica,sans-serif\"><span style=\"color:#000000\">- No queue fast track immigration counter with help from our assistant.</span></span></span></p>\r\n\r\n<p style=\"margin-left:0cm; margin-right:0cm; text-align:justify\"><span style=\"font-size:14px\"><span style=\"font-family:Arial,Helvetica,sans-serif\"><span style=\"color:#000000\">- If you lost any baggage, our assistant will assist you.</span></span></span></p>\r\n\r\n<p style=\"margin-left:0cm; margin-right:0cm; text-align:justify\"><span style=\"font-size:14px\"><span style=\"font-family:Arial,Helvetica,sans-serif\"><span style=\"color:#000000\">- Our assistant helps you to carry your baggage through customs and brings you to your limousine.</span></span></span></p>\r\n\r\n<p style=\"margin-left:0cm; margin-right:0cm; text-align:center\"><span style=\"font-size:14px\"><span style=\"font-family:Arial,Helvetica,sans-serif\"><span style=\"color:#000000\"><img alt=\"\" height=\"401\" src=\"file:///C:\\Users\\ADMINI~1\\AppData\\Local\\Temp\\msohtmlclip1\\01\\clip_image003.jpg\" width=\"602\" /></span></span></span></p>\r\n\r\n<p style=\"text-align:center\"><img alt=\"airport-fast-track-service-in-Viet-Nam\" height=\"400\" src=\"/image/images/airport-fast-track-service-in-Viet-Nam.jpg\" width=\"600\" /></p>\r\n\r\n<p style=\"margin-left:0cm; margin-right:0cm; text-align:center\"><span style=\"font-size:14px\"><span style=\"font-family:Arial,Helvetica,sans-serif\"><span style=\"color:#000000\">&nbsp;&nbsp;&nbsp;&nbsp;&nbsp;&nbsp;&nbsp;&nbsp;&nbsp;&nbsp;&nbsp;<em>&nbsp;&nbsp;&nbsp;&nbsp;&nbsp;&nbsp; Fast track service &ndash; easy time at the airport.</em></span></span></span></p>\r\n\r\n<p style=\"margin-left:0cm; margin-right:0cm; text-align:center\">&nbsp;</p>\r\n\r\n<h2 style=\"margin-left:0cm; margin-right:0cm; text-align:justify\"><span style=\"font-size:20px\"><span style=\"font-family:Arial,Helvetica,sans-serif\"><strong><span style=\"color:#000000\">How to book your airport fast &ndash; track service in Viet Nam at Vietnamfasttrack? </span></strong></span></span></h2>\r\n\r\n<p style=\"margin-left:0cm; margin-right:0cm; text-align:justify\"><span style=\"font-size:14px\"><span style=\"font-family:Arial,Helvetica,sans-serif\"><span style=\"color:#000000\">- Step 1: Go to our website and fill in the information: what kind of services you want to use, provide your personal information: full name, passport number, ID number, date of birth, nationality, flight number, arrival time (GMT+7)&hellip; We will send you a confirmation email so you can check your service carefully and easily.</span></span></span></p>\r\n\r\n<p style=\"margin-left:0cm; margin-right:0cm; text-align:justify\"><span style=\"font-size:14px\"><span style=\"font-family:Arial,Helvetica,sans-serif\"><span style=\"color:#000000\">- Step 2: Find our staff who is waiting for you at the landing arrival to pick you up with your name on a welcome board. In case you don&rsquo;t see our staff, please call our hotline. Our customer service work 24/7.</span></span></span></p>\r\n\r\n<p style=\"margin-left:0cm; margin-right:0cm; text-align:justify\"><span style=\"font-size:14px\"><span style=\"font-family:Arial,Helvetica,sans-serif\"><span style=\"color:#000000\">- Step 3: Give our staff your required documents including Viet Nam visa approval letter, entry and exit form, passport, 2 photos and stamping fee in cash in order to help you complete your entry procedure.</span></span></span></p>\r\n\r\n<p style=\"margin-left:0cm; margin-right:0cm; text-align:justify\"><span style=\"font-size:14px\"><span style=\"font-family:Arial,Helvetica,sans-serif\"><span style=\"color:#000000\">- Step 4: Our staff will give your passport back after 5 minutes and assist you to the baggage lounge as porter if you require and passing the custom check in.</span></span></span></p>\r\n\r\n<p style=\"margin-left:0cm; margin-right:0cm; text-align:justify\"><span style=\"font-size:14px\"><span style=\"font-family:Arial,Helvetica,sans-serif\"><span style=\"color:#000000\">Note: Please notify us your flight details 48 working hours before your departure.</span></span></span></p>\r\n\r\n<p style=\"margin-left:0cm; margin-right:0cm; text-align:justify\"><span style=\"font-size:14px\"><span style=\"font-family:Arial,Helvetica,sans-serif\"><span style=\"color:#000000\"><img alt=\"\" height=\"219\" src=\"file:///C:\\Users\\ADMINI~1\\AppData\\Local\\Temp\\msohtmlclip1\\01\\clip_image005.jpg\" width=\"602\" /></span></span></span></p>\r\n\r\n<p style=\"text-align:center\"><img alt=\"airport-fast-track-service-in-Viet-Nam\" height=\"218\" src=\"/image/images/airport-fast-track-service-in-Viet-Nam1.jpg\" width=\"600\" /></p>\r\n\r\n<p style=\"margin-left:0cm; margin-right:0cm; text-align:center\"><span style=\"font-size:14px\"><span style=\"font-family:Arial,Helvetica,sans-serif\"><em><span style=\"color:#000000\">Take it easy when you are at the airport by using fast track service.</span></em></span></span></p>\r\n\r\n<p style=\"margin-left:0cm; margin-right:0cm; text-align:center\">&nbsp;</p>\r\n\r\n<p style=\"margin-left:0cm; margin-right:0cm; text-align:justify\"><span style=\"font-size:14px\"><span style=\"font-family:Arial,Helvetica,sans-serif\"><span style=\"color:#000000\"><strong>Airport fast &ndash; track service in Viet Nam</strong> is a helpful service for visitors who don&rsquo;t want to waste time waiting at the airport. Furthermore, for people who come to Vietnam for the first time and aren&rsquo;t familiar with how things work, no doubt that this kind of service will be convenient. </span></span></span></p>\r\n', 'airport-fast-track-service-in-Viet-Nam4.jpg', 0, 58, '', '2018-05-30 10:05:55', '2018-06-26 07:06:36', 1, '', '', '', '', '', 'Airport services in Viet Nam', 'With the blooming or Vietnam tourism, lots of new services are developping as well to support it. On the transportation side, airport fast – track service in Viet Nam is favored by many foreign visitors.', 'airport-services-in-viet-nam', 'airport fast – track service in Viet Nam ', 1, ''),
(58, 'Go and experience our first class Vietnam vip airport fast track service ', 'The service that can help the visitors have an extremely pleasant arrival at almost airports in Vietnam. we ensure that you will be given the best care and service with the first class Vietnam vip airport fast track service by our company.', '<p style=\"text-align:justify\"><span style=\"font-family:Arial,Helvetica,sans-serif\"><span style=\"font-size:14px\"><span style=\"color:#000000\"><a href=\"http://vietnamfasttrack.org/\"><strong>First class Vietnam vip airport fast track service</strong></a> is believed to be one of the best service that Vietnamfasttrack company has to offer. From the South to the North, this service is very beneficial at every airport in Vietnam. Now let go to discover <strong>first class Vietnam vip airport fast track service</strong> and why this useful service is a worthy choice for the wisest customers &nbsp;</span></span></span></p>\r\n\r\n<p style=\"text-align:justify\">&nbsp;</p>\r\n\r\n<p style=\"text-align:center\"><img alt=\"first-class-Vietnam-vip-airport-fast-track-service\" height=\"450\" src=\"/image/images/first-class-Vietnam-vip-airport-fast-track-service.jpg\" width=\"600\" /></p>\r\n\r\n<p style=\"text-align:center\"><span style=\"font-family:Arial,Helvetica,sans-serif\"><span style=\"font-size:14px\"><em><span style=\"color:#000000\">Noi Bai international airport&nbsp;</span></em></span></span></p>\r\n\r\n<p style=\"text-align:center\">&nbsp;</p>\r\n\r\n<h2 style=\"text-align:justify\"><span style=\"font-size:20px\"><span style=\"font-family:Arial,Helvetica,sans-serif\"><strong><span style=\"color:#000000\">Benefits from first class Vietnam vip airport fast track service&nbsp;</span></strong></span></span></h2>\r\n\r\n<p style=\"text-align:justify\"><span style=\"font-family:Arial,Helvetica,sans-serif\"><span style=\"font-size:14px\"><span style=\"color:#000000\"><a href=\"http://vietnamfasttrack.org/airport-services-in-viet-nam\"><strong>First class Vietnam vip airport fast track service</strong></a> helps the visitors to get visa stamping, visa sticker and porter service at the landing visa counter at Vietnam Airport when the visitors arrive at the airport. This service was established to help customers to avoid wasting their valuable time, especially after already going through a long flight. Our local airport staff will meet you at the aiport and assist you to get Vietnam visa in the soonest time. Our VIP service will help you pass the long lines,and get the visa stamping at the airport easily. This can have save you a lot of time and will ensure that you won&rsquo;t miss any important meeting or schedule.&nbsp;</span></span></span></p>\r\n\r\n<p style=\"text-align:justify\">&nbsp;</p>\r\n\r\n<p style=\"text-align:center\"><img alt=\"first-class-Vietnam-vip-airport-fast-track-service\" height=\"300\" src=\"/image/images/first-class-Vietnam-vip-airport-fast-track-service2.jpg\" width=\"600\" /></p>\r\n\r\n<p style=\"text-align:center\"><span style=\"font-family:Arial,Helvetica,sans-serif\"><span style=\"font-size:14px\"><em><span style=\"color:#000000\">Getting visa stamping process in Vietnam airports&nbsp;</span></em></span></span></p>\r\n\r\n<p style=\"text-align:center\">&nbsp;</p>\r\n\r\n<p style=\"text-align:justify\"><span style=\"font-family:Arial,Helvetica,sans-serif\"><span style=\"font-size:14px\"><span style=\"color:#000000\">In addition <a href=\"http://vietnamfasttrack.org/go-and-experience-our-first-class-vietnam-vip-airport-fast-track-service\"><strong>first class Vietnam vip airport fast track service</strong></a> has been attracted many visitors&rsquo; attention when they arrive or are going to arrive at Vietnam airports thanks to the high quality of service that we supply our customers throughout some recent years. Thanks to our professional staff and the smooth procedures we offer, our services have been meet with appreciation from lots of visitors, espescially business people, or travelers groups with children, pregnant women and elder people.&nbsp;</span></span></span></p>\r\n\r\n<p style=\"text-align:justify\">&nbsp;</p>\r\n\r\n<p style=\"text-align:justify\"><span style=\"font-size:20px\"><span style=\"font-family:Arial,Helvetica,sans-serif\"><strong><span style=\"color:#000000\">The difference between first class Vietnam vip airport fast track service and other services</span></strong></span></span></p>\r\n\r\n<p style=\"text-align:justify\"><span style=\"font-family:Arial,Helvetica,sans-serif\"><span style=\"font-size:14px\"><span style=\"color:#000000\"><strong>First class Vietnam vip airport fast track service</strong> come with is a uniformed assistant holding a signboard with your name on at the arrival gate so you can easily find our staff. We also offer a car transporting you with our staff directly to the VIP immigration; as well as helping you with your baggage. So even if you unfortunely lose any baggage, don&rsquo;t worry because your assitant will help you get in back in no time &nbsp;</span></span></span></p>\r\n\r\n<p style=\"text-align:justify\">&nbsp;</p>\r\n\r\n<p style=\"text-align:center\"><img alt=\"first-class-Vietnam-vip-airport-fast-track-service\" height=\"401\" src=\"/image/images/first-class-Vietnam-vip-airport-fast-track-service1.jpg\" width=\"600\" /></p>\r\n\r\n<p style=\"text-align:center\"><span style=\"font-family:Arial,Helvetica,sans-serif\"><span style=\"font-size:14px\"><span style=\"color:#000000\"><em>&nbsp;The staff serves the customer&nbsp;</em></span></span></span></p>\r\n\r\n<p style=\"text-align:center\">&nbsp;</p>\r\n\r\n<p style=\"text-align:justify\"><span style=\"font-family:Arial,Helvetica,sans-serif\"><span style=\"font-size:14px\"><span style=\"color:#000000\">VietnamfasttrackCompany Limited is one of the most reputable transporting companies. We have served and assited a large number of visitors and every big aiports in Vietnam, from Hanoi to Ho Chi Minh city and Da Nang. With more than 10 years of experience in providing fast track service, our company is confident to bring the best trips for you and your family. Let&rsquo;s book<strong> first class Vietnam vip airport fast track service </strong>and enjoy your trip.&nbsp;</span></span></span><br />\r\n&nbsp;</p>\r\n', 'first-class-Vietnam-vip-airport-fast-track-service212.jpg', 0, 58, '', '2018-05-30 10:05:14', '2018-05-30 10:05:10', 1, '', '', '', '', '', 'Go and experience our first class Vietnam vip airport fast track service ', 'The service that can help the visitors have an extremely pleasant arrival at almost airports in Vietnam. we ensure that you will be given the best care and service with the first class Vietnam vip airport fast track service by our company.', 'go-and-experience-our-first-class-vietnam-vip-airport-fast-track-service', 'First class Vietnam vip airport fast track service ', 1, ''),
(59, 'Vietnam airport vip fast track service - the choice of wise customers', 'You are confused because you don’t know what is best service to choose at the airport. One that can help you save as much time as possible because you really don’t like long complicated procedures. Vietnam airport vip fast track service help you to solve this problem.', '<p style=\"margin-left:0cm; margin-right:0cm; text-align:justify\"><span style=\"font-size:14px\"><span style=\"font-family:Arial,Helvetica,sans-serif\"><a href=\"http://vietnamfasttrack.org/\"><strong>Vietnam airport vip fast track service</strong></a> is one of the best services of&nbsp; Vietnamfasttrack Company Limited. This service is to assist the visitors to get visa stamping, visa sticker and porter service at the landing visa counter at Vietnam Airports. When the visitors arrive at Vietnam airport, they will have to spend much time at the Immigration procedures, this may be a concern for lots of people because it can be really tiring waiting for hours at the queue to get to your turn, before going through a complex procedure with lots of tasks. For busy people this may even mean that they can miss important schedules. Our service is the right choice that the wise customers should choose. We make sure that<a href=\"http://vietnamfasttrack.org/go-and-experience-our-first-class-vietnam-vip-airport-fast-track-service\"><strong> Vietnam airport vip fast track service</strong></a> will give you a good flight. </span></span></p>\r\n\r\n<p style=\"margin-left:0cm; margin-right:0cm; text-align:justify\">&nbsp;</p>\r\n\r\n<p style=\"text-align:center\"><img alt=\"Vietnam-airport-vip-fast-track-service\" height=\"450\" src=\"/image/images/Vietnam-airport-vip-fast-track-service1.jpg\" width=\"600\" /></p>\r\n\r\n<p style=\"margin-left:0cm; margin-right:0cm; text-align:center\"><em><span style=\"font-size:14px\"><span style=\"font-family:Arial,Helvetica,sans-serif\">Tan Son Nhat international airport </span></span></em></p>\r\n\r\n<p style=\"margin-left:0cm; margin-right:0cm; text-align:center\">&nbsp;</p>\r\n\r\n<h2 style=\"margin-left:0cm; margin-right:0cm; text-align:justify\"><strong><span style=\"font-size:20px\"><span style=\"font-family:Arial,Helvetica,sans-serif\">Overview of Vietnam airport vip fast track service</span></span></strong></h2>\r\n\r\n<p style=\"margin-left:0cm; margin-right:0cm; text-align:justify\"><span style=\"font-size:14px\"><span style=\"font-family:Arial,Helvetica,sans-serif\">As you know <strong><a href=\"http://vietnamfasttrack.org/vietnam-airport-vip-fast-track-service-the-choice-of-wise-customers\">Vietnam airport vip fast track service</a> </strong>is a service which helps the visitors getting visa stamping, visa sticker and porter service at the landing visa counter at Vietnam Airports. It was established to assist visitors at the airport when they arrived with the highest quality to avoid wasting your valuable time, especially after having a long flight. Our local airport staff will meet you to get Vietnam visa as soon as possible. Our VIP service will allow you to get pass the long lines at the procedures, so you can save your time. With our assisting staff there will be no language barriers and you can get the visa stamping at the airport easily. It will ensure a fast arrival and a successful transit.</span></span></p>\r\n\r\n<p style=\"margin-left:0cm; margin-right:0cm; text-align:justify\">&nbsp;</p>\r\n\r\n<p style=\"text-align:center\"><img alt=\"Vietnam-airport-vip-fast-track-service\" height=\"300\" src=\"/image/images/Vietnam-airport-vip-fast-track-service.jpg\" width=\"600\" /></p>\r\n\r\n<h2 style=\"margin-left:0cm; margin-right:0cm; text-align:center\"><em><span style=\"font-size:14px\"><span style=\"font-family:Arial,Helvetica,sans-serif\">Airport taxi 16 seat </span></span></em></h2>\r\n\r\n<p>&nbsp;</p>\r\n\r\n<h2 style=\"margin-left:0cm; margin-right:0cm; text-align:justify\"><strong><span style=\"font-size:20px\"><span style=\"font-family:Arial,Helvetica,sans-serif\">The reasons which you should choose &nbsp;Vietnam airport vip fast track service </span></span></strong></h2>\r\n\r\n<p style=\"margin-left:0cm; margin-right:0cm; text-align:justify\"><span style=\"font-size:14px\"><span style=\"font-family:Arial,Helvetica,sans-serif\">Vietnam airport vip fast track service of Vietnamfasttrack company has been attracted many visitors&rsquo; attention when they arrive or are going to arrive at Vietnam airports since the high quality of service that we supply to our customers throughout some recent years. Vietnam airport vip fast track service gives you&nbsp; a lot of benefits, it consists of getting visa stamp at landing visa counter without having to wait at line, baggage porters available on request. This is a good option for those who visit Vietnam for the first time and who needs to get visa stamp as quick as possible. In addition our Vietnam airport vip fast track service is espescially convenient for large group. Childreen, pregnant women or disable and elder people can really benefit from this service as well. Since it is time-saving, it can help these people avoid being tired. </span></span></p>\r\n\r\n<p style=\"margin-left:0cm; margin-right:0cm; text-align:justify\">&nbsp;</p>\r\n\r\n<p style=\"text-align:center\"><img alt=\"Vietnam-airport-vip-fast-track-service\" height=\"450\" src=\"/image/images/Vietnam-airport-vip-fast-track-service2.jpg\" width=\"600\" /></p>\r\n\r\n<p style=\"margin-left:0cm; margin-right:0cm; text-align:center\"><em><span style=\"font-size:14px\"><span style=\"font-family:Arial,Helvetica,sans-serif\">Getting visa stamping area at airport </span></span></em></p>\r\n\r\n<p style=\"margin-left:0cm; margin-right:0cm; text-align:center\">&nbsp;</p>\r\n\r\n<p style=\"margin-left:0cm; margin-right:0cm; text-align:justify\"><span style=\"font-size:14px\"><span style=\"font-family:Arial,Helvetica,sans-serif\">Vietnamfasttrack company is one of the most reputable transporting companies. With Vietnam airport vip fast track service, we are very happy to provide you with the highest quality service.</span></span></p>\r\n', 'Vietnam-airport-vip-fast-track-service123.jpg', 0, 58, '', '2018-05-30 10:05:56', '2018-05-30 10:05:33', 1, '', '', '', '', '', 'Vietnam airport vip fast track service - the choice of wise customers', 'You are confused because you don’t know what is best service to choose at the airport. One that can help you save as much time as possible because you really don’t like long complicated procedures. Vietnam airport vip fast track service help you to solve this problem.', 'vietnam-airport-vip-fast-track-service-the-choice-of-wise-customers', 'Vietnam airport vip fast track service ', 1, ''),
(60, 'Fast Track Service In Ho Chi Minh - Tan Son Nhat Airport.', 'In a crowded and busy airport like Tan Son Nhat, the fast track service tan son nhat airport will be a really useful service for people to avoid wasting time and make the best out of their trip. ', '<p dir=\"ltr\" style=\"text-align:justify\"><span style=\"font-size:14px\"><span style=\"font-family:Arial,Helvetica,sans-serif\">Ho Chi Minh is the most modern city of Viet Nam. If you had chosen Viet Nam as a tourist destination, there is no reason for not coming to Ho Chi Minh city. What makes this place &nbsp;attractive is not really its nature beauty with poetic and romantic scenery, but because this is a young and dynamic city with wonderful living and working quality. This means that the quality of every kind of customer services, especially at the airport in here is really high-standard, and <a href=\"http://vietnamfasttrack.org/\"><span style=\"color:#2980b9\"><strong>fast track service Tan Son Nhat airport</strong></span></a> by Vietnamfasttrack is a typical example.</span></span></p>\r\n\r\n<p style=\"text-align:center\"><img alt=\"fast-track-service-Tan-Son-Nhat-Airport\" height=\"218\" src=\"/image/images/fast-track-service-Tan-Son-Nhat-Airport.jpg\" width=\"600\" /></p>\r\n\r\n<p dir=\"ltr\" style=\"text-align:center\"><span style=\"font-size:14px\"><span style=\"font-family:Arial,Helvetica,sans-serif\">&nbsp;&nbsp;&nbsp;&nbsp;&nbsp;&nbsp;&nbsp;&nbsp;&nbsp;&nbsp;&nbsp;&nbsp;&nbsp;&nbsp;&nbsp;&nbsp;&nbsp;&nbsp;&nbsp;&nbsp;&nbsp;<em>&nbsp;&nbsp;&nbsp;&nbsp;Go to airport &ndash; use fast track service.</em></span></span></p>\r\n\r\n<h2 dir=\"ltr\" style=\"text-align:justify\"><strong><span style=\"font-size:20px\"><span style=\"font-family:Arial,Helvetica,sans-serif\">Why do you need fast track service Tan Son Nhat airport ?</span></span></strong></h2>\r\n\r\n<p dir=\"ltr\" style=\"text-align:justify\"><span style=\"font-size:14px\"><span style=\"font-family:Arial,Helvetica,sans-serif\">There is a fact that the lines for customs counters are usually very long at Tan Son Nhat. As an international airport, there are a lot of people in here daily. So, because there are too many people, the quality of customer service for normal customer maybe is not good enough. It takes you a long time from queuing to getting your own visa stamping or visa sticker. This can be really frustrating for people having to wait for hours, espescially those who have important business meetings or traveler groups wanting to start touring as soon as possible. Vietnamfasttrack company with <a href=\"http://vietnamfasttrack.org/vietnam-airport-vip-fast-track-service-the-choice-of-wise-customers\"><span style=\"color:#2980b9\"><strong>fast track service Tan Son Nhat airport </strong></span></a>can help solve this problem. </span></span></p>\r\n\r\n<p dir=\"ltr\" style=\"text-align:justify\"><span style=\"font-size:14px\"><span style=\"font-family:Arial,Helvetica,sans-serif\">This service help customer get their visa and proceed with the immigration &nbsp;procedures right after landing at the airport, without having to wait at the queue. This can save up a lot of your precious time, allows you to use it for other important activities.</span></span></p>\r\n\r\n<p style=\"text-align:center\"><img alt=\"fast-track-service-Tan-Son-Nhat-Airport\" height=\"452\" src=\"/image/images/fast-track-service-Tan-Son-Nhat-Airport1.jpg\" width=\"600\" /></p>\r\n\r\n<p dir=\"ltr\" style=\"text-align:center\"><span style=\"font-size:14px\"><span style=\"font-family:Arial,Helvetica,sans-serif\">&nbsp;&nbsp;&nbsp;&nbsp;&nbsp;&nbsp;&nbsp;&nbsp;&nbsp;&nbsp;&nbsp;<em>&nbsp;&nbsp;&nbsp;&nbsp;&nbsp;You will have a good time at Tan Son Nhat airport.</em></span></span></p>\r\n\r\n<h2 dir=\"ltr\" style=\"text-align:justify\"><strong><span style=\"font-size:20px\"><span style=\"font-family:Arial,Helvetica,sans-serif\">Who can use fast track service Tan Son Nhat airport ?</span></span></strong></h2>\r\n\r\n<p dir=\"ltr\" style=\"text-align:justify\"><span style=\"font-size:14px\"><span style=\"font-family:Arial,Helvetica,sans-serif\">Fast track service Tan Son Nhat airport &nbsp;have special programs for different kind of customers, for example:</span></span></p>\r\n\r\n<p dir=\"ltr\" style=\"text-align:justify\"><span style=\"font-size:14px\"><span style=\"font-family:Arial,Helvetica,sans-serif\">- Customers with young children.</span></span></p>\r\n\r\n<p dir=\"ltr\" style=\"text-align:justify\"><span style=\"font-size:14px\"><span style=\"font-family:Arial,Helvetica,sans-serif\">- Customers traveling in large groups</span></span></p>\r\n\r\n<p dir=\"ltr\" style=\"text-align:justify\"><span style=\"font-size:14px\"><span style=\"font-family:Arial,Helvetica,sans-serif\">- Customers with special conditions such as pregnant women or disable and elder people.</span></span></p>\r\n\r\n<p dir=\"ltr\" style=\"text-align:justify\"><span style=\"font-size:14px\"><span style=\"font-family:Arial,Helvetica,sans-serif\">- Business customers with important schedule to attend after landing</span></span></p>\r\n\r\n<h2 dir=\"ltr\" style=\"text-align:justify\"><strong><span style=\"font-size:20px\"><span style=\"font-family:Arial,Helvetica,sans-serif\">The benefits for using fast track service Tan Son Nhat airport </span></span></strong></h2>\r\n\r\n<p dir=\"ltr\" style=\"text-align:justify\"><span style=\"font-size:14px\"><span style=\"font-family:Arial,Helvetica,sans-serif\">- Don&rsquo;t have to waste your time at the airport by waiting for queue and getting in line. Our staffs will take care of everything, you just need to relax and enjoy the time.</span></span></p>\r\n\r\n<p><span style=\"font-size:14px\"><span style=\"font-family:Arial,Helvetica,sans-serif\">- Baggage porters are available on request, if you have too many baggage or your baggage is too heavy, you can get help from us.</span></span></p>\r\n\r\n<p dir=\"ltr\" style=\"text-align:justify\"><span style=\"font-size:14px\"><span style=\"font-family:Arial,Helvetica,sans-serif\">- If you go to Ho Chi Minh for the first time, this service is really inconvenient because you might be unfamiliar with the procedures at Vietnamese airports and it can help you go through it smoothly. </span></span></p>\r\n\r\n<p style=\"text-align:center\"><img alt=\"fast-track-service-Tan-Son-Nhat-Airport\" height=\"336\" src=\"/image/images/fast-track-service-Tan-Son-Nhat-Airport2.jpg\" width=\"600\" /></p>\r\n\r\n<p dir=\"ltr\" style=\"text-align:center\"><span style=\"font-size:14px\"><span style=\"font-family:Arial,Helvetica,sans-serif\">&nbsp;&nbsp;&nbsp;&nbsp;&nbsp;&nbsp;&nbsp;<em>&nbsp;&nbsp;&nbsp;&nbsp;&nbsp;&nbsp;&nbsp;&nbsp;Wonderful help from fast track service.</em></span></span></p>\r\n\r\n<p dir=\"ltr\" style=\"text-align:justify\"><span style=\"font-size:14px\"><span style=\"font-family:Arial,Helvetica,sans-serif\">Everyone wants to optimize their time and don&rsquo;t want to spend hours at the aiport doing nothing but wait. Let&rsquo;s us help you have a good flight by serving you perfectly at the airport. This is the right time for you to use <a href=\"http://vietnamfasttrack.org/fast-track-service-in-ho-chi-minh-tan-son-nhat-airport\"><strong>fast track service Tan Son Nhat Airport</strong></a> if you are having the plan to go to Ho Chi Minh.</span></span></p>\r\n\r\n<p dir=\"ltr\" style=\"text-align:justify\"><span style=\"font-size:14px\"><span style=\"font-family:Arial,Helvetica,sans-serif\">Go to our website for more information</span></span></p>\r\n', 'fast-track-service-Tan-Son-Nhat-Airport1.jpg', 0, 58, '', '2018-06-08 13:06:37', '2018-06-08 13:06:02', 1, '', '', '', '', '', 'Fast Track Service In Ho Chi Minh - Tan Son Nhat Airport.', 'In a crowded and busy airport like Tan Son Nhat, the fast track service tan son nhat airport will be a really useful service for people to avoid wasting time and make the best out of their trip. ', 'fast-track-service-in-ho-chi-minh-tan-son-nhat-airport', 'fast track service Tan Son Nhat airport', NULL, ''),
(61, 'Airport Fast Track Service - Useful Choice For The Flights ', 'Many people often not have a good experience when they arrive at airports in Vietnam, mostly because of long and tiring formality process. If you want to save your precious time,  Airport fast track service is a suitable solution for you. ', '<p dir=\"ltr\" style=\"text-align:justify\"><span style=\"font-family:Arial,Helvetica,sans-serif\"><span style=\"font-size:14px\">Airport fast track service is one that is created to provide the visitors &nbsp;at airports with useful supports so that the customers can reduce time to complete the necessary procedures or transmit the most quickly as possible. As you know airports in Vietnam is usually really crowded and noisy, therefore you easily feel tired or stressful when waiting for visa stamping and the others tasks. It can take passengers from 30 minutes to two hours, or even more than that to wait for check-in procedure. Airport fast track service is the wise solution for this problem that you should not ignore. </span></span></p>\r\n\r\n<p style=\"text-align:center\"><img alt=\"Airport-fast-track-service\" height=\"450\" src=\"/image/images/Airport-fast-track-service2.jpg\" width=\"600\" /></p>\r\n\r\n<p dir=\"ltr\" style=\"text-align:center\"><em><span style=\"font-family:Arial,Helvetica,sans-serif\"><span style=\"font-size:14px\">The crowded in Tan Son Nhat airport </span></span></em></p>\r\n\r\n<h2 dir=\"ltr\" style=\"text-align:justify\"><strong><span style=\"font-size:20px\"><span style=\"font-family:Arial,Helvetica,sans-serif\">Why should you choose Airport fast track service ?</span></span></strong></h2>\r\n\r\n<p dir=\"ltr\" style=\"text-align:justify\"><span style=\"font-family:Arial,Helvetica,sans-serif\"><span style=\"font-size:14px\">The first reason is that Airport fast track service provides &nbsp;high quality service with lots of benefits: Fast track services are very quickly, you do not need to wait to get in line at the visa counter. You can get visa stamp and complete other procedures right after landing, therefore you can save much time. In addition you can receive baggage porters available on request. This is a really good options, espescially for those who visit Vietnam for the first time and want to get visa stamp as quick as possible. </span></span></p>\r\n\r\n<p style=\"text-align:center\"><img alt=\"Airport-fast-track-service\" height=\"279\" src=\"/image/images/Airport-fast-track-service1.jpg\" width=\"600\" /></p>\r\n\r\n<p dir=\"ltr\" style=\"text-align:center\"><em><span style=\"font-family:Arial,Helvetica,sans-serif\"><span style=\"font-size:14px\">Professional serving way </span></span></em></p>\r\n\r\n<p dir=\"ltr\" style=\"text-align:justify\"><span style=\"font-family:Arial,Helvetica,sans-serif\"><span style=\"font-size:14px\">The second reason is that <a href=\"http://vietnamfasttrack.org/\"><strong>Airport fast track service</strong></a> will be appropriate to some speical target, this service supplies helpful products &nbsp;for them. For example this helps taking care your children, supports to travel in the big group. Further &nbsp;you can have Vietnam visa in time to serve your work if you have important business you need to attend right away and can&rsquo;t waste time waiting at the airport. This service is a also beneficial for pregnant women, disable people and elder people.</span></span></p>\r\n\r\n<p dir=\"ltr\" style=\"text-align:justify\"><span style=\"font-family:Arial,Helvetica,sans-serif\"><span style=\"font-size:14px\">The third reason is that <a href=\"http://vietnamfasttrack.org/fast-track-service-in-ho-chi-minh-tan-son-nhat-airport\"><strong>Airport fast track service</strong> </a>has an extremely professional, friendly and enthusiastic team of staff. Our local airport staff will meet you at the airport. They will assist you in the procedures and help you with your luggage too. Our staff always do their best to give you a wonderful experience with Airport fast track service</span></span></p>\r\n\r\n<h2 dir=\"ltr\" style=\"text-align:justify\"><strong><span style=\"font-size:20px\"><span style=\"font-family:Arial,Helvetica,sans-serif\">How to book the best Airport fast track service in Vietnam ?</span></span></strong></h2>\r\n\r\n<p style=\"text-align:center\"><img alt=\"Airport-fast-track-service\" height=\"338\" src=\"/image/images/Airport-fast-track-service.jpg\" width=\"600\" /></p>\r\n\r\n<p dir=\"ltr\" style=\"text-align:center\"><em><span style=\"font-family:Arial,Helvetica,sans-serif\"><span style=\"font-size:14px\">The staff meet the customer at airport </span></span></em></p>\r\n\r\n<p dir=\"ltr\" style=\"text-align:justify\"><span style=\"font-family:Arial,Helvetica,sans-serif\"><span style=\"font-size:14px\">This service is a perfect choice for any trip. And with Vietnamfasttrack, the leading company in providing Airport fast track service, it is really easy to book the service. All you have to do is &nbsp;visiting our website or dialing our website in order to book and experience the best <a href=\"http://vietnamfasttrack.org/airport-fast-track-service-useful-choice-for-the-flights\"><strong>Airport fast track service</strong></a> in Vietnam . &nbsp;</span></span></p>\r\n\r\n<p dir=\"ltr\" style=\"text-align:justify\"><span style=\"font-family:Arial,Helvetica,sans-serif\"><span style=\"font-size:14px\">Vietnamfasttrack Company is one of the most reputable transporting companies, providing Airport fast track service with highest quality. &nbsp;With more than 10 years of business activities on the market, the company is confident to bring the best trips for you and your family. </span></span></p>\r\n', 'Airport-fast-track-service.jpg', 0, 58, '', '2018-06-08 13:06:45', '2018-06-08 13:06:10', 1, '', '', '', '', '', 'Airport Fast Track Service - Useful Choice For The Flights ', 'Many people often not have a good experience when they arrive at airports in Vietnam, mostly because of long and tiring formality process. If you want to save your precious time,  Airport fast track service is a suitable solution for you. ', 'airport-fast-track-service-useful-choice-for-the-flights', 'Airport fast track service', NULL, '');
INSERT INTO `news` (`news_id`, `news_name`, `news_des`, `news_content`, `news_img`, `news_views`, `newscat_id`, `news_author`, `news_created_date`, `news_update_date`, `state`, `news_sub_info1`, `news_sub_info2`, `news_sub_info3`, `news_sub_info4`, `news_sub_info5`, `title_seo`, `des_seo`, `friendly_url`, `keyword`, `created_id`, `newstag_arr`) VALUES
(62, 'Vietnamfasttrask And Services', 'Vietnamfasttrack company is one of the most reputable and quality companies in the market. We specialize in transporting people and goods, both at domestic and abroad. With a team of staffs and professional drivers that work over 10 years, our company is confident to bring the best service to everyone. ', '<h2 dir=\"ltr\" style=\"text-align:justify\"><strong><span style=\"font-size:20px\"><span style=\"font-family:Arial,Helvetica,sans-serif\">The services of Vietnamfasttrack</span></span></strong></h2>\r\n\r\n<p dir=\"ltr\" style=\"text-align:justify\"><span style=\"font-size:14px\"><span style=\"font-family:Arial,Helvetica,sans-serif\">We provide services at airports for all types of travelers, who don&rsquo;t want to &nbsp;have to queue for many hours to complete airport procedures. If you have an upcoming meeting or any other reason that you are in a hurry, you could book the services of our company to be served as a VIP guest at all Vietnam international airports. The services provided by <a href=\"http://vietnamfasttrack.org/\"><span style=\"color:#2980b9\"><strong>Vietnam fast-track</strong></span></a> help customers no longer have to worry at any international airport in Vietnam. With our range of services, customers can leave the airport early and will no longer have to wait in long lines, because we will assist you and your luggage when you arrive at the airport. Our system includes a welcome airside at the air bridge, fast track and assistance through visa and border control. Booking and reservation systems will help you select and book the service accurately. </span></span></p>\r\n\r\n<p dir=\"ltr\" style=\"text-align:justify\"><span style=\"font-size:14px\"><span style=\"font-family:Arial,Helvetica,sans-serif\"><a href=\"http://vietnamfasttrack.org/gioi-thieu\"><span style=\"color:#2980b9\"><strong>Vietnam fast-track</strong></span></a> works with the motto: react fast, start smoothly, and connect successfully. We specialize in providing two main types of services: Vietnam VIP airport fast-track, and Vietnam visa on arrival. </span></span></p>\r\n\r\n<h2 dir=\"ltr\" style=\"text-align:justify\"><span style=\"font-size:20px\"><strong><span style=\"font-family:Arial,Helvetica,sans-serif\">1. Vietnam VIP airport fasttrack</span></strong></span></h2>\r\n\r\n<p dir=\"ltr\" style=\"text-align:justify\"><span style=\"font-size:14px\"><span style=\"font-family:Arial,Helvetica,sans-serif\">Vietnam VIP airport fasttrack is the company&rsquo;s trademark service and the one that built our reputation as the leading company in airport services. Our staff will meet you at the air bridge. They will help you bypass the queue to check your visa or passport, escort you to the luggage area and customs. Before departure, they will contact your driver, assist you through booking and entry; and take you to the airline lounge and the port. Our strength lies in the fast, easy and professional process that help customers optimize their time at the airport, with high quality customer service, our will to provide service to all kinds of customers at a reasonable price</span></span></p>\r\n\r\n<h2 dir=\"ltr\" style=\"text-align:justify\"><strong><span style=\"font-size:20px\"><span style=\"font-family:Arial,Helvetica,sans-serif\">2. Vietnam visa on arrival</span></span></strong></h2>\r\n\r\n<p dir=\"ltr\" style=\"text-align:justify\"><span style=\"font-size:14px\"><span style=\"font-family:Arial,Helvetica,sans-serif\">Another main service of Vietnamfasttrack, Vietnam visa on arrival works in harmony with the VIP airport fasttrack service to help customers accomplish the airport procedures the quickest way possible. To enter any country, the first step is to apply for a visa of that country. The visa application procedure has to go through many steps and take a lot of time. Understanding how this can be an inconvenience for customers, Visa on arrival is designed by Vietnamfasttrack to be the best option for those who are away from the embassy, or in urgent need of a visa to enter the country. The Vietnam Visa on Arrival service helps you get your entry visa right at the airport. This visa procedure is very simple, it costs almost no time and travel expenses. </span></span></p>\r\n\r\n<p dir=\"ltr\" style=\"text-align:justify\"><span style=\"font-size:14px\"><span style=\"font-family:Arial,Helvetica,sans-serif\">Customers do not have to apply for a visa before flying, but only need a Visa approval letter, provided by Vietnamfasttrack, and get a visa on arrival at the airport. Guests can obtain their own visa at the airport with this letter. If you want to get the visa right after landing, Vietnam fast-track provides Vietnam VIP airport fast track service to ensure your wish.</span></span></p>\r\n\r\n<p dir=\"ltr\" style=\"text-align:justify\"><span style=\"font-size:14px\"><span style=\"font-family:Arial,Helvetica,sans-serif\">Besides, we have additional services to give customers the best experience with Vietnam airport transfer and Vietnam VIP lounge.</span></span></p>\r\n\r\n<h2 dir=\"ltr\" style=\"text-align:justify\"><strong><span style=\"font-size:20px\"><span style=\"font-family:Arial,Helvetica,sans-serif\">3. Vietnam airport transfer</span></span></strong></h2>\r\n\r\n<p dir=\"ltr\" style=\"text-align:justify\"><span style=\"font-size:14px\"><span style=\"font-family:Arial,Helvetica,sans-serif\">Aside from airport procedures, another thing that often take a lot of time and tire out foreign customers when coming to Vietnam is finding a suitable transportation means to the hotel or their accomodation. That is the reason for our Vietnam airport transfer service. We provide a fast and convenient transportation service that is ready right after you step out of the airport. Our booking processors and booking service allow you to enter details of your trip, it will list a variety of vehicles for you to choose from. We provide a list of vehicles, including group travel prices for arrivals and departures from the airport to convention centers or hotels.</span></span></p>\r\n\r\n<p dir=\"ltr\" style=\"text-align:justify\"><span style=\"font-size:14px\"><span style=\"font-family:Arial,Helvetica,sans-serif\">Vietnam airport transfer always uses new high quality vehicles, professional drivers who have been trained with English skills and cultural knowledge. </span></span></p>\r\n\r\n<h2 dir=\"ltr\" style=\"text-align:justify\"><strong><span style=\"font-size:20px\"><span style=\"font-family:Arial,Helvetica,sans-serif\">4. Vietnam Airport VIP lounge</span></span></strong></h2>\r\n\r\n<p dir=\"ltr\" style=\"text-align:justify\"><span style=\"font-size:14px\"><span style=\"font-family:Arial,Helvetica,sans-serif\">A true feeling of comfort and luxury, the Vietnam VIP lounge serves to give you the best time at the airport. A private space when dropping a nap on a massage chair to prepare for a long flight; choose a menu that best suits you while enjoying the weather; using the Wi-Fi internet to work even before boarding a business center area is something your business is looking forward to.</span></span></p>\r\n\r\n<p dir=\"ltr\" style=\"text-align:justify\"><span style=\"font-size:14px\"><span style=\"font-family:Arial,Helvetica,sans-serif\">There is a VIP lounge at each international airport, our staff will come to the airport welcome guests, and then VIP facilities will transfer guests into the VIP lounge and complete procedures for guests. You will enjoy the VIP service while we help you complete the procedure. </span></span></p>\r\n\r\n<h2 dir=\"ltr\" style=\"text-align:justify\"><strong><span style=\"font-size:20px\"><span style=\"font-family:Arial,Helvetica,sans-serif\">Our values</span></span></strong></h2>\r\n\r\n<p dir=\"ltr\" style=\"text-align:justify\"><span style=\"font-size:14px\"><span style=\"font-family:Arial,Helvetica,sans-serif\">We always strive to improve the quality of our services such as the selection of modern vehicles, easy and flexible booking, language training and cultural understanding for the drivers as well as the professionalism of the service staff, we are even willing to provide tour guides if you have a need. In the future, the company will become the famous brand in Vietnam and abroad, so the customers can trust the price and quality of our services.</span></span></p>\r\n\r\n<p dir=\"ltr\" style=\"text-align:justify\"><span style=\"font-size:14px\"><span style=\"font-family:Arial,Helvetica,sans-serif\">For over 10 years, Vietnam fast-track Company has assisted thousands of travelers over the airport. The fast track service applies to any traveler, on any airline brand, in any cabin class, and at all major airports. Our specialized staff will help you choose the most accurate service at the lowest cost. We always provide you with the best service, with special assistance to meet your needs at domestic and international airports.</span></span></p>\r\n', NULL, 0, 0, '', '2018-06-13 09:06:48', '2018-06-26 07:06:18', 1, '', '', '', '', '', 'Vietnamfasttrask And Services', 'Vietnamfasttrack company is one of the most reputable and quality companies in the market. We specialize in transporting people and goods, both at domestic and abroad. With a team of staffs and professional drivers that work over 10 years, our company is confident to bring the best service to everyone. ', 'vietnamfasttrask-and-services', 'Vietnam Airport Fast-Track', 1, ''),
(63, 'Vietnam Airport Fasttrack of Vietnamfasttrack', 'Vietnamfasttrack Company Limited was one of the most reputable transporting companies. With more than 10 years of experience in serving thoudsands customers around the world, our company is confident to bring the best trips for you and your family. The company’s top service, Vietnam Airport Fasttrack, has built up our reputation as a pioneer in airport services.  ', '<h2 dir=\"ltr\" style=\"text-align:justify\"><strong><span style=\"font-size:18px\"><span style=\"font-family:Arial,Helvetica,sans-serif\">What is Vietnam Airport Fasttrack service?</span></span></strong></h2>\r\n\r\n<p dir=\"ltr\" style=\"text-align:justify\"><span style=\"font-size:14px\"><span style=\"font-family:Arial,Helvetica,sans-serif\">The<a href=\"http://vietnamfasttrack.org/\"><span style=\"color:#2980b9\"> <strong>Vietnam Airport Fasttrack service</strong></span></a> is designed to help shorten the airport procedures for customers. With this service, customer can get their visa stamping, visa sticker and go through their procedures immediately after landing at the airport. Customers using this service won&rsquo;t have to wait in the queue to wait for their turn. This will ensure that they can get their visa as soon as they land.</span></span></p>\r\n\r\n<p dir=\"ltr\" style=\"text-align:justify\"><span style=\"font-size:14px\"><span style=\"font-family:Arial,Helvetica,sans-serif\">This service is for people who don&rsquo;t want to &nbsp;queue for hours at the airport, or are in a hurry for the upcoming meetings. </span></span></p>\r\n\r\n<p dir=\"ltr\" style=\"text-align:justify\"><span style=\"font-size:14px\"><span style=\"font-family:Arial,Helvetica,sans-serif\">This type of service of Vietnamfasttrack will help the customers no longer have to worry at any international airport in Vietnam. With this special service, customers can leave the airport less than 15 minutes waiting at the airport and will no longer have to wait in line because we will assist you and your luggage when you land on the airport.</span></span></p>\r\n\r\n<h2 dir=\"ltr\" style=\"text-align:justify\">&nbsp;</h2>\r\n\r\n<h2 dir=\"ltr\" style=\"text-align:justify\"><span style=\"font-size:18px\"><strong><span style=\"font-family:Arial,Helvetica,sans-serif\">3 fast track services at the airport:</span></strong></span></h2>\r\n\r\n<p dir=\"ltr\" style=\"text-align:justify\"><span style=\"font-size:14px\"><span style=\"font-family:Arial,Helvetica,sans-serif\">Vietnam Vip Airport Fasttrack when you arrive Vietnam airport: We welcome you at landing zone with a board with your name on it, then continue assisting you to complete all entry forms into Vietnam, including getting stamping without having to queue, keep your luggage in the separated area before the customs area and take you out of there as quickly as possible.</span></span></p>\r\n\r\n<p dir=\"ltr\" style=\"text-align:justify\"><span style=\"font-size:14px\"><span style=\"font-family:Arial,Helvetica,sans-serif\">Vietnam Vip Airport Fasttrack at departure: We will greet you at the check-in area at Vietnam airport, then we&rsquo;ll assist you through the entry area and put you in the waiting area or departure area.</span></span></p>\r\n\r\n<p dir=\"ltr\" style=\"text-align:justify\"><span style=\"font-size:14px\"><span style=\"font-family:Arial,Helvetica,sans-serif\">Vietnam Vip Airport Fasttrack between the flights: We will help you with fast track services between flights and stops</span></span></p>\r\n\r\n<h2 dir=\"ltr\" style=\"text-align:justify\">&nbsp;</h2>\r\n\r\n<h2 dir=\"ltr\" style=\"text-align:justify\"><strong><span style=\"font-size:18px\"><span style=\"font-family:Arial,Helvetica,sans-serif\">The benefits of Vietnam Airport Fast track service</span></span></strong></h2>\r\n\r\n<p dir=\"ltr\" style=\"text-align:justify\"><span style=\"font-size:14px\"><span style=\"font-family:Arial,Helvetica,sans-serif\">The Fast Track Service package will meet all your requirements as well as expedite handling of all procedures, saving you a lot of time instead of waiting for entry procedures and customs clearance troubles. This service is available to all travelers of any airline. Whether you are a regular visitor or a business traveler, if you have any problems with immigration procedures, you are welcome to use our Vietnam Airport Fasttrack service</span></span></p>\r\n\r\n<h2 dir=\"ltr\" style=\"text-align:justify\">&nbsp;</h2>\r\n\r\n<h2 dir=\"ltr\" style=\"text-align:justify\"><strong><span style=\"font-size:18px\"><span style=\"font-family:Arial,Helvetica,sans-serif\">The following customer groups are encouraged to use Vietnam Vip Airport Fast track service</span></span></strong></h2>\r\n\r\n<p dir=\"ltr\" style=\"text-align:justify\"><span style=\"font-size:14px\"><span style=\"font-family:Arial,Helvetica,sans-serif\">Those who enter Vietnam for the first time</span></span></p>\r\n\r\n<p dir=\"ltr\" style=\"text-align:justify\"><span style=\"font-size:14px\"><span style=\"font-family:Arial,Helvetica,sans-serif\">Those who need to quickly get the visa stamp </span></span></p>\r\n\r\n<p dir=\"ltr\" style=\"text-align:justify\"><span style=\"font-size:14px\"><span style=\"font-family:Arial,Helvetica,sans-serif\">People who come to Vietnam with small children</span></span></p>\r\n\r\n<p dir=\"ltr\" style=\"text-align:justify\"><span style=\"font-size:14px\"><span style=\"font-family:Arial,Helvetica,sans-serif\">People traveling in big groups</span></span></p>\r\n\r\n<p dir=\"ltr\" style=\"text-align:justify\"><span style=\"font-size:14px\"><span style=\"font-family:Arial,Helvetica,sans-serif\">Pregnant women</span></span></p>\r\n\r\n<p dir=\"ltr\" style=\"text-align:justify\"><span style=\"font-size:14px\"><span style=\"font-family:Arial,Helvetica,sans-serif\">People with disabilities</span></span></p>\r\n\r\n<p dir=\"ltr\" style=\"text-align:justify\"><span style=\"font-size:14px\"><span style=\"font-family:Arial,Helvetica,sans-serif\">Great partner of the companies in Vietnam</span></span></p>\r\n\r\n<p dir=\"ltr\" style=\"text-align:justify\"><span style=\"font-size:14px\"><span style=\"font-family:Arial,Helvetica,sans-serif\">Foreigners hold important positions in Vietnamese businesses</span></span></p>\r\n\r\n<h2 dir=\"ltr\" style=\"text-align:justify\">&nbsp;</h2>\r\n\r\n<h2 dir=\"ltr\" style=\"text-align:justify\"><span style=\"font-size:18px\"><strong><span style=\"font-family:Arial,Helvetica,sans-serif\">The process of Vietnam Airport Fast track service:</span></strong></span></h2>\r\n\r\n<p dir=\"ltr\" style=\"text-align:justify\"><span style=\"font-size:14px\"><span style=\"font-family:Arial,Helvetica,sans-serif\">The process does not take much time. After landing, please go to the visa area at the airport and contact our representative with your name board. Then you have to give us the essential documents at the airport and stamp cost. We will return your passport after every task is finished</span></span></p>\r\n\r\n<p dir=\"ltr\" style=\"text-align:justify\"><strong><span style=\"font-size:14px\"><span style=\"font-family:Arial,Helvetica,sans-serif\">Detail steps</span></span></strong></p>\r\n\r\n<p dir=\"ltr\" style=\"text-align:justify\"><span style=\"font-size:14px\"><span style=\"font-family:Arial,Helvetica,sans-serif\">Step 1:</span></span></p>\r\n\r\n<p dir=\"ltr\" style=\"text-align:justify\"><span style=\"font-size:14px\"><span style=\"font-family:Arial,Helvetica,sans-serif\">Please contact our company through our hotline and provide details of your flight number, departure time and arrival time (International time + 7) or send request for service by email or phone and give us the information mentioned above. If you change your flight, please inform us 12 hours prior to your flight (except Saturdays, Sundays and public holidays).</span></span></p>\r\n\r\n<p dir=\"ltr\" style=\"text-align:justify\"><span style=\"font-size:14px\"><span style=\"font-family:Arial,Helvetica,sans-serif\">Step 2: When your flight arrives in Vietnam, look for our representative, who will hold a board with your name on it..</span></span></p>\r\n\r\n<p dir=\"ltr\" style=\"text-align:justify\"><span style=\"font-size:14px\"><span style=\"font-family:Arial,Helvetica,sans-serif\">Step 3:</span></span></p>\r\n\r\n<p dir=\"ltr\" style=\"text-align:justify\"><span style=\"font-size:14px\"><span style=\"font-family:Arial,Helvetica,sans-serif\">Give our staff your visa approval letter, immigration declaration, passport, 2 photos, and stamp cost ($ 25 / visitor for one entry visa and $ 50 for multiple entry visa valid for up to 3 months) for our staff to complete the entry procedures for guests.</span></span></p>\r\n\r\n<p dir=\"ltr\" style=\"text-align:justify\"><span style=\"font-size:14px\"><span style=\"font-family:Arial,Helvetica,sans-serif\">Step 4:</span></span></p>\r\n\r\n<p dir=\"ltr\" style=\"text-align:justify\"><span style=\"font-size:14px\"><span style=\"font-family:Arial,Helvetica,sans-serif\">Returning your passport with a stamped visa from our staff.</span></span></p>\r\n\r\n<p dir=\"ltr\" style=\"text-align:justify\"><span style=\"font-size:14px\"><span style=\"font-family:Arial,Helvetica,sans-serif\">With <a href=\"http://vietnamfasttrack.org/vietnam-airport-fasttrack-of-vietnamfasttrack\"><span style=\"color:#2980b9\"><strong>Vietnam Airport Fast track service</strong></span></a>, the estimated time needed to finsish immigration procedures is about only 15 minutes. The process will go as normal if the passengers have no health problems or visa requirements at the airport.</span></span></p>\r\n\r\n<p dir=\"ltr\" style=\"text-align:justify\"><span style=\"font-size:14px\"><span style=\"font-family:Arial,Helvetica,sans-serif\"><strong>Vietnam Airport Fast track service</strong> is the main service of our company. If you want to avoid wasting time and want to optimize the time you have, then let&rsquo;s book Vietnam Airport Fast track service when you come to Vietnam. Send us an email for more information about Vietnam Airport Fasttrack service at Vietnam airport. We can arrange a scheduled departure and arrival date to ensure that information is available at least 48 hours in advance.</span></span></p>\r\n', 'Vietnam-Airport-Fasttrack.jpg', 0, 70, '', '2018-06-13 10:06:49', '2018-06-13 11:06:27', 1, '', '', '', '', '', 'Vietnam Airport Fasttrack of Vietnamfasttrack', 'Vietnamfasttrack Company Limited was one of the most reputable transporting companies. With more than 10 years of experience in serving thoudsands customers around the world, our company is confident to bring the best trips for you and your family. The company’s top service, Vietnam Airport Fasttrack, has built up our reputation as a pioneer in airport services.  ', 'vietnam-airport-fasttrack-of-vietnamfasttrack', ' Vietnam Airport Fasttrack', 1, ''),
(64, 'Vietnam Visa On Arrival', 'The term Visa On Arrival has become very popular with people who regularly travel abroad. It allows customers to skip the long and complex visa application at their home country and quickly receive their visa after landing at the destination’s aiport.  It’s a convenient service that has proved to be really useful for travelers to save time and simplify their procedures. In Vietnam, Vietnamfasttrack is the most trusted company in providing Vietnam Visa on Arrival service for customers.\r\n', '<p dir=\"ltr\" style=\"text-align:justify\"><span style=\"font-size:14px\"><span style=\"font-family:Arial,Helvetica,sans-serif\">The term Visa On Arrival has become very popular with people who regularly travel abroad. It allows customers to skip the long and complex visa application at their home country and quickly receive their visa after landing at the destination&rsquo;s aiport. &nbsp;It&rsquo;s a convenient service that has proved to be really useful for travelers to save time and simplify their procedures. In Vietnam, Vietnamfasttrack is the most trusted company in providing<strong> <a href=\"http://vietnamfasttrack.org/vietnam-visa-on-arrival\"><span style=\"color:#2980b9\">Vietnam Visa on Arrival</span></a></strong><a href=\"http://vietnamfasttrack.org/vietnam-visa-on-arrival\"><span style=\"color:#2980b9\"> </span></a>service for customers.</span></span></p>\r\n\r\n<h2 dir=\"ltr\" style=\"text-align:justify\">&nbsp;</h2>\r\n\r\n<h2 dir=\"ltr\" style=\"text-align:justify\"><strong><span style=\"font-size:18px\"><span style=\"font-family:Arial,Helvetica,sans-serif\">What is visa on arrival?</span></span></strong></h2>\r\n\r\n<p dir=\"ltr\" style=\"text-align:justify\"><span style=\"font-size:14px\"><span style=\"font-family:Arial,Helvetica,sans-serif\">Visa is a legal proof to certify that someone is allowed to enter or leave the country where the visa is issued. This permission may be in writing, or a page, a stamp affirmed in the passport... Visa has many types such as tourist visa, working visa ... with different terms and functions. Visa on Arrival, or Visa upon arrival, is a form of visa application for tourists. You don&rsquo;t need to apply in advance, instead you will be at the border of the country to complete entry procedures, and will pay a sum equivalent to the durations you will be staying in that country. To apply for a visa on arrival, travelers need to have an approval letter, usually provided by the traveler&rsquo;s travel agency</span></span></p>\r\n\r\n<p dir=\"ltr\" style=\"text-align:justify\"><span style=\"font-size:14px\"><span style=\"font-family:Arial,Helvetica,sans-serif\">Visa applications often take a long time to process and have lots of complex tasks, to the point it can make obtaining a visa difficult. If you are traveling on a regular basis, or if you need to travel overseas quickly for some reason, then <a href=\"http://vietnamfasttrack.org/dich-vu\"><span style=\"color:#2980b9\"><strong>Vietnam visa on arrival</strong></span></a> is the best option. &nbsp;It is also convenient for those who are away from the embassy or unexpectedly without a regular visa. The service will help you get entry visa at the airport without spending much time to apply for a visa before. This visa procedure is very simple, without costing much time and travel expenses. For this reason, Vietnam visa on arrival has become one of Vietnamfasttrack&rsquo;s main services. We provide this service to make travelers&rsquo; trip to Vietnam an easiest and most enjoyable experience.</span></span></p>\r\n\r\n<h2 dir=\"ltr\" style=\"text-align:justify\">&nbsp;</h2>\r\n\r\n<h2 dir=\"ltr\" style=\"text-align:justify\"><strong><span style=\"font-size:18px\"><span style=\"font-family:Arial,Helvetica,sans-serif\">Visa On Arrival application at Vietnamfasttrack Company</span></span></strong></h2>\r\n\r\n<p dir=\"ltr\" style=\"text-align:justify\"><span style=\"font-size:14px\"><span style=\"font-family:Arial,Helvetica,sans-serif\">Vietnam fasttrack will provide the visa approval letter, we are one of the company that was granted permission by the Immigration Department of Vietnam to provide the letter to customers before flying. Customers don&rsquo;t need to spend much time to register before flying; Vietnam fast track will ensure all procedures for visa on arrival. You only need to bring your visa approval letter to the airport to obtain a visa. If you want to check in at the airport faster and obtain your visa as soon as possible, you can book our Vietnam VIP fasttrack service.</span></span></p>\r\n\r\n<h2 dir=\"ltr\" style=\"text-align:justify\">&nbsp;</h2>\r\n\r\n<h2 dir=\"ltr\" style=\"text-align:justify\"><strong><span style=\"font-size:18px\"><span style=\"font-family:Arial,Helvetica,sans-serif\">What is the procedure for doing Visa On Arrival at Vietnamfasttrack?</span></span></strong></h2>\r\n\r\n<p dir=\"ltr\" style=\"text-align:justify\"><span style=\"font-size:14px\"><span style=\"font-family:Arial,Helvetica,sans-serif\">To book the Visa On Arrival at Vietnamfasttrack, customers need to provide:</span></span></p>\r\n\r\n<p dir=\"ltr\" style=\"text-align:justify\"><span style=\"font-size:14px\"><span style=\"font-family:Arial,Helvetica,sans-serif\">- The original copy of the passport is still in use.</span></span></p>\r\n\r\n<p dir=\"ltr\" style=\"text-align:justify\"><span style=\"font-size:14px\"><span style=\"font-family:Arial,Helvetica,sans-serif\">- Return plane ticket.</span></span></p>\r\n\r\n<p dir=\"ltr\" style=\"text-align:justify\"><span style=\"font-size:14px\"><span style=\"font-family:Arial,Helvetica,sans-serif\">- Proof of hotel reservation.</span></span></p>\r\n\r\n<p dir=\"ltr\" style=\"text-align:justify\"><span style=\"font-size:14px\"><span style=\"font-family:Arial,Helvetica,sans-serif\">- Detailed schedule in Vietnam.</span></span></p>\r\n\r\n<p dir=\"ltr\" style=\"text-align:justify\"><span style=\"font-size:14px\"><span style=\"font-family:Arial,Helvetica,sans-serif\">After receiving the required documentation, Vietnamfasttrack will give customers the approval letter to fly to Vietnam. The type of visa normally applied for Visa On Arrival is a single entry visa. If you have multiple entry requirements and stay for longer periods of time, you can apply for multiple entry visas, 3 months entry or 3 months multiple entries. If you have any changes during your stay in Vietnam, you can also apply for a visa extension.</span></span></p>\r\n\r\n<p dir=\"ltr\" style=\"text-align:justify\"><span style=\"font-size:14px\"><span style=\"font-family:Arial,Helvetica,sans-serif\">There is no fixed standard for visa issuance. There are cases that fully meet the requirements of the embassy but still fail; or in many cases, not enough financial records or work can still be parked&hellip;Therefore, customers who want to travel should also prepare some things before applying for Visa:</span></span></p>\r\n\r\n<p dir=\"ltr\" style=\"text-align:justify\"><span style=\"font-size:14px\"><span style=\"font-family:Arial,Helvetica,sans-serif\">- Stable work, pay enough insurance.</span></span></p>\r\n\r\n<p dir=\"ltr\" style=\"text-align:justify\"><span style=\"font-size:14px\"><span style=\"font-family:Arial,Helvetica,sans-serif\">- Have solid financial foundation</span></span></p>\r\n\r\n<p dir=\"ltr\" style=\"text-align:justify\"><span style=\"font-size:14px\"><span style=\"font-family:Arial,Helvetica,sans-serif\">- Passports are available for some &quot;entry&quot; seals of other countries, or passports of some countries with strong passports.</span></span></p>\r\n\r\n<p dir=\"ltr\" style=\"text-align:justify\"><span style=\"font-size:14px\"><span style=\"font-family:Arial,Helvetica,sans-serif\">- Clear travel schedule, invitations if any.</span></span></p>\r\n\r\n<p dir=\"ltr\" style=\"text-align:justify\">&nbsp;</p>\r\n\r\n<h2 dir=\"ltr\" style=\"text-align:justify\"><strong><span style=\"font-size:18px\"><span style=\"font-family:Arial,Helvetica,sans-serif\">Extension of Vietnamese visas at Vietnamfasttrack</span></span></strong></h2>\r\n\r\n<p dir=\"ltr\" style=\"text-align:justify\"><span style=\"font-size:14px\"><span style=\"font-family:Arial,Helvetica,sans-serif\">- Original passport valid for use.</span></span></p>\r\n\r\n<p dir=\"ltr\" style=\"text-align:justify\"><span style=\"font-size:14px\"><span style=\"font-family:Arial,Helvetica,sans-serif\">- Confirm to the local police station of where you stay.</span></span></p>\r\n\r\n<p dir=\"ltr\" style=\"text-align:justify\"><span style=\"font-size:14px\"><span style=\"font-family:Arial,Helvetica,sans-serif\">- Form N5 certified by the guarantee company in Vietnam.</span></span></p>\r\n\r\n<p dir=\"ltr\" style=\"text-align:justify\"><span style=\"font-size:14px\"><span style=\"font-family:Arial,Helvetica,sans-serif\">- Renewal period is 5 working days excluding weekends and holidays.</span></span></p>\r\n\r\n<p dir=\"ltr\" style=\"text-align:justify\"><span style=\"font-size:14px\"><span style=\"font-family:Arial,Helvetica,sans-serif\">Vietnamfasttrack Company are a prestigious visa service supplier with more than 10 years of experience in the field of visa support, tourism services&hellip;With a team of trained and commited professionals, we are ready to assist you 24/24 with the lowest cost and the highest guarantee. You can contact the Vietnamfasttrack company through our hotline or our website at any time to get support for <a href=\"http://vietnamfasttrack.org/vietnam-airport-fasttrack-of-vietnamfasttrack\"><span style=\"color:#2980b9\"><strong>Vietnam visa on arrival</strong></span></a></span></span></p>\r\n\r\n<p style=\"text-align:justify\">&nbsp;</p>\r\n', 'Vietnam-visa-on-arrival.jpg', 0, 69, '', '2018-06-13 10:06:34', '2018-06-13 11:06:34', 1, '', '', '', '', '', 'Vietnam Visa On Arrival', 'The term Visa On Arrival has become very popular with people who regularly travel abroad. It allows customers to skip the long and complex visa application at their home country and quickly receive their visa after landing at the destination’s aiport.  It’s a convenient service that has proved to be really useful for travelers to save time and simplify their procedures. In Vietnam, Vietnamfasttrack is the most trusted company in providing Vietnam Visa on Arrival service for customers.\r\n', 'vietnam-visa-on-arrival', 'Vietnam visa on arrival', 1, ''),
(65, 'Vietnam Airport VIP lounge Service', 'Welcoming guests at the door of the aircraft, guiding guests to VIP lounge while we go through the immigration procedures, customs procedures at the private counters, take luggage in advance and transfer outside in advance,.. The Vietnam VIP lounge service is a new high class service for passengers at Vietnamese international airports provided by Vietnamfasttrack company. Passengers can take the full advantage of this service by booking it in accompany with the Vietnam Vip Airport Fasttrack Service.\r\n', '<p dir=\"ltr\" style=\"text-align:justify\"><span style=\"font-size:14px\"><span style=\"font-family:Arial,Helvetica,sans-serif\">Welcoming guests at the door of the aircraft, guiding guests to VIP lounge while we go through the immigration procedures, customs procedures at the private counters, take luggage in advance and transfer outside in advance,.. <a href=\"http://vietnamfasttrack.org/dich-vu\"><span style=\"color:#2980b9\"><strong>The Vietnam VIP lounge</strong></span></a> service is a new high class service for passengers at Vietnamese international airports provided by Vietnamfasttrack company. Passengers can take the full advantage of this service by booking it in accompany with the Vietnam Vip Airport Fasttrack Service.</span></span></p>\r\n\r\n<h2 dir=\"ltr\" style=\"text-align:justify\">&nbsp;</h2>\r\n\r\n<h2 dir=\"ltr\" style=\"text-align:justify\"><strong><span style=\"font-size:18px\"><span style=\"font-family:Arial,Helvetica,sans-serif\">Introduction about Vietnam VIP lounge Service of Vietnamfasttrack</span></span></strong></h2>\r\n\r\n<p dir=\"ltr\" style=\"text-align:justify\"><span style=\"font-size:14px\"><span style=\"font-family:Arial,Helvetica,sans-serif\">With many years of experience &nbsp;in providing airport services, having served thousands of customers at international airports such as Noi Bai and Tan Son Nhat, Vietnamfasttrack realized that warm welcoming, fast airport procedures is the demand of many visitors, especially the businessmen</span></span></p>\r\n\r\n<p dir=\"ltr\" style=\"text-align:justify\"><span style=\"font-size:14px\"><span style=\"font-family:Arial,Helvetica,sans-serif\">For that reason, Vietnamfasttrack has launched a new service for travelers: Vietnam VIP lounge service. We are proud to be one of the leading providers of <a href=\"http://vietnamfasttrack.org/vietnam-visa-on-arrival\"><span style=\"color:#2980b9\"><strong>Vietnam VIP lounge services</strong></span></a>. With high-class pickup service, our staff will pick you up at the gate of aircraft, the we offer private vip cars to transport yo from the plane to the VIP lounge. During the waiting process, guests will rest at the VIP lounge, while our staff at the border gate will complete the immigration procedures for you</span></span></p>\r\n\r\n<p dir=\"ltr\" style=\"text-align:justify\"><span style=\"font-size:14px\"><span style=\"font-family:Arial,Helvetica,sans-serif\">The biggest difference between a normal passenger and an Vietnamfasttrack VIP guest is the quality of the airport service and the personalized service. <a href=\"http://vietnamfasttrack.org/vietnam-vip-lounge-service\"><span style=\"color:#2980b9\"><strong>Vietnam VIP lounge service</strong></span></a> has proved to be extremely useful during busy periods in the years like the holidays. The number of passengers increases significantly, therefore the waiting time for a passenger is much longer. Normally, passengers must take no less than 30 minutes to queue and complete all customs procedures before leaving the airport. Meanwhile, with Vietnam VIP lounge service, VIP guests will be picked up by staff at the elevator, have their customs clearance and entry completed at the private counters by our assistant, get their luggage ready. And all our VIP guests have to do is to wait and rest in the VIP lounge. The time needed to welcome and complete procedures for VIP service users is only from 10 to 15 minutes.</span></span></p>\r\n\r\n<p dir=\"ltr\" style=\"text-align:justify\"><span style=\"font-size:14px\"><span style=\"font-family:Arial,Helvetica,sans-serif\">Not only bring guests convenience by being welcomed or farewell as a VIP, shorten the time for getting luggage, customs clearance, exit &ndash; entry procedure, Vietnam VIP lounge service provided by Vietnamfasttrack also satisfies customers with our friendly and professtional service, bringing the best trips for all kinds of customers.</span></span></p>\r\n\r\n<p dir=\"ltr\" style=\"text-align:justify\">&nbsp;</p>\r\n\r\n<h2 dir=\"ltr\" style=\"text-align:justify\"><strong><span style=\"font-size:18px\"><span style=\"font-family:Arial,Helvetica,sans-serif\">The process of Vietnam VIP lounge service</span></span></strong></h2>\r\n\r\n<h3 dir=\"ltr\" style=\"text-align:justify\">&nbsp;</h3>\r\n\r\n<h3 dir=\"ltr\" style=\"text-align:justify\"><strong><span style=\"font-size:14px\"><span style=\"font-family:Arial,Helvetica,sans-serif\">1.1. Departure Flight </span></span></strong></h3>\r\n\r\n<p dir=\"ltr\" style=\"text-align:justify\"><span style=\"font-size:14px\"><span style=\"font-family:Arial,Helvetica,sans-serif\">- When customers arrive at the airport, Vietnamfasttrack staffs will welcome guests at the hall of VIP A, VIP B and lead the guests to the VIP lounge and receive luggage and passport of guests.</span></span></p>\r\n\r\n<p dir=\"ltr\" style=\"text-align:justify\"><span style=\"font-size:14px\"><span style=\"font-family:Arial,Helvetica,sans-serif\">- Reception staff at VIP A, VIP B will serve VIP guests with tea, mineral water and fruit.</span></span></p>\r\n\r\n<p dir=\"ltr\" style=\"text-align:justify\"><span style=\"font-size:14px\"><span style=\"font-family:Arial,Helvetica,sans-serif\">- Vietnamfasttrack staffs will complete the procedures such as checking air ticket, luggage, security checks, customs and stamped exit in the passport of the guests.</span></span></p>\r\n\r\n<p dir=\"ltr\" style=\"text-align:justify\"><span style=\"font-size:14px\"><span style=\"font-family:Arial,Helvetica,sans-serif\">- 4-seat cars like Mercedes, Toyota Camry will take VIP passengers to private aircraft.</span></span></p>\r\n\r\n<p dir=\"ltr\" style=\"text-align:justify\"><span style=\"font-size:14px\"><span style=\"font-family:Arial,Helvetica,sans-serif\">- Special vehicles will carry your luggage to the aircraft.</span></span></p>\r\n\r\n<p dir=\"ltr\" style=\"text-align:justify\"><span style=\"font-size:14px\"><span style=\"font-family:Arial,Helvetica,sans-serif\">- Finish the service when the customers have got on the plane</span></span></p>\r\n\r\n<p dir=\"ltr\" style=\"text-align:justify\"><span style=\"font-size:14px\"><span style=\"font-family:Arial,Helvetica,sans-serif\">Customers note:</span></span></p>\r\n\r\n<p dir=\"ltr\" style=\"text-align:justify\"><span style=\"font-size:14px\"><span style=\"font-family:Arial,Helvetica,sans-serif\">- This service allows up to 5 guest representatives to attend VIP A, VIP B and come to the plane at the airport.</span></span></p>\r\n\r\n<h3 dir=\"ltr\" style=\"text-align:justify\">&nbsp;</h3>\r\n\r\n<h3 dir=\"ltr\" style=\"text-align:justify\"><strong><span style=\"font-size:14px\"><span style=\"font-family:Arial,Helvetica,sans-serif\">1.2. Arrival Flight </span></span></strong></h3>\r\n\r\n<p dir=\"ltr\" style=\"text-align:justify\"><span style=\"font-size:14px\"><span style=\"font-family:Arial,Helvetica,sans-serif\">- When the plane landed at the airport, Vietnamfasttrack staffs will pick up guests at the flight deck.</span></span></p>\r\n\r\n<p dir=\"ltr\" style=\"text-align:justify\"><span style=\"font-size:14px\"><span style=\"font-family:Arial,Helvetica,sans-serif\">- 4-seat cars such as Mercedes, Toyota Camry will bring VIP passengers from the aircraft into the VIP lounge.</span></span></p>\r\n\r\n<p dir=\"ltr\" style=\"text-align:justify\"><span style=\"font-size:14px\"><span style=\"font-family:Arial,Helvetica,sans-serif\">- Reception staff at VIP A, VIP B will serve VIP guests with tea, mineral water and fruit.</span></span></p>\r\n\r\n<p dir=\"ltr\" style=\"text-align:justify\"><span style=\"font-size:14px\"><span style=\"font-family:Arial,Helvetica,sans-serif\">- Vietnamfasttrack staffs will do the procedures such as baggage handling, security checks, customs and stamped entry into the passport of guests and handed them over to guests at the VIP lounge.</span></span></p>\r\n\r\n<p dir=\"ltr\" style=\"text-align:justify\"><span style=\"font-size:14px\"><span style=\"font-family:Arial,Helvetica,sans-serif\">- Fare guests and finish the service.</span></span></p>\r\n\r\n<p dir=\"ltr\" style=\"text-align:justify\"><span style=\"font-size:14px\"><span style=\"font-family:Arial,Helvetica,sans-serif\">Customers note:</span></span></p>\r\n\r\n<p dir=\"ltr\" style=\"text-align:justify\"><span style=\"font-size:14px\"><span style=\"font-family:Arial,Helvetica,sans-serif\">- This service allows up to 5 delegates to welcome the delegation at the foot of the plane in the airport and VIP A, VIP B.</span></span></p>\r\n\r\n<h2 dir=\"ltr\" style=\"text-align:justify\">&nbsp;</h2>\r\n\r\n<h2 dir=\"ltr\" style=\"text-align:justify\"><strong><span style=\"font-size:18px\"><span style=\"font-family:Arial,Helvetica,sans-serif\">Our Vietnam VIP lounge service include</span></span></strong></h2>\r\n\r\n<p dir=\"ltr\" style=\"text-align:justify\"><span style=\"font-size:14px\"><span style=\"font-family:Arial,Helvetica,sans-serif\">- A uniformed assistant holding a signboard with your name on at the arrival gate</span></span></p>\r\n\r\n<p dir=\"ltr\" style=\"text-align:justify\"><span style=\"font-size:14px\"><span style=\"font-family:Arial,Helvetica,sans-serif\">- A car transporting you with our staff directly to the VIP lounge.</span></span></p>\r\n\r\n<p dir=\"ltr\" style=\"text-align:justify\"><span style=\"font-size:14px\"><span style=\"font-family:Arial,Helvetica,sans-serif\">- The airport procedures are completed by our staffs while you wait in the VIP lounge</span></span></p>\r\n\r\n<p dir=\"ltr\" style=\"text-align:justify\"><span style=\"font-size:14px\"><span style=\"font-family:Arial,Helvetica,sans-serif\">Vietnamfasttrack is confident that our VIP lounge service can bring you the best experience at a Vietnam airport and satisfy all your needs. To book our service, you can go to our website for online booking or contact our hotline. We accept online payment by international credit card such as Visa Card and Master Card. </span></span></p>\r\n', 'Vietnam-VIP-lounge-service.jpg', 0, 71, '', '2018-06-13 10:06:09', '2018-06-26 07:06:56', 1, '', '', '', '', '', 'Vietnam Airport VIP lounge Service', 'Welcoming guests at the door of the aircraft, guiding guests to VIP lounge while we go through the immigration procedures, customs procedures at the private counters, take luggage in advance and transfer outside in advance,.. The Vietnam VIP lounge service is a new high class service for passengers at Vietnamese international airports provided by Vietnamfasttrack company. Passengers can take the full advantage of this service by booking it in accompany with the Vietnam Vip Airport Fasttrack Service.', 'vietnam-airport-vip-lounge-service', 'Vietnam Airport VIP lounge service', 1, '');
INSERT INTO `news` (`news_id`, `news_name`, `news_des`, `news_content`, `news_img`, `news_views`, `newscat_id`, `news_author`, `news_created_date`, `news_update_date`, `state`, `news_sub_info1`, `news_sub_info2`, `news_sub_info3`, `news_sub_info4`, `news_sub_info5`, `title_seo`, `des_seo`, `friendly_url`, `keyword`, `created_id`, `newstag_arr`) VALUES
(66, 'Vietnam Airport Transfer Service From Vietnamfasttrack', 'Almost the airports in Vietnam are far from the city center, and at the same time, the airport transfer service at airports usually do not meet the guest’s requirements because there are usually taxi drivers who pick up the guests lately or charge unsuitable prices. Vietnamfasttrack provides Vietnam airport transfer service with reasonable price, dedicated service for you to use, contributing to a enjoyable and succesful trip for our customers.', '<p dir=\"ltr\" style=\"text-align:justify\"><span style=\"font-size:14px\"><span style=\"font-family:Arial,Helvetica,sans-serif\">Almost the airports in Vietnam are far from the city center, and at the same time, the airport transfer service at airports usually do not meet the guest&rsquo;s requirements because there are usually taxi drivers who pick up the guests lately or charge unsuitable prices. Vietnamfasttrack provides <a href=\"http://vietnamfasttrack.org/vietnam-airport-transfer-service-from-vietnamfasttrack\"><span style=\"color:#2980b9\"><strong>Vietnam airport transfer service</strong></span></a> with reasonable price, dedicated service for you to use, contributing to a enjoyable and succesful trip for our customers.</span></span></p>\r\n\r\n<h2 dir=\"ltr\" style=\"text-align:justify\">&nbsp;</h2>\r\n\r\n<h2 dir=\"ltr\" style=\"text-align:justify\"><strong><span style=\"font-size:18px\"><span style=\"font-family:Arial,Helvetica,sans-serif\">Overview of Vietnam airport transfer service by Vietnamfasttrack</span></span></strong></h2>\r\n\r\n<p dir=\"ltr\" style=\"text-align:justify\"><span style=\"font-size:14px\"><span style=\"font-family:Arial,Helvetica,sans-serif\"><a href=\"http://vietnamfasttrack.org/dich-vu\"><span style=\"color:#2980b9\"><strong>Vietnam airport transfer service</strong></span></a> is for both business and leisure travelers who want to arrange a trip to or from the airport in advance. It differs from normal taxi service by having high quality cars with highly skilled professional drivers who are fluent in English and possess wide knowledge of culture. Our service include:</span></span></p>\r\n\r\n<p dir=\"ltr\" style=\"text-align:justify\"><span style=\"font-size:14px\"><span style=\"font-family:Arial,Helvetica,sans-serif\">- Transportation from the airport to the city center and vice versa.</span></span></p>\r\n\r\n<p dir=\"ltr\" style=\"text-align:justify\"><span style=\"font-size:14px\"><span style=\"font-family:Arial,Helvetica,sans-serif\">- Transportation from the airport to the provinces and vice versa.</span></span></p>\r\n\r\n<p dir=\"ltr\" style=\"text-align:justify\"><span style=\"font-size:14px\"><span style=\"font-family:Arial,Helvetica,sans-serif\">- Transportation by tour</span></span></p>\r\n\r\n<p dir=\"ltr\" style=\"text-align:justify\"><span style=\"font-size:14px\"><span style=\"font-family:Arial,Helvetica,sans-serif\">- Two-way Transportation between airport and hotel</span></span></p>\r\n\r\n<p dir=\"ltr\" style=\"text-align:justify\"><span style=\"font-size:14px\"><span style=\"font-family:Arial,Helvetica,sans-serif\"><a href=\"http://vietnamfasttrack.org/vietnam-vip-lounge-service\"><span style=\"color:#2980b9\"><strong>Vietnam airport transfer service</strong></span></a> operates in less than 24 hours of every trip, is contracted according to the transportation way, and is charged in km, running time, standby time (reservation can be made before or immediately)</span></span></p>\r\n\r\n<p dir=\"ltr\" style=\"text-align:justify\"><span style=\"font-size:14px\"><span style=\"font-family:Arial,Helvetica,sans-serif\">Currently Vietnam airport transfer service of Vietnamfasttrack is popular with some of the following vehicles:</span></span></p>\r\n\r\n<p style=\"text-align:justify\"><span style=\"font-size:14px\"><span style=\"font-family:Arial,Helvetica,sans-serif\">&bull; Vietnam airport transfer service from 4 seats to 7 seats.</span></span></p>\r\n\r\n<p style=\"text-align:justify\"><span style=\"font-size:14px\"><span style=\"font-family:Arial,Helvetica,sans-serif\">&bull; Vietnam airport transfer service 16 seats to 45 seats.</span></span></p>\r\n\r\n<h2 dir=\"ltr\" style=\"text-align:justify\">&nbsp;</h2>\r\n\r\n<h2 dir=\"ltr\" style=\"text-align:justify\"><strong><span style=\"font-size:18px\"><span style=\"font-family:Arial,Helvetica,sans-serif\">Why should you book Vietnam airport transfer service from Vietnamfasttrack?</span></span></strong></h2>\r\n\r\n<p dir=\"ltr\" style=\"text-align:justify\"><span style=\"font-size:14px\"><span style=\"font-family:Arial,Helvetica,sans-serif\">- Absolute safety: For each reservation request, customers will be provided with information about the license plate number, driver&#39;s name + phone number of the driver. In addition, the customer is also updated with the contact details of the service provider. Thus, in case of forgetting the property, or not being happy about the service attitude of the driver, not satisfied with the quality of the car, the customer can absolutely contact the Executive Department to be supported in fastest time.</span></span></p>\r\n\r\n<p dir=\"ltr\" style=\"text-align:justify\"><span style=\"font-size:14px\"><span style=\"font-family:Arial,Helvetica,sans-serif\">- Fixed payment amount: When confirming the reservation request, customers will be notified about the fee to be paid. In addition to the amount announced, customers will not have to pay any additional costs.</span></span></p>\r\n\r\n<p dir=\"ltr\" style=\"text-align:justify\"><span style=\"font-size:14px\"><span style=\"font-family:Arial,Helvetica,sans-serif\">- Convenience: Limitation of waiting time for passengers. Vehicles and drivers will be available at the airport (or hotel) to pick you up at the agreed time. For airport transfers, if the flight is late or if the passenger needs time to complete the customs formalities, the vehicle and driver will continue to wait and pick up passengers within a two-hour period. In this case, you can actively contact the driver to report the situation and ask the car to wait at the airport.</span></span></p>\r\n\r\n<p dir=\"ltr\" style=\"text-align:justify\">&nbsp;</p>\r\n\r\n<h2 dir=\"ltr\" style=\"text-align:justify\"><strong><span style=\"font-size:18px\"><span style=\"font-family:Arial,Helvetica,sans-serif\">Benefit when customers use Vietnam airport transfer service of Vietnamfasttrack</span></span></strong></h2>\r\n\r\n<p dir=\"ltr\" style=\"text-align:justify\"><span style=\"font-size:14px\"><span style=\"font-family:Arial,Helvetica,sans-serif\">- Pick up and meet the guests on time, at the location chosen by and most suitable for guests.</span></span></p>\r\n\r\n<p dir=\"ltr\" style=\"text-align:justify\"><span style=\"font-size:14px\"><span style=\"font-family:Arial,Helvetica,sans-serif\">- You can choose from a wide variety of luxury cars ranging from medium to high-class on demand. Vietnamfasttrack owns more than 200 luxury cars, ranging from 4 to 45 seats with comfortable interior, modern like Mitsubishi Attrage, Ford Transit, Mercedes E-class, Mercedes S-class, Toyota Camry ... We have the vehicles to satify the demand for transportation and travel of various classes of passengers.</span></span></p>\r\n\r\n<p dir=\"ltr\" style=\"text-align:justify\"><span style=\"font-size:14px\"><span style=\"font-family:Arial,Helvetica,sans-serif\">- Vietnamfasttrack understands that for any flight, time is the most important and should be top priority. The staff of Vietnamfasttrack will advise you the most suitable time to start the transportation, and our professional process ensure customers can optimize their time spent on the vehicles</span></span></p>\r\n\r\n<p dir=\"ltr\" style=\"text-align:justify\"><span style=\"font-size:14px\"><span style=\"font-family:Arial,Helvetica,sans-serif\">- At each airport, Vietnamfasttrack has its own service desk to assist customers. Staff will pick you up and guide you to the necessary procedures.</span></span></p>\r\n\r\n<p dir=\"ltr\" style=\"text-align:justify\"><span style=\"font-size:14px\"><span style=\"font-family:Arial,Helvetica,sans-serif\">- Coordinate the receipt and transportation of luggage in fastest time</span></span></p>\r\n\r\n<p dir=\"ltr\" style=\"text-align:justify\"><span style=\"font-size:14px\"><span style=\"font-family:Arial,Helvetica,sans-serif\">- Professional customers service with 24/7 hotline support, and friendly and enthusiast staffs</span></span></p>\r\n\r\n<p dir=\"ltr\" style=\"text-align:justify\"><span style=\"font-size:14px\"><span style=\"font-family:Arial,Helvetica,sans-serif\">- Drivers are recruited and trained professionally. In particular, they are able to communicate well in English, with enough international driver safety certificates.</span></span></p>\r\n\r\n<p dir=\"ltr\" style=\"text-align:justify\"><span style=\"font-size:14px\"><span style=\"font-family:Arial,Helvetica,sans-serif\">- Easy booking: Just go to our website, fill in the name, phone number, email, date and time, place of pick up and press to book the car. The staff of Vietnamfasttrack will quickly contact and advise the schedule as well as the best price list with each type of car for you to choose.</span></span></p>\r\n\r\n<p dir=\"ltr\" style=\"text-align:justify\"><span style=\"font-size:14px\"><span style=\"font-family:Arial,Helvetica,sans-serif\">This is one of the main services of Vietnamfasttrack. Vietnamfasttrack is constantly striving, aiming to bring passengers maximum convenience. Only by booking a service by telephone or online, when the passengers land on the Airport, they will be greeted by Vietnamfasttrack staffs. In addition, passengers will be served with cold towels, mineral water and take luggage to the waiting car.</span></span></p>\r\n\r\n<p dir=\"ltr\" style=\"text-align:justify\"><span style=\"font-size:14px\"><span style=\"font-family:Arial,Helvetica,sans-serif\">With the motto of putting the benefits of customers as our top priority, when using any service of Vietnamfasttrack, customers will be completely assured by the prestige and quality of our company. Vietnamfasttrack is confident in bringing you the best experience at Vietnam airport.</span></span></p>\r\n', 'Vietnam-airport-transfer-service.jpg', 0, 72, '', '2018-06-13 10:06:40', '2018-06-13 11:06:23', 1, '', '', '', '', '', 'Vietnam Airport Transfer Service From Vietnamfasttrack', 'Almost the airports in Vietnam are far from the city center, and at the same time, the airport transfer service at airports usually do not meet the guest’s requirements because there are usually taxi drivers who pick up the guests lately or charge unsuitable prices. Vietnamfasttrack provides Vietnam airport transfer service with reasonable price, dedicated service for you to use, contributing to a enjoyable and succesful trip for our customers.', 'vietnam-airport-transfer-service-from-vietnamfasttrack', 'Vietnam airport transfer service', 1, '');

-- --------------------------------------------------------

--
-- Cấu trúc bảng cho bảng `newscat`
--

CREATE TABLE `newscat` (
  `newscat_id` int(11) NOT NULL,
  `newscat_name` text COLLATE utf8_unicode_ci,
  `newscat_des` text COLLATE utf8_unicode_ci,
  `newscat_content` text COLLATE utf8_unicode_ci,
  `newscat_parent` int(11) DEFAULT NULL,
  `newscat_sort_order` int(11) DEFAULT NULL,
  `newscat_created_date` datetime DEFAULT NULL,
  `newscat_update_date` datetime DEFAULT NULL,
  `state` int(11) DEFAULT '0',
  `newscat_img` text COLLATE utf8_unicode_ci,
  `newscat_sub_info1` text COLLATE utf8_unicode_ci,
  `newscat_sub_info2` text COLLATE utf8_unicode_ci,
  `newscat_sub_info3` text COLLATE utf8_unicode_ci,
  `newscat_sub_info4` text COLLATE utf8_unicode_ci,
  `newscat_sub_info5` text COLLATE utf8_unicode_ci,
  `title_seo` text COLLATE utf8_unicode_ci,
  `des_seo` text COLLATE utf8_unicode_ci,
  `friendly_url` text COLLATE utf8_unicode_ci,
  `keyword` text COLLATE utf8_unicode_ci,
  `created_id` int(11) DEFAULT NULL
) ENGINE=InnoDB DEFAULT CHARSET=utf8 COLLATE=utf8_unicode_ci;

--
-- Đang đổ dữ liệu cho bảng `newscat`
--

INSERT INTO `newscat` (`newscat_id`, `newscat_name`, `newscat_des`, `newscat_content`, `newscat_parent`, `newscat_sort_order`, `newscat_created_date`, `newscat_update_date`, `state`, `newscat_img`, `newscat_sub_info1`, `newscat_sub_info2`, `newscat_sub_info3`, `newscat_sub_info4`, `newscat_sub_info5`, `title_seo`, `des_seo`, `friendly_url`, `keyword`, `created_id`) VALUES
(58, 'News', '<p>Danh mục tin tức</p>\r\n', '', 0, 0, '2018-09-18 10:09:53', NULL, 1, 'n2.jpg', '', '', '', '', '', 'News', '', 'articles', '', 1),
(62, 'Tư vấn', '<p>M&ocirc; tả danh mục tin tức 2</p>\r\n', '', 58, 0, '2018-03-24 11:03:06', NULL, 1, 'n1.jpg', '', '', '', '', '', 'Tư vấn', '', 'tu-van', '', 1),
(63, 'Hỏi đáp', '<p>M&ocirc; tả Hỏi đ&aacute;p</p>\r\n', '', 58, 0, '2018-03-24 11:03:39', NULL, 1, 'n3.jpg', '', '', '', '', '', 'Hỏi đáp', '', 'hoi-dap', '', 1),
(64, 'Chính sách', '<p>M&ocirc; tả ch&iacute;nh s&aacute;ch</p>\r\n', '', 0, 0, '2018-03-24 11:03:10', NULL, 1, 'n5.jpg', '', '', '', '', '', 'Chính sách', '', 'chinh-sach', '', 1),
(65, 'Đại lý', '<p>M&ocirc; tả đại l&yacute;</p>\r\n', '', 64, 0, '2018-03-24 11:03:47', NULL, 1, 'n6.jpg', '', '', '', '', '', 'Đại lý', '', 'dai-ly', '', 1),
(66, 'Lao động', '<p>M&ocirc; tả lao động</p>\r\n', '', 64, 0, '2018-03-24 11:03:54', NULL, 1, 'n3.jpg', '', '', '', '', '', 'Lao động', '', 'lao-dong', '', 1),
(67, 'email', '', '', 0, 0, '2018-03-29 17:03:51', NULL, 1, '', '', '', '', '', '', 'email', '', 'email', '', 1),
(68, 'cart', '', '', 0, 0, '2018-03-29 17:03:49', NULL, 1, '', '', '', '', '', '', 'cart', '', 'cart', '', 1),
(69, ' SERVICE', '', '', 0, 0, '2018-06-27 08:06:58', NULL, 1, NULL, '', '', '', '', '', ' SERVICE', '', 'service', '', 1),
(70, 'Vietnam Airport Fast Track', '', '', 69, 0, '2018-06-13 11:06:38', NULL, 1, '', '', '', '', '', '', 'Vietnam Airport Fast Track', '', 'vietnam-airport-fast-track', '', 1),
(71, 'Vietnam Airport VIP Lounge ', '', '', 69, 0, '2018-06-26 07:06:59', NULL, 1, NULL, '', '', '', '', '', 'Vietnam Airport VIP Lounge ', '', 'vietnam-airport-vip-lounge', '', 1),
(72, 'Vietnam Airport Transfer', '', '', 69, 0, '2018-06-13 11:06:39', NULL, 1, NULL, '', '', '', '', '', 'Vietnam Airport Transfer', '', 'vietnam-airport-transfer', '', 1);

-- --------------------------------------------------------

--
-- Cấu trúc bảng cho bảng `newscat_languages`
--

CREATE TABLE `newscat_languages` (
  `id` int(11) NOT NULL,
  `newscat_id` int(11) DEFAULT NULL,
  `languages_code` varchar(255) COLLATE utf8_unicode_ci DEFAULT NULL,
  `lang_newscat_name` text COLLATE utf8_unicode_ci,
  `lang_newscat_des` text COLLATE utf8_unicode_ci,
  `lang_newscat_content` text COLLATE utf8_unicode_ci,
  `lang_newscat_sub_info1` text COLLATE utf8_unicode_ci,
  `lang_newscat_sub_info2` text COLLATE utf8_unicode_ci,
  `lang_newscat_sub_info3` text COLLATE utf8_unicode_ci,
  `lang_newscat_sub_info4` text COLLATE utf8_unicode_ci,
  `lang_newscat_sub_info5` text COLLATE utf8_unicode_ci,
  `edit_state` int(11) NOT NULL DEFAULT '0',
  `friendly_url` varchar(255) COLLATE utf8_unicode_ci DEFAULT NULL,
  `keyword` text COLLATE utf8_unicode_ci,
  `title_seo` varchar(255) COLLATE utf8_unicode_ci DEFAULT NULL,
  `des_seo` text COLLATE utf8_unicode_ci
) ENGINE=InnoDB DEFAULT CHARSET=utf8 COLLATE=utf8_unicode_ci;

--
-- Đang đổ dữ liệu cho bảng `newscat_languages`
--

INSERT INTO `newscat_languages` (`id`, `newscat_id`, `languages_code`, `lang_newscat_name`, `lang_newscat_des`, `lang_newscat_content`, `lang_newscat_sub_info1`, `lang_newscat_sub_info2`, `lang_newscat_sub_info3`, `lang_newscat_sub_info4`, `lang_newscat_sub_info5`, `edit_state`, `friendly_url`, `keyword`, `title_seo`, `des_seo`) VALUES
(111, 58, 'vn', 'News', '<p>Danh mục tin tức</p>\r\n', '1', '', '', '', '', '', 1, 'articles', '', 'News', ''),
(112, 58, 'en', '新闻', '<p>Danh mục tin tức</p>\r\n', '1', '', '', '', '', '', 1, 'articles', '', '新闻', ''),
(119, 62, 'vn', 'Tư vấn', '<p>M&ocirc; tả danh mục tin tức 2</p>\r\n', NULL, '', '', '', '', '', 1, 'tu-van', '', 'Tư vấn', ''),
(120, 62, 'en', 'Danh mục tin tức 2', '<p>M&ocirc; tả danh mục tin tức 2</p>\r\n', '1', '', '', '', '', '', 1, 'danh-muc-tin-tuc-2', '', 'Danh mục tin tức 2', ''),
(121, 63, 'vn', 'Hỏi đáp', '<p>M&ocirc; tả Hỏi đ&aacute;p</p>\r\n', NULL, '', '', '', '', '', 0, 'hoi-dap', '', 'Hỏi đáp', ''),
(122, 63, 'en', 'Hỏi đáp', '<p>M&ocirc; tả Hỏi đ&aacute;p</p>\r\n', '', '', '', '', '', '', 0, 'hoi-dap', '', 'Hỏi đáp', ''),
(123, 64, 'vn', 'Chính sách', '<p>M&ocirc; tả ch&iacute;nh s&aacute;ch</p>\r\n', '1', '', '', '', '', '', 1, 'chinh-sach', '', 'Chính sách', ''),
(124, 64, 'en', 'Chính sách', '<p>M&ocirc; tả ch&iacute;nh s&aacute;ch en</p>\r\n', '1', '', '', '', '', '', 1, 'chinh-sach', 'en', 'Chính sách en', 'en'),
(125, 65, 'vn', 'Đại lý', '<p>M&ocirc; tả đại l&yacute;</p>\r\n', NULL, '', '', '', '', '', 0, 'dai-ly', '', 'Đại lý', ''),
(126, 65, 'en', 'Đại lý', '<p>M&ocirc; tả đại l&yacute;</p>\r\n', '', '', '', '', '', '', 0, 'dai-ly', '', 'Đại lý', ''),
(127, 66, 'vn', 'Lao động', '<p>M&ocirc; tả lao động</p>\r\n', NULL, '', '', '', '', '', 0, 'lao-dong', '', 'Lao động', ''),
(128, 66, 'en', 'Lao động', '<p>M&ocirc; tả lao động</p>\r\n', '', '', '', '', '', '', 0, 'lao-dong', '', 'Lao động', ''),
(129, 67, 'vn', 'email', '', '', '', '', '', '', '', 0, 'email', '', 'email', ''),
(130, 67, 'en', 'english version email', 'english version ', 'english version ', '', '', '', '', '', 0, 'en-email', '', 'email', ''),
(131, 68, 'vn', 'cart', '', '', '', '', '', '', '', 0, 'cart', '', 'cart', ''),
(132, 68, 'en', 'english version cart', 'english version ', 'english version ', '', '', '', '', '', 0, 'en-cart', '', 'cart', ''),
(133, 69, 'vn', ' SERVICE', '', '1', '', '', '', '', '', 1, 'service', '', ' SERVICE', ''),
(134, 69, 'en', '服务', '<p>english version</p>\r\n', '1', '', '', '', '', '', 1, 'service', '', '服务', ''),
(135, 70, 'vn', 'Vietnam Airport Fast Track', '', '', '', '', '', '', '', 0, 'vietnam-airport-fast-track', '', 'Vietnam Airport Fast Track', ''),
(136, 70, 'en', 'english version Vietnam Airport Fast Track', 'english version ', 'english version ', '', '', '', '', '', 0, 'en-vietnam-airport-fast-track', '', 'Vietnam Airport Fast Track', ''),
(137, 71, 'vn', 'Vietnam Airport VIP Lounge ', '', NULL, '', '', '', '', '', 0, 'vietnam-airport-vip-lounge', '', 'Vietnam Airport VIP Lounge ', ''),
(138, 71, 'en', 'english version Vietnam VIP Lounge ', 'english version ', 'english version ', '', '', '', '', '', 0, 'en-vietnam-vip-lounge', '', 'Vietnam VIP Lounge ', ''),
(139, 72, 'vn', 'Vietnam Airport Transfer', '', NULL, '', '', '', '', '', 0, 'vietnam-airport-transfer', '', 'Vietnam Airport Transfer', ''),
(140, 72, 'en', 'english version Vietnam Airport Transfer', 'english version ', 'english version ', '', '', '', '', '', 0, 'en-vietnam-airport-transfer', '', 'Vietnam Airport Transfer', '');

-- --------------------------------------------------------

--
-- Cấu trúc bảng cho bảng `newstag`
--

CREATE TABLE `newstag` (
  `newstag_id` int(11) NOT NULL,
  `newstag_name` text CHARACTER SET utf8 COLLATE utf8_unicode_ci NOT NULL,
  `newstag_des` text CHARACTER SET utf8 COLLATE utf8_unicode_ci NOT NULL,
  `newstag_content` text CHARACTER SET utf8 COLLATE utf8_unicode_ci NOT NULL,
  `newstag_sort_order` int(11) NOT NULL,
  `newstag_created_date` datetime NOT NULL,
  `newstag_update_date` datetime NOT NULL,
  `state` int(11) NOT NULL,
  `newstag_img` text CHARACTER SET utf8 COLLATE utf8_unicode_ci NOT NULL,
  `newstag_sub_info1` text CHARACTER SET utf8 COLLATE utf8_unicode_ci NOT NULL,
  `newstag_sub_info2` text CHARACTER SET utf8 COLLATE utf8_unicode_ci NOT NULL,
  `newstag_sub_info3` text CHARACTER SET utf8 COLLATE utf8_unicode_ci NOT NULL,
  `newstag_sub_info4` text CHARACTER SET utf8 COLLATE utf8_unicode_ci NOT NULL,
  `newstag_sub_info5` text CHARACTER SET utf8 COLLATE utf8_unicode_ci NOT NULL,
  `title_seo` text CHARACTER SET utf8 COLLATE utf8_unicode_ci NOT NULL,
  `des_seo` text CHARACTER SET utf8 COLLATE utf8_unicode_ci NOT NULL,
  `friendly_url` text CHARACTER SET utf8 COLLATE utf8_unicode_ci NOT NULL,
  `keyword` text CHARACTER SET utf8 COLLATE utf8_unicode_ci NOT NULL,
  `created_id` int(11) NOT NULL
) ENGINE=InnoDB DEFAULT CHARSET=latin1;

--
-- Đang đổ dữ liệu cho bảng `newstag`
--

INSERT INTO `newstag` (`newstag_id`, `newstag_name`, `newstag_des`, `newstag_content`, `newstag_sort_order`, `newstag_created_date`, `newstag_update_date`, `state`, `newstag_img`, `newstag_sub_info1`, `newstag_sub_info2`, `newstag_sub_info3`, `newstag_sub_info4`, `newstag_sub_info5`, `title_seo`, `des_seo`, `friendly_url`, `keyword`, `created_id`) VALUES
(105, 'Singapore', '', '', 0, '2018-05-07 11:05:16', '2018-05-07 11:05:16', 1, '', '', '', '', '', '', 'Singapore', '', 'singapore', '', 1),
(106, 'ThaiLand', '', '', 0, '2018-05-07 11:05:33', '2018-05-07 11:05:33', 1, '', '', '', '', '', '', 'ThaiLand', '', 'thailand', '', 1),
(107, 'China', '', '', 0, '2018-05-07 11:05:49', '2018-05-07 11:05:49', 1, '', '', '', '', '', '', 'China', '', 'china', '', 1);

-- --------------------------------------------------------

--
-- Cấu trúc bảng cho bảng `newstag_languages`
--

CREATE TABLE `newstag_languages` (
  `id` int(11) NOT NULL,
  `newstag_id` int(11) NOT NULL,
  `languages_code` varchar(255) CHARACTER SET utf8 COLLATE utf8_unicode_ci NOT NULL,
  `lang_newstag_name` text CHARACTER SET utf8 COLLATE utf8_unicode_ci NOT NULL,
  `lang_newstag_des` text CHARACTER SET utf8 COLLATE utf8_unicode_ci NOT NULL,
  `lang_newstag_content` text CHARACTER SET utf16 COLLATE utf16_unicode_ci NOT NULL,
  `lang_newstag_sub_info1` text CHARACTER SET utf8 COLLATE utf8_unicode_ci NOT NULL,
  `lang_newstag_sub_info2` text CHARACTER SET utf8 COLLATE utf8_unicode_ci NOT NULL,
  `lang_newstag_sub_info3` text CHARACTER SET utf8 COLLATE utf8_unicode_ci NOT NULL,
  `lang_newstag_sub_info4` text CHARACTER SET utf8 COLLATE utf8_unicode_ci NOT NULL,
  `lang_newstag_sub_info5` text CHARACTER SET utf32 COLLATE utf32_unicode_ci NOT NULL,
  `edit_state` int(11) NOT NULL,
  `friendly_url` varchar(255) CHARACTER SET utf8 COLLATE utf8_unicode_ci NOT NULL,
  `keyword` text CHARACTER SET utf8 COLLATE utf8_unicode_ci NOT NULL,
  `title_seo` varchar(255) CHARACTER SET utf8 COLLATE utf8_unicode_ci NOT NULL,
  `des_seo` text CHARACTER SET utf8 COLLATE utf8_unicode_ci NOT NULL
) ENGINE=InnoDB DEFAULT CHARSET=latin1;

--
-- Đang đổ dữ liệu cho bảng `newstag_languages`
--

INSERT INTO `newstag_languages` (`id`, `newstag_id`, `languages_code`, `lang_newstag_name`, `lang_newstag_des`, `lang_newstag_content`, `lang_newstag_sub_info1`, `lang_newstag_sub_info2`, `lang_newstag_sub_info3`, `lang_newstag_sub_info4`, `lang_newstag_sub_info5`, `edit_state`, `friendly_url`, `keyword`, `title_seo`, `des_seo`) VALUES
(9, 105, 'vn', 'Singapore', '', '', '', '', '', '', '', 1, 'singapore', '', 'Singapore', ''),
(10, 105, 'en', 'Singapore', '', '', '', '', '', '', '', 1, 'singapore', '', 'Singapore', ''),
(11, 106, 'vn', 'ThaiLand', '', '', '', '', '', '', '', 1, 'thailand', '', 'ThaiLand', ''),
(12, 106, 'en', 'ThaiLand', '', '', '', '', '', '', '', 1, 'thailand', '', 'ThaiLand', ''),
(13, 107, 'vn', 'China', '', '', '', '', '', '', '', 1, 'china', '', 'China', ''),
(14, 107, 'en', 'China', '', '', '', '', '', '', '', 1, 'china', '', 'China', '');

-- --------------------------------------------------------

--
-- Cấu trúc bảng cho bảng `news_languages`
--

CREATE TABLE `news_languages` (
  `id` bigint(20) NOT NULL,
  `news_id` int(11) DEFAULT NULL,
  `languages_code` varchar(255) COLLATE utf8_unicode_ci DEFAULT NULL,
  `lang_news_name` text COLLATE utf8_unicode_ci,
  `lang_news_des` text COLLATE utf8_unicode_ci,
  `lang_news_content` text COLLATE utf8_unicode_ci,
  `lang_news_sub_info1` text COLLATE utf8_unicode_ci,
  `lang_news_sub_info2` text COLLATE utf8_unicode_ci,
  `lang_news_sub_info3` text COLLATE utf8_unicode_ci,
  `lang_news_sub_info4` text COLLATE utf8_unicode_ci,
  `lang_news_sub_info5` text COLLATE utf8_unicode_ci,
  `edit_state` int(11) NOT NULL DEFAULT '0',
  `friendly_url` varchar(255) COLLATE utf8_unicode_ci DEFAULT NULL,
  `title_seo` varchar(255) COLLATE utf8_unicode_ci DEFAULT NULL,
  `des_seo` text COLLATE utf8_unicode_ci,
  `keyword` text COLLATE utf8_unicode_ci
) ENGINE=InnoDB DEFAULT CHARSET=utf8 COLLATE=utf8_unicode_ci;

--
-- Đang đổ dữ liệu cho bảng `news_languages`
--

INSERT INTO `news_languages` (`id`, `news_id`, `languages_code`, `lang_news_name`, `lang_news_des`, `lang_news_content`, `lang_news_sub_info1`, `lang_news_sub_info2`, `lang_news_sub_info3`, `lang_news_sub_info4`, `lang_news_sub_info5`, `edit_state`, `friendly_url`, `title_seo`, `des_seo`, `keyword`) VALUES
(49, 25, 'vn', 'Tin tức 3', 'Thông tin mô tả ngắn cho bài Khuyến mãi 4', '<p>xfdgsdrf</p>\r\n', '', '', '', '', '', 1, 'tin-tuc-3', 'Tin tức 3', 'Thông tin mô tả ngắn cho bài Khuyến mãi 4', ''),
(50, 25, 'en', 'Khuyến mãi 4', 'Thông tin mô tả ngắn cho bài Khuyến mãi 4 en', '', '', '', '', '', '', 1, 'khuyen-mai-4', 'Khuyến mãi 4', 'Thông tin mô tả ngắn cho bài Khuyến mãi 4', ''),
(51, 26, 'vn', 'Tin tức 2', 'Thông tin mô tả ngắn cho bài Khuyến mãi 5', '<p>Th&ocirc;ng tin m&ocirc; tả ngắn cho b&agrave;i Khuyến m&atilde;i 5</p>\r\n', '', '', '', '', '', 0, 'tin-tuc-2', 'Tin tức 2', 'Thông tin mô tả ngắn cho bài Khuyến mãi 5', ''),
(52, 26, 'en', 'Khuyến mãi 5', 'Thông tin mô tả ngắn cho bài Khuyến mãi 5', '<p>Th&ocirc;ng tin m&ocirc; tả ngắn cho b&agrave;i Khuyến m&atilde;i 5</p>\r\n', '', '', '', '', '', 0, 'khuyen-mai-5', 'Khuyến mãi 5', 'Thông tin mô tả ngắn cho bài Khuyến mãi 5', ''),
(53, 27, 'vn', 'Tin tức 1', 'Đầu năm 2017, trợ lý ảo Alexa Amazon thực sự trở thành tâm điểm của triển lãm CES 2017 tại Las Vegas (Mỹ), bỏ qua các ứng dụng nhận diện giọng nói của các đối thủ như Apple, Google, Facebook…. Hệ sinh thái Alexa nhanh chóng rộng mở hứa hẹn trở thành trợ lý đắc lực của con người trong tương lai.', '<p>Nhận thấy những điểm ưu việt đ&oacute;, Lumi Việt Nam đ&atilde; nhanh ch&oacute;ng ph&aacute;t triển nghi&ecirc;n cứu, t&iacute;ch hợp Server Amazon kết nối với server của Lumi để đưa ra Giải ph&aacute;p nh&agrave; th&ocirc;ng minh điều khiển bằng giọng n&oacute;i. H&atilde;y h&igrave;nh dung về một thế giới m&agrave; giọng n&oacute;i của bạn trở n&ecirc;n quyền năng.</p>\r\n\r\n<p><img alt=\"\" height=\"554\" src=\"/image/images/nd1.jpg\" width=\"800\" /></p>\r\n\r\n<p style=\"text-align:center\"><em>M&ocirc; h&igrave;nh kết hợp sever của Amazon &amp; sever của Lumi để tạo ra giải ph&aacute;p nh&agrave; th&ocirc;ng minh điều khiển bằng giọng n&oacute;i</em></p>\r\n\r\n<p>C&aacute;ch mạng c&ocirc;ng nghiệp 4.0 v&agrave; mạng lưới vạn vật kết nối internet (IoT) sẽ tạo ra sự thay đổi mạnh mẽ về nguồn lực sản xuất, c&ocirc;ng nghệ thực tế ảo &hellip; IoT . Giải ph&aacute;p nh&agrave; th&ocirc;ng minh &ndash; 1 trong những ứng dụng của IoT, đ&atilde; v&agrave; đang trở th&agrave;nh xu hướng tất yếu trong đời sống.</p>\r\n\r\n<p><img alt=\"\" height=\"566\" src=\"/image/images/nd2.jpg\" width=\"800\" /></p>\r\n\r\n<p>&nbsp;</p>\r\n\r\n<p style=\"text-align:center\"><em>C&aacute;ch mạng c&ocirc;ng nghiệp 4.0 v&agrave; IoT, &hellip; đang xu thế của tương lai</em></p>\r\n\r\n<p>Lumi Việt Nam đơn vị đầu ti&ecirc;n tại Việt Nam, đ&atilde; nghi&ecirc;n cứu, ứng dụng th&agrave;nh c&ocirc;ng C&ocirc;ng nghệ nhận dạng giọng n&oacute;i v&agrave; cho ra đời giải ph&aacute;p nh&agrave; th&ocirc;ng minh điều khiển bằng giọng n&oacute;i đầu ti&ecirc;n tại Việt Nam. Tất cả c&aacute;c thiết bị của ng&ocirc;i nh&agrave; như chiếu s&aacute;ng, r&egrave;m cửa, b&igrave;nh n&oacute;ng lạnh, điều h&ograve;a, &acirc;m thanh, h&igrave;nh ảnh&hellip; đều c&oacute; thể kết nối với Internet v&agrave; cho ph&eacute;p điều khiển bằng giọng n&oacute;i.</p>\r\n\r\n<p><img alt=\"\" height=\"531\" src=\"/image/images/nd3.jpg\" width=\"800\" /></p>\r\n\r\n<p>&nbsp;</p>\r\n\r\n<p style=\"text-align:center\"><em>Tại Việt Nam c&ocirc;ng nghệ nhận dạng giọng n&oacute;i đ&atilde; được ứng dụng v&agrave;o đời sống</em></p>\r\n\r\n<p><strong>H&atilde;y h&igrave;nh dung với t&iacute;nh năng bật/tắt hệ thống chiếu s&aacute;ng:</strong>&nbsp;Con bạn c&ograve;n qu&aacute; thấp để với tới c&ocirc;ng tắc đ&egrave;n khi muốn bật/tắt? Thật đơn giản, h&atilde;y ra lệnh với thiết bị nhận diện giọng n&oacute;i &ndash; giải ph&aacute;p gi&uacute;p trẻ điều khiển được thiết bị theo &yacute; muốn nhưng ho&agrave;n to&agrave;n kh&ocirc;ng phải tiếp x&uacute;c điện.</p>\r\n\r\n<p><img alt=\"\" height=\"510\" src=\"/image/images/nd4.jpg\" width=\"800\" /></p>\r\n\r\n<p style=\"text-align:center\"><em>Việc bật/tắt c&aacute;c c&ocirc;ng tắc đ&egrave;n đ&atilde; trở n&ecirc;n an to&agrave;n, dễ d&agrave;ng với trẻ nhỏ</em></p>\r\n\r\n<p><strong>Điều chỉnh chế độ s&aacute;ng của b&oacute;ng đ&egrave;n:</strong>&nbsp;Thường th&igrave; điều chỉnh độ s&aacute;ng của b&oacute;ng đ&egrave;n, bạn cần mất rất nhiều thời gian. Với Amazon bạn chỉ cần n&oacute;i, ngay lập tức đ&atilde; c&oacute; &aacute;nh s&aacute;ng ưng &yacute;, ph&ugrave; hợp với kh&ocirc;ng gian ng&ocirc;i nh&agrave;.</p>\r\n\r\n<p><strong>Thay đổi m&agrave;u sắc đ&egrave;n Led:</strong>&nbsp;Kh&ocirc;ng gian qu&aacute; bừa bộn để t&igrave;m thấy Smartphone điều chỉnh m&agrave;u đ&egrave;n Led trong buổi lễ sinh nhật. Sẽ tiện nghi hơn khi bạn n&oacute;i &ldquo;Blur, Red, Pink&hellip;&rdquo; đ&egrave;n Led ngay lập tức sẽ chuyển sang m&agrave;u bạn y&ecirc;u cầu.</p>\r\n\r\n<p><strong>Thiết lập hoạt cảnh:</strong>&nbsp;Bạn phải đi lần lượt c&aacute;c ph&ograve;ng để kiểm tra c&aacute;c thiết bị điện c&ograve;n bật hay tắt trước khi ngủ? Điều khiển bằng giọng n&oacute;i, chỉ cần nằm tr&ecirc;n giường với một c&acirc;u lệnh, tất cả hệ thống điện trong ng&ocirc;i nh&agrave; sẽ được tắt, ngo&agrave;i ra bạn ho&agrave;n to&agrave;n c&oacute; thể hẹn giờ tự động bật/tắt cho c&aacute;c thiết bị trong nh&agrave;.</p>\r\n\r\n<p><strong>T&iacute;nh năng đ&oacute;ng/mở r&egrave;m:</strong>&nbsp;Bố mẹ bạn đ&atilde; c&oacute; tuổi v&agrave; kh&ocirc;ng tiện đi lại nhiều, để ph&ograve;ng tr&agrave;n ngập &aacute;nh s&aacute;ng mỗi buổi s&aacute;ng, hay đọc s&aacute;ch khi kh&ocirc;ng c&oacute; người gi&uacute;p đỡ. Sẽ thật dễ d&agrave;ng khi &ocirc;ng/b&agrave; ra lệnh với thiết bị nhận diện giọng n&oacute;i để thực hiện c&ocirc;ng việc đ&oacute;.</p>\r\n\r\n<p><img alt=\"\" height=\"510\" src=\"/image/images/nd5.jpg\" width=\"800\" /></p>\r\n\r\n<p style=\"text-align:center\"><em>Đảm bảo sức khỏe, tiện nghi, dễ d&agrave;ng sử dụng đối với mọi lứa tuổi</em></p>\r\n\r\n<p>Điều chỉnh tốc độ quạt: Con bạn đang ngủ nhưng quạt qu&aacute; to, bạn lại đang kh&ocirc;ng tiện sử dụng điện thoại hay rời khỏi. Sẽ dễ d&agrave;ng thực hiện khi ra lệnh cho thiết bị nhận dạng giọng. Vừa đảm bảo được sự k&iacute;nh trọng với kh&aacute;ch v&agrave; sức khỏe cho b&eacute;.</p>\r\n\r\n<p>T&iacute;nh năng &acirc;m thanh: S&aacute;ng m&ugrave;a đ&ocirc;ng, muốn nghe một bản nhạc hay đơn giản l&agrave; xem bộ phim y&ecirc;u th&iacute;ch, nhưng lười kh&ocirc;ng muốn chui ra khỏi c&aacute;i chăn. Với Amazon điều khiển giọng n&oacute;i, c&ocirc;ng việc duy nhất bạn phải l&agrave;m l&agrave; nằm trong chăn v&agrave; n&oacute;i những điều m&igrave;nh th&iacute;ch.</p>\r\n\r\n<p>Sở hữu nh&agrave; th&ocirc;ng minh điều khiển bằng giọng n&oacute;i, đồng nghĩa với việc bạn đang trở th&agrave;nh người ti&ecirc;n phong, nắm bắt c&ocirc;ng nghệ v&agrave; xu thế tương lai.</p>\r\n', '', '', '', '', '', 1, 'tin-tuc-1', 'Tin tức 1', 'Đầu năm 2017, trợ lý ảo Alexa Amazon thực sự trở thành tâm điểm của triển lãm CES 2017 tại Las Vegas (Mỹ), bỏ qua các ứng dụng nhận diện giọng nói của các đối thủ như Apple, Google, Facebook…. Hệ sinh thái Alexa nhanh chóng rộng mở hứa hẹn trở thành trợ lý đắc lực của con người trong tương lai.', ''),
(54, 27, 'en', 'Khuyễn mãi 6', 'Thông tin mô tả ngắn cho bài Khuyến mãi 6', '<p>Thông tin mô tả ngắn cho bài Khuyến mãi 6</p>\r\n', '', '', '', '', '', 1, 'khuyen-mai-6', 'Khuyễn mãi 6', 'Thông tin mô tả ngắn cho bài Khuyến mãi 6', ''),
(61, 31, 'vn', 'Tin tức 4', 'Mô tả tin tức 4', '<p>Nội dung tin tức 4</p>\r\n', '', '', '', '', '', 1, 'tin-tuc-4', 'Tin tức 4', '', ''),
(62, 31, 'en', 'news 4', 'Mô tả tin tức 4', '<p>Nội dung tin tức 4 en</p>\r\n', '', '', '', '', '', 1, 'tin-tuc-4', 'Tin tức 4', '', ''),
(99, 50, 'vn', 'VIP airport fast-track at Tan Son Nhat airport in Ho Chi Minh', 'VIP airport fast-track at Tan Son Nhat airport in Ho Chi Minh', '<p>Apply for VIP airport fast-track at Tan Son Nhat airport in Ho Chi Minh</p>\r\n', '', '', '', '', '', 1, 'vip-airport-fast-track-at-tan-son-nhat-airport-in-ho-chi-minh', 'VIP airport fast-track at Tan Son Nhat airport in Ho Chi Minh', 'VIP airport fast-track at Tan Son Nhat airport in Ho Chi Minh', 'VIP Vietnam Airport Fast-Track, VIP airport express service'),
(100, 50, 'en', '胡志明市新山一机场的贵宾机场快速通道', '胡志明市新山一机场的贵宾机场快速通道', '<p>在胡志明市的新山一机场申请贵宾机场快速通道</p>\r\n', '', '', '', '', '', 1, 'vip-airport-fast-track-at-tan-son-nhat-airport-in-ho-chi-minh', '胡志明市新山一机场的贵宾机场快速通道', '胡志明市新山一机场的贵宾机场快速通道', '胡志明市新山一机场的贵宾机场快速通道'),
(107, 54, 'vn', 'vietnam airport express service', 'Vietnamfasttrack.org - the leading Vietnam airport express service', '<p>Vietnamfasttrack.org - the leading Vietnam airport express service</p>\r\n\r\n<p dir=\"ltr\"><strong>Vietnam airport express service</strong> is designed to help&nbsp;the passengers to save time at the airport in Vietnam. With this service, customer can get their visa stamping, visa sticker and go through their procedures immediately after landing at the airport. Customers using this service won&rsquo;t have to wait in the queue to wait for their turn. This will ensure that they can get their visa as soon as they land.</p>\r\n\r\n<p dir=\"ltr\">This service is for people who don&rsquo;t want to &nbsp;queue for hours at the airport, or are in a hurry for the upcoming meetings.</p>\r\n\r\n<p dir=\"ltr\">This type of service of <span style=\"color:#3498db\">vietnamfasttrack.org</span> will help the customers no longer have to worry at any international airport in Vietnam. With this helpful&nbsp;service, passengers&nbsp;can finish all immigration procedures at the&nbsp;airport less than 15 minutes and will no longer have to get in line because <strong><em>vietnam fast-track team</em></strong> will assist you and your luggage when you arrive</p>\r\n', '', '', '', '', '', 1, 'vietnam-airport-express-service', 'vietnam airport express service', 'Vietnamfasttrack.org - the leading airport express service in Vietnam', 'Vietnam Airport Fast-Track/Vietnamfasttrack.org - the leader of Vietnam airport express service'),
(108, 54, 'en', '越南机场快递服务', 'Vietnamfasttrack.org - 越南领先的机场快递服务', '<p style=\"text-align:start\"><span style=\"font-size:14px\"><span style=\"color:#333333\"><span style=\"font-family:Raleway,sans-serif\"><span style=\"background-color:#ffffff\">Vietnamfasttrack.org - 领先的越南机场快线服务</span></span></span></span></p>\r\n\r\n<p dir=\"ltr\" style=\"text-align:start\"><span style=\"font-size:14px\"><span style=\"color:#333333\"><span style=\"font-family:Raleway,sans-serif\"><span style=\"background-color:#ffffff\"><strong>越南机场快递服务</strong>旨在帮助乘客节省时间，在越南机场。有了这项服务，客户可以得到他们的签证冲压，贴纸签证，并降落在机场后，立即通过他们的程序。使用此服务的客户将不必在队列中等待，等待轮到自己。这将确保他们能够尽快为他们的土地得到他们的签证。</span></span></span></span></p>\r\n\r\n<p dir=\"ltr\" style=\"text-align:start\"><span style=\"font-size:14px\"><span style=\"color:#333333\"><span style=\"font-family:Raleway,sans-serif\"><span style=\"background-color:#ffffff\">此项服务是为了谁不想在机场排队几个小时，或者是在为即将到来的会议，匆匆的人。</span></span></span></span></p>\r\n\r\n<p dir=\"ltr\" style=\"text-align:start\"><span style=\"font-size:14px\"><span style=\"color:#333333\"><span style=\"font-family:Raleway,sans-serif\"><span style=\"background-color:#ffffff\">这种类型的服务的<span style=\"font-size:14px\"><span style=\"color:#3498db\">vietnamfasttrack.org</span></span>将帮助客户不再需要在越南的国际机场的后顾之忧。有了这个有用的服务，乘客可以在机场不到15分钟完成了全部入境手续，不再在一线得到，因为<strong><em>越南的快速轨道团队</em></strong>将帮助您和您的行李，当您到达</span></span></span></span></p>\r\n', '', '', '', '', '', 1, 'vietnam-airport-express-service', '越南机场快递服务', 'Vietnamfasttrack.org - 越南领先的机场快递服务', ''),
(113, 57, 'vn', 'Airport services in Viet Nam', 'With the blooming or Vietnam tourism, lots of new services are developping as well to support it. On the transportation side, airport fast – track service in Viet Nam is favored by many foreign visitors.', '<p style=\"margin-left:0cm; margin-right:0cm; text-align:justify\"><span style=\"font-size:14px\"><span style=\"font-family:Arial,Helvetica,sans-serif\"><span style=\"color:#000000\">These days, Viet Nam is becoming more and more popular with foreign visitors. It is famous not only by the hospitality of the people who live here but also by its wonderful and beautiful scenarios. Because Viet Nam&rsquo;s tourism is strongly developing, there are many useful services that come along with it, and <a href=\"http://vietnamfasttrack.org/\"><strong>airport fast &ndash; track service in Viet Nam</strong></a> is one of them.</span></span></span></p>\r\n\r\n<p style=\"margin-left:0cm; margin-right:0cm; text-align:justify\">&nbsp;</p>\r\n\r\n<h2 style=\"margin-left:0cm; margin-right:0cm; text-align:justify\"><span style=\"font-size:20px\"><span style=\"font-family:Arial,Helvetica,sans-serif\"><span style=\"color:#000000\"><strong>What is airport fast &ndash; track service in Viet Nam?</strong></span></span></span></h2>\r\n\r\n<p style=\"margin-left:0cm; margin-right:0cm; text-align:justify\"><span style=\"font-size:14px\"><span style=\"font-family:Arial,Helvetica,sans-serif\"><span style=\"color:#000000\"><a href=\"http://vietnamfasttrack.org/airport-services-in-viet-nam\"><strong>Airport fast &ndash; track service in Viet Nam</strong></a> is a service which helps the visitors to pass the lines, save their time, remove language barriers and get the visa stamping at the airport easily. It contributes to ensure that visitors will have a fast arrival and a successful transit. This kind of services at the airport is built to assist visitors when they arrived with the highest quality service to avoid wasting their valuable time, especially after a long flight.</span></span></span></p>\r\n\r\n<p style=\"margin-left:0cm; margin-right:0cm; text-align:justify\">&nbsp;</p>\r\n\r\n<p style=\"text-align:center\"><img alt=\"airport-fast-track-service-in-Viet-Nam\" height=\"279\" src=\"/image/images/airport-fast-track-service-in-Viet-Nam2.jpg\" width=\"600\" /></p>\r\n\r\n<p style=\"margin-left:0cm; margin-right:0cm; text-align:center\"><span style=\"font-size:14px\"><span style=\"font-family:Arial,Helvetica,sans-serif\"><em><span style=\"color:#000000\">&nbsp; Let&rsquo;s we help you to have a good time at the airport.</span></em></span></span></p>\r\n\r\n<p style=\"margin-left:0cm; margin-right:0cm; text-align:center\">&nbsp;</p>\r\n\r\n<h2 style=\"margin-left:0cm; margin-right:0cm; text-align:justify\"><span style=\"font-size:20px\"><span style=\"font-family:Arial,Helvetica,sans-serif\"><strong><span style=\"color:#000000\">Why you should choose airport fast &ndash; track service in Viet Nam?</span></strong></span></span></h2>\r\n\r\n<p style=\"margin-left:0cm; margin-right:0cm; text-align:justify\"><span style=\"font-size:14px\"><span style=\"font-family:Arial,Helvetica,sans-serif\"><span style=\"color:#000000\">With many years of business activities on the market, high-skilled and professional staffs, we are confident to bring to visitors the highest quality service with lots of benefits with our <a href=\"http://vietnamfasttrack.org/go-and-experience-our-first-class-vietnam-vip-airport-fast-track-service\"><strong>airport fast &ndash; track service in Viet Nam</strong></a> - the main service of the company</span></span></span></p>\r\n\r\n<p style=\"margin-left:0cm; margin-right:0cm; text-align:justify\"><span style=\"font-size:14px\"><span style=\"font-family:Arial,Helvetica,sans-serif\"><span style=\"color:#000000\">- Get visa stamp at landing visa counter without waiting</span></span></span></p>\r\n\r\n<p style=\"margin-left:0cm; margin-right:0cm; text-align:justify\"><span style=\"font-size:14px\"><span style=\"font-family:Arial,Helvetica,sans-serif\"><span style=\"color:#000000\">- Baggage porters available on request.</span></span></span></p>\r\n\r\n<p style=\"margin-left:0cm; margin-right:0cm; text-align:justify\"><span style=\"font-size:14px\"><span style=\"font-family:Arial,Helvetica,sans-serif\"><span style=\"color:#000000\">- Moreover, there are many other additional benefits you can get if you choose this service, which are:</span></span></span></p>\r\n\r\n<p style=\"margin-left:0cm; margin-right:0cm; text-align:justify\"><span style=\"font-size:14px\"><span style=\"font-family:Arial,Helvetica,sans-serif\"><span style=\"color:#000000\">- A uniformed assistant holding signboard with your name on at the arrival gate.</span></span></span></p>\r\n\r\n<p style=\"margin-left:0cm; margin-right:0cm; text-align:justify\"><span style=\"font-size:14px\"><span style=\"font-family:Arial,Helvetica,sans-serif\"><span style=\"color:#000000\">- A car transporting you with our staff directly to the VIP immigration.</span></span></span></p>\r\n\r\n<p style=\"margin-left:0cm; margin-right:0cm; text-align:justify\"><span style=\"font-size:14px\"><span style=\"font-family:Arial,Helvetica,sans-serif\"><span style=\"color:#000000\">- No queue fast track immigration counter with help from our assistant.</span></span></span></p>\r\n\r\n<p style=\"margin-left:0cm; margin-right:0cm; text-align:justify\"><span style=\"font-size:14px\"><span style=\"font-family:Arial,Helvetica,sans-serif\"><span style=\"color:#000000\">- If you lost any baggage, our assistant will assist you.</span></span></span></p>\r\n\r\n<p style=\"margin-left:0cm; margin-right:0cm; text-align:justify\"><span style=\"font-size:14px\"><span style=\"font-family:Arial,Helvetica,sans-serif\"><span style=\"color:#000000\">- Our assistant helps you to carry your baggage through customs and brings you to your limousine.</span></span></span></p>\r\n\r\n<p style=\"margin-left:0cm; margin-right:0cm; text-align:center\"><span style=\"font-size:14px\"><span style=\"font-family:Arial,Helvetica,sans-serif\"><span style=\"color:#000000\"><img alt=\"\" height=\"401\" src=\"file:///C:\\Users\\ADMINI~1\\AppData\\Local\\Temp\\msohtmlclip1\\01\\clip_image003.jpg\" width=\"602\" /></span></span></span></p>\r\n\r\n<p style=\"text-align:center\"><img alt=\"airport-fast-track-service-in-Viet-Nam\" height=\"400\" src=\"/image/images/airport-fast-track-service-in-Viet-Nam.jpg\" width=\"600\" /></p>\r\n\r\n<p style=\"margin-left:0cm; margin-right:0cm; text-align:center\"><span style=\"font-size:14px\"><span style=\"font-family:Arial,Helvetica,sans-serif\"><span style=\"color:#000000\">&nbsp;&nbsp;&nbsp;&nbsp;&nbsp;&nbsp;&nbsp;&nbsp;&nbsp;&nbsp;&nbsp;<em>&nbsp;&nbsp;&nbsp;&nbsp;&nbsp;&nbsp; Fast track service &ndash; easy time at the airport.</em></span></span></span></p>\r\n\r\n<p style=\"margin-left:0cm; margin-right:0cm; text-align:center\">&nbsp;</p>\r\n\r\n<h2 style=\"margin-left:0cm; margin-right:0cm; text-align:justify\"><span style=\"font-size:20px\"><span style=\"font-family:Arial,Helvetica,sans-serif\"><strong><span style=\"color:#000000\">How to book your airport fast &ndash; track service in Viet Nam at Vietnamfasttrack? </span></strong></span></span></h2>\r\n\r\n<p style=\"margin-left:0cm; margin-right:0cm; text-align:justify\"><span style=\"font-size:14px\"><span style=\"font-family:Arial,Helvetica,sans-serif\"><span style=\"color:#000000\">- Step 1: Go to our website and fill in the information: what kind of services you want to use, provide your personal information: full name, passport number, ID number, date of birth, nationality, flight number, arrival time (GMT+7)&hellip; We will send you a confirmation email so you can check your service carefully and easily.</span></span></span></p>\r\n\r\n<p style=\"margin-left:0cm; margin-right:0cm; text-align:justify\"><span style=\"font-size:14px\"><span style=\"font-family:Arial,Helvetica,sans-serif\"><span style=\"color:#000000\">- Step 2: Find our staff who is waiting for you at the landing arrival to pick you up with your name on a welcome board. In case you don&rsquo;t see our staff, please call our hotline. Our customer service work 24/7.</span></span></span></p>\r\n\r\n<p style=\"margin-left:0cm; margin-right:0cm; text-align:justify\"><span style=\"font-size:14px\"><span style=\"font-family:Arial,Helvetica,sans-serif\"><span style=\"color:#000000\">- Step 3: Give our staff your required documents including Viet Nam visa approval letter, entry and exit form, passport, 2 photos and stamping fee in cash in order to help you complete your entry procedure.</span></span></span></p>\r\n\r\n<p style=\"margin-left:0cm; margin-right:0cm; text-align:justify\"><span style=\"font-size:14px\"><span style=\"font-family:Arial,Helvetica,sans-serif\"><span style=\"color:#000000\">- Step 4: Our staff will give your passport back after 5 minutes and assist you to the baggage lounge as porter if you require and passing the custom check in.</span></span></span></p>\r\n\r\n<p style=\"margin-left:0cm; margin-right:0cm; text-align:justify\"><span style=\"font-size:14px\"><span style=\"font-family:Arial,Helvetica,sans-serif\"><span style=\"color:#000000\">Note: Please notify us your flight details 48 working hours before your departure.</span></span></span></p>\r\n\r\n<p style=\"margin-left:0cm; margin-right:0cm; text-align:justify\"><span style=\"font-size:14px\"><span style=\"font-family:Arial,Helvetica,sans-serif\"><span style=\"color:#000000\"><img alt=\"\" height=\"219\" src=\"file:///C:\\Users\\ADMINI~1\\AppData\\Local\\Temp\\msohtmlclip1\\01\\clip_image005.jpg\" width=\"602\" /></span></span></span></p>\r\n\r\n<p style=\"text-align:center\"><img alt=\"airport-fast-track-service-in-Viet-Nam\" height=\"218\" src=\"/image/images/airport-fast-track-service-in-Viet-Nam1.jpg\" width=\"600\" /></p>\r\n\r\n<p style=\"margin-left:0cm; margin-right:0cm; text-align:center\"><span style=\"font-size:14px\"><span style=\"font-family:Arial,Helvetica,sans-serif\"><em><span style=\"color:#000000\">Take it easy when you are at the airport by using fast track service.</span></em></span></span></p>\r\n\r\n<p style=\"margin-left:0cm; margin-right:0cm; text-align:center\">&nbsp;</p>\r\n\r\n<p style=\"margin-left:0cm; margin-right:0cm; text-align:justify\"><span style=\"font-size:14px\"><span style=\"font-family:Arial,Helvetica,sans-serif\"><span style=\"color:#000000\"><strong>Airport fast &ndash; track service in Viet Nam</strong> is a helpful service for visitors who don&rsquo;t want to waste time waiting at the airport. Furthermore, for people who come to Vietnam for the first time and aren&rsquo;t familiar with how things work, no doubt that this kind of service will be convenient. </span></span></span></p>\r\n', '', '', '', '', '', 1, 'airport-services-in-viet-nam', 'Airport services in Viet Nam', 'With the blooming or Vietnam tourism, lots of new services are developping as well to support it. On the transportation side, airport fast – track service in Viet Nam is favored by many foreign visitors.', 'airport fast – track service in Viet Nam '),
(114, 57, 'en', '在越南机场服务', '随着盛开或越南旅游业的发展，许多新服务也在不断发展，以支持它。 在交通方面，越南的机场快速通道服务受到许多外国游客的青睐。', '<p style=\"margin-left:0cm; margin-right:0cm; text-align:justify\"><span style=\"font-size:14px\"><span style=\"color:#333333\"><span style=\"font-family:Raleway,sans-serif\"><span style=\"background-color:#ffffff\"><span style=\"font-size:14px\"><span style=\"font-size:14px\"><span style=\"font-family:Arial,Helvetica,sans-serif\"><span style=\"font-size:14px\"><span style=\"color:#000000\">这些天来，越南正在成为越来越受欢迎的外国游客。它不仅是谁住在这里，但也通过其精彩和美丽的场景人民的热情好客而闻名。由于越南的旅游业正在大力发展，也有与它一起走了许多有用的服务，以及<a href=\"http://vietnamfasttrack.org/\" style=\"box-sizing:border-box; color:#337ab7; text-decoration:none; margin:0px; padding:0px; border:0px; font-size:14px; vertical-align:baseline\"><strong>机场快-在越南跟踪服务</strong></a>就是其中之一。</span></span></span></span></span></span></span></span></span></p>\r\n\r\n<p style=\"margin-left:0cm; margin-right:0cm; text-align:justify\"><span style=\"font-size:14px\"><span style=\"color:#333333\"><span style=\"font-family:Raleway,sans-serif\"><span style=\"background-color:#ffffff\">&nbsp;</span></span></span></span></p>\r\n\r\n<h2 style=\"margin-left:0cm; margin-right:0cm; text-align:justify\"><span style=\"font-size:24px\"><span style=\"font-family:Raleway,sans-serif\"><span style=\"color:#333333\"><span style=\"background-color:#ffffff\"><span style=\"font-size:20px\"><span style=\"font-size:20px\"><span style=\"font-family:Arial,Helvetica,sans-serif\"><span style=\"font-size:20px\"><span style=\"color:#000000\"><strong>什么是机场快速 - 跟踪服务在越南？</strong></span></span></span></span></span></span></span></span></span></h2>\r\n\r\n<p style=\"margin-left:0cm; margin-right:0cm; text-align:justify\"><span style=\"font-size:14px\"><span style=\"color:#333333\"><span style=\"font-family:Raleway,sans-serif\"><span style=\"background-color:#ffffff\"><span style=\"font-size:14px\"><span style=\"font-size:14px\"><span style=\"font-family:Arial,Helvetica,sans-serif\"><span style=\"font-size:14px\"><span style=\"color:#000000\"><a href=\"http://vietnamfasttrack.org/airport-services-in-viet-nam\" style=\"box-sizing:border-box; color:#337ab7; text-decoration:none; margin:0px; padding:0px; border:0px; font-size:14px; vertical-align:baseline\"><strong>机场快-在越南跟踪服务</strong></a>是一种服务，帮助旅客打发线，节省时间，消除语言障碍并获得签证在机场很容易冲压。它有助于确保游客将有一个快速的到达和中转成功。该机场样的服务是建立在协助旅客时，他们用最优质的服务到达，以避免浪费宝贵的时间，尤其是在长途飞行后。</span></span></span></span></span></span></span></span></span></p>\r\n\r\n<p style=\"margin-left:0cm; margin-right:0cm; text-align:justify\"><span style=\"font-size:14px\"><span style=\"color:#333333\"><span style=\"font-family:Raleway,sans-serif\"><span style=\"background-color:#ffffff\">&nbsp;</span></span></span></span></p>\r\n\r\n<p style=\"text-align:center\"><span style=\"font-size:14px\"><span style=\"color:#333333\"><span style=\"font-family:Raleway,sans-serif\"><span style=\"background-color:#ffffff\"><img alt=\"机场快速通道服务，在与越南，越南\" height=\"279\" src=\"https://www.vietnamfasttrack.org/image/images/airport-fast-track-service-in-Viet-Nam2.jpg\" width=\"600\" /></span></span></span></span></p>\r\n\r\n<p style=\"margin-left:0cm; margin-right:0cm; text-align:center\"><span style=\"font-size:14px\"><span style=\"color:#333333\"><span style=\"font-family:Raleway,sans-serif\"><span style=\"background-color:#ffffff\"><span style=\"font-size:14px\"><span style=\"font-size:14px\"><span style=\"font-family:Arial,Helvetica,sans-serif\"><em><span style=\"font-size:14px\"><span style=\"color:#000000\">&nbsp; 让我们帮你在机场的好时机。</span></span></em></span></span></span></span></span></span></span></p>\r\n\r\n<p style=\"margin-left:0cm; margin-right:0cm; text-align:center\"><span style=\"font-size:14px\"><span style=\"color:#333333\"><span style=\"font-family:Raleway,sans-serif\"><span style=\"background-color:#ffffff\">&nbsp;</span></span></span></span></p>\r\n\r\n<h2 style=\"margin-left:0cm; margin-right:0cm; text-align:justify\"><span style=\"font-size:24px\"><span style=\"font-family:Raleway,sans-serif\"><span style=\"color:#333333\"><span style=\"background-color:#ffffff\"><span style=\"font-size:20px\"><span style=\"font-size:20px\"><span style=\"font-family:Arial,Helvetica,sans-serif\"><strong><span style=\"font-size:20px\"><span style=\"color:#000000\">你为什么要选择机场快 - 在越南跟踪服务？</span></span></strong></span></span></span></span></span></span></span></h2>\r\n\r\n<p style=\"margin-left:0cm; margin-right:0cm; text-align:justify\"><span style=\"font-size:14px\"><span style=\"color:#333333\"><span style=\"font-family:Raleway,sans-serif\"><span style=\"background-color:#ffffff\"><span style=\"font-size:14px\"><span style=\"font-size:14px\"><span style=\"font-family:Arial,Helvetica,sans-serif\"><span style=\"font-size:14px\"><span style=\"color:#000000\">凭借多年的市场经营活动中，高技能和专业的工作人员，我们有信心带给游客最优质的服务，有很多与我们的利益<a href=\"http://vietnamfasttrack.org/go-and-experience-our-first-class-vietnam-vip-airport-fast-track-service\" style=\"box-sizing:border-box; color:#337ab7; text-decoration:none; margin:0px; padding:0px; border:0px; font-size:14px; vertical-align:baseline\"><strong>机场快速-跟踪服务在越南</strong></a>&nbsp;-该公司的主要服务</span></span></span></span></span></span></span></span></span></p>\r\n\r\n<p style=\"margin-left:0cm; margin-right:0cm; text-align:justify\"><span style=\"font-size:14px\"><span style=\"color:#333333\"><span style=\"font-family:Raleway,sans-serif\"><span style=\"background-color:#ffffff\"><span style=\"font-size:14px\"><span style=\"font-size:14px\"><span style=\"font-family:Arial,Helvetica,sans-serif\"><span style=\"font-size:14px\"><span style=\"color:#000000\">- 在落地签证柜台获取签证印章，而无需等待</span></span></span></span></span></span></span></span></span></p>\r\n\r\n<p style=\"margin-left:0cm; margin-right:0cm; text-align:justify\"><span style=\"font-size:14px\"><span style=\"color:#333333\"><span style=\"font-family:Raleway,sans-serif\"><span style=\"background-color:#ffffff\"><span style=\"font-size:14px\"><span style=\"font-size:14px\"><span style=\"font-family:Arial,Helvetica,sans-serif\"><span style=\"font-size:14px\"><span style=\"color:#000000\">- 应要求提供行李搬运工。</span></span></span></span></span></span></span></span></span></p>\r\n\r\n<p style=\"margin-left:0cm; margin-right:0cm; text-align:justify\"><span style=\"font-size:14px\"><span style=\"color:#333333\"><span style=\"font-family:Raleway,sans-serif\"><span style=\"background-color:#ffffff\"><span style=\"font-size:14px\"><span style=\"font-size:14px\"><span style=\"font-family:Arial,Helvetica,sans-serif\"><span style=\"font-size:14px\"><span style=\"color:#000000\">- 此外，还有如果你选择了这个服务，这是你可以得到许多其他额外的好处：</span></span></span></span></span></span></span></span></span></p>\r\n\r\n<p style=\"margin-left:0cm; margin-right:0cm; text-align:justify\"><span style=\"font-size:14px\"><span style=\"color:#333333\"><span style=\"font-family:Raleway,sans-serif\"><span style=\"background-color:#ffffff\"><span style=\"font-size:14px\"><span style=\"font-size:14px\"><span style=\"font-family:Arial,Helvetica,sans-serif\"><span style=\"font-size:14px\"><span style=\"color:#000000\">- 一个穿制服的助手上在到达口拿着招牌用你的名字。</span></span></span></span></span></span></span></span></span></p>\r\n\r\n<p style=\"margin-left:0cm; margin-right:0cm; text-align:justify\"><span style=\"font-size:14px\"><span style=\"color:#333333\"><span style=\"font-family:Raleway,sans-serif\"><span style=\"background-color:#ffffff\"><span style=\"font-size:14px\"><span style=\"font-size:14px\"><span style=\"font-family:Arial,Helvetica,sans-serif\"><span style=\"font-size:14px\"><span style=\"color:#000000\">- 一个汽车运输您与我们的工作人员直接到VIP移民。</span></span></span></span></span></span></span></span></span></p>\r\n\r\n<p style=\"margin-left:0cm; margin-right:0cm; text-align:justify\"><span style=\"font-size:14px\"><span style=\"color:#333333\"><span style=\"font-family:Raleway,sans-serif\"><span style=\"background-color:#ffffff\"><span style=\"font-size:14px\"><span style=\"font-size:14px\"><span style=\"font-family:Arial,Helvetica,sans-serif\"><span style=\"font-size:14px\"><span style=\"color:#000000\">- 与我们的助手帮助无队列快车道入境柜台。</span></span></span></span></span></span></span></span></span></p>\r\n\r\n<p style=\"margin-left:0cm; margin-right:0cm; text-align:justify\"><span style=\"font-size:14px\"><span style=\"color:#333333\"><span style=\"font-family:Raleway,sans-serif\"><span style=\"background-color:#ffffff\"><span style=\"font-size:14px\"><span style=\"font-size:14px\"><span style=\"font-family:Arial,Helvetica,sans-serif\"><span style=\"font-size:14px\"><span style=\"color:#000000\">- 如果你失去了任何包袱，我们的助手会帮助你。</span></span></span></span></span></span></span></span></span></p>\r\n\r\n<p style=\"margin-left:0cm; margin-right:0cm; text-align:justify\"><span style=\"font-size:14px\"><span style=\"color:#333333\"><span style=\"font-family:Raleway,sans-serif\"><span style=\"background-color:#ffffff\"><span style=\"font-size:14px\"><span style=\"font-size:14px\"><span style=\"font-family:Arial,Helvetica,sans-serif\"><span style=\"font-size:14px\"><span style=\"color:#000000\">- 我们的助理可以帮助你通过海关携带您的行李，并为您带来您的豪华轿车。</span></span></span></span></span></span></span></span></span></p>\r\n\r\n<p style=\"margin-left:0cm; margin-right:0cm; text-align:center\"><span style=\"font-size:14px\"><span style=\"color:#333333\"><span style=\"font-family:Raleway,sans-serif\"><span style=\"background-color:#ffffff\"><span style=\"font-size:14px\"><span style=\"font-size:14px\"><span style=\"font-family:Arial,Helvetica,sans-serif\"><span style=\"font-size:14px\"><span style=\"color:#000000\"><img alt=\"\" height=\"401\" src=\"file:///C:/Users/ADMINI~1/AppData/Local/Temp/msohtmlclip1/01/clip_image003.jpg\" width=\"602\" /></span></span></span></span></span></span></span></span></span></p>\r\n\r\n<p style=\"text-align:center\"><span style=\"font-size:14px\"><span style=\"color:#333333\"><span style=\"font-family:Raleway,sans-serif\"><span style=\"background-color:#ffffff\"><img alt=\"机场快速通道服务，在与越南，越南\" height=\"400\" src=\"https://www.vietnamfasttrack.org/image/images/airport-fast-track-service-in-Viet-Nam.jpg\" width=\"600\" /></span></span></span></span></p>\r\n\r\n<p style=\"margin-left:0cm; margin-right:0cm; text-align:center\"><span style=\"font-size:14px\"><span style=\"color:#333333\"><span style=\"font-family:Raleway,sans-serif\"><span style=\"background-color:#ffffff\"><span style=\"font-size:14px\"><span style=\"font-size:14px\"><span style=\"font-family:Arial,Helvetica,sans-serif\"><span style=\"font-size:14px\"><span style=\"color:#000000\">&nbsp;&nbsp;&nbsp;&nbsp;&nbsp;&nbsp;&nbsp;&nbsp;&nbsp;&nbsp;&nbsp;<em>&nbsp;&nbsp;&nbsp;&nbsp;&nbsp;&nbsp; 快速服务 - 在机场简单的时间。</em></span></span></span></span></span></span></span></span></span></p>\r\n\r\n<p style=\"margin-left:0cm; margin-right:0cm; text-align:center\"><span style=\"font-size:14px\"><span style=\"color:#333333\"><span style=\"font-family:Raleway,sans-serif\"><span style=\"background-color:#ffffff\">&nbsp;</span></span></span></span></p>\r\n\r\n<h2 style=\"margin-left:0cm; margin-right:0cm; text-align:justify\"><span style=\"font-size:24px\"><span style=\"font-family:Raleway,sans-serif\"><span style=\"color:#333333\"><span style=\"background-color:#ffffff\"><span style=\"font-size:20px\"><span style=\"font-size:20px\"><span style=\"font-family:Arial,Helvetica,sans-serif\"><strong><span style=\"font-size:20px\"><span style=\"color:#000000\">如何快速预订目的地 - 跟踪服务越南在Vietnamfasttrack？</span></span></strong></span></span></span></span></span></span></span></h2>\r\n\r\n<p style=\"margin-left:0cm; margin-right:0cm; text-align:justify\"><span style=\"font-size:14px\"><span style=\"color:#333333\"><span style=\"font-family:Raleway,sans-serif\"><span style=\"background-color:#ffffff\"><span style=\"font-size:14px\"><span style=\"font-size:14px\"><span style=\"font-family:Arial,Helvetica,sans-serif\"><span style=\"font-size:14px\"><span style=\"color:#000000\">- 第1步：进入我们的网站，填写信息：什么样的，你要使用，提供您的个人信息的服务：全名，护照号码，身份证号码，出生日期，国籍的日期，航班号，到达时间（GMT +7）......我们将给您发送一封确认邮件，所以你可以仔细地查询服务。</span></span></span></span></span></span></span></span></span></p>\r\n\r\n<p style=\"margin-left:0cm; margin-right:0cm; text-align:justify\"><span style=\"font-size:14px\"><span style=\"color:#333333\"><span style=\"font-family:Raleway,sans-serif\"><span style=\"background-color:#ffffff\"><span style=\"font-size:14px\"><span style=\"font-size:14px\"><span style=\"font-family:Arial,Helvetica,sans-serif\"><span style=\"font-size:14px\"><span style=\"color:#000000\">- 第2步：找到我们的工作人员是谁在登陆等着你的到来来接你用你的名字迎宾板上。如果你没有看到我们的工作人员，请拨打我们的热线电话。我们的客户服务工作24/7。</span></span></span></span></span></span></span></span></span></p>\r\n\r\n<p style=\"margin-left:0cm; margin-right:0cm; text-align:justify\"><span style=\"font-size:14px\"><span style=\"color:#333333\"><span style=\"font-family:Raleway,sans-serif\"><span style=\"background-color:#ffffff\"><span style=\"font-size:14px\"><span style=\"font-size:14px\"><span style=\"font-family:Arial,Helvetica,sans-serif\"><span style=\"font-size:14px\"><span style=\"color:#000000\">- 第3步：给我们的工作人员您所需的文档，包括越南签证批准函，入境和出境表，护照，照片2张，为了帮助您完成输入过程冲压费现金。</span></span></span></span></span></span></span></span></span></p>\r\n\r\n<p style=\"margin-left:0cm; margin-right:0cm; text-align:justify\"><span style=\"font-size:14px\"><span style=\"color:#333333\"><span style=\"font-family:Raleway,sans-serif\"><span style=\"background-color:#ffffff\"><span style=\"font-size:14px\"><span style=\"font-size:14px\"><span style=\"font-family:Arial,Helvetica,sans-serif\"><span style=\"font-size:14px\"><span style=\"color:#000000\">- 第四步：我们的工作人员会给你的护照回5分钟后，协助您将行李休息室，行李员，如果你需要和传球在通过海关检查。</span></span></span></span></span></span></span></span></span></p>\r\n\r\n<p style=\"margin-left:0cm; margin-right:0cm; text-align:justify\"><span style=\"font-size:14px\"><span style=\"color:#333333\"><span style=\"font-family:Raleway,sans-serif\"><span style=\"background-color:#ffffff\"><span style=\"font-size:14px\"><span style=\"font-size:14px\"><span style=\"font-family:Arial,Helvetica,sans-serif\"><span style=\"font-size:14px\"><span style=\"color:#000000\">注意：请通知我们您的航班详细信息，请在出发前48的工作时间。</span></span></span></span></span></span></span></span></span></p>\r\n\r\n<p style=\"margin-left:0cm; margin-right:0cm; text-align:justify\"><span style=\"font-size:14px\"><span style=\"color:#333333\"><span style=\"font-family:Raleway,sans-serif\"><span style=\"background-color:#ffffff\"><span style=\"font-size:14px\"><span style=\"font-size:14px\"><span style=\"font-family:Arial,Helvetica,sans-serif\"><span style=\"font-size:14px\"><span style=\"color:#000000\"><img alt=\"\" height=\"219\" src=\"file:///C:/Users/ADMINI~1/AppData/Local/Temp/msohtmlclip1/01/clip_image005.jpg\" width=\"602\" /></span></span></span></span></span></span></span></span></span></p>\r\n\r\n<p style=\"text-align:center\"><span style=\"font-size:14px\"><span style=\"color:#333333\"><span style=\"font-family:Raleway,sans-serif\"><span style=\"background-color:#ffffff\"><img alt=\"机场快速通道服务，在与越南，越南\" height=\"218\" src=\"https://www.vietnamfasttrack.org/image/images/airport-fast-track-service-in-Viet-Nam1.jpg\" width=\"600\" /></span></span></span></span></p>\r\n\r\n<p style=\"margin-left:0cm; margin-right:0cm; text-align:center\"><span style=\"font-size:14px\"><span style=\"color:#333333\"><span style=\"font-family:Raleway,sans-serif\"><span style=\"background-color:#ffffff\"><span style=\"font-size:14px\"><span style=\"font-size:14px\"><span style=\"font-family:Arial,Helvetica,sans-serif\"><em><span style=\"font-size:14px\"><span style=\"color:#000000\">别紧张，当你在机场使用快速服务。</span></span></em></span></span></span></span></span></span></span></p>\r\n\r\n<p style=\"margin-left:0cm; margin-right:0cm; text-align:center\"><span style=\"font-size:14px\"><span style=\"color:#333333\"><span style=\"font-family:Raleway,sans-serif\"><span style=\"background-color:#ffffff\">&nbsp;</span></span></span></span></p>\r\n\r\n<p style=\"margin-left:0cm; margin-right:0cm; text-align:justify\"><span style=\"font-size:14px\"><span style=\"color:#333333\"><span style=\"font-family:Raleway,sans-serif\"><span style=\"background-color:#ffffff\"><span style=\"font-size:14px\"><span style=\"font-size:14px\"><span style=\"font-family:Arial,Helvetica,sans-serif\"><span style=\"font-size:14px\"><span style=\"color:#000000\"><strong>机场快-在越南跟踪服务</strong>是不想浪费时间在机场等候谁的游客热心的服务。此外，对于谁前来越南的第一次和不熟悉的东西是如何工作的人，毫无疑问，这样的服务将是方便。</span></span></span></span></span></span></span></span></span></p>\r\n', '', '', '', '', '', 1, 'airport-services-in-viet-nam', '在越南机场服务', '随着盛开或越南旅游业的发展，许多新服务也在不断发展，以支持它。 在交通方面，越南的机场快速通道服务受到许多外国游客的青睐。', 'airport fast – track service in Viet Nam '),
(115, 58, 'vn', 'Go and experience our first class Vietnam vip airport fast track service ', 'The service that can help the visitors have an extremely pleasant arrival at almost airports in Vietnam. we ensure that you will be given the best care and service with the first class Vietnam vip airport fast track service by our company.', '<p style=\"text-align:justify\"><span style=\"font-family:Arial,Helvetica,sans-serif\"><span style=\"font-size:14px\"><span style=\"color:#000000\"><a href=\"http://vietnamfasttrack.org/\"><strong>First class Vietnam vip airport fast track service</strong></a> is believed to be one of the best service that Vietnamfasttrack company has to offer. From the South to the North, this service is very beneficial at every airport in Vietnam. Now let go to discover <strong>first class Vietnam vip airport fast track service</strong> and why this useful service is a worthy choice for the wisest customers &nbsp;</span></span></span></p>\r\n\r\n<p style=\"text-align:justify\">&nbsp;</p>\r\n\r\n<p style=\"text-align:center\"><img alt=\"first-class-Vietnam-vip-airport-fast-track-service\" height=\"450\" src=\"/image/images/first-class-Vietnam-vip-airport-fast-track-service.jpg\" width=\"600\" /></p>\r\n\r\n<p style=\"text-align:center\"><span style=\"font-family:Arial,Helvetica,sans-serif\"><span style=\"font-size:14px\"><em><span style=\"color:#000000\">Noi Bai international airport&nbsp;</span></em></span></span></p>\r\n\r\n<p style=\"text-align:center\">&nbsp;</p>\r\n\r\n<h2 style=\"text-align:justify\"><span style=\"font-size:20px\"><span style=\"font-family:Arial,Helvetica,sans-serif\"><strong><span style=\"color:#000000\">Benefits from first class Vietnam vip airport fast track service&nbsp;</span></strong></span></span></h2>\r\n\r\n<p style=\"text-align:justify\"><span style=\"font-family:Arial,Helvetica,sans-serif\"><span style=\"font-size:14px\"><span style=\"color:#000000\"><a href=\"http://vietnamfasttrack.org/airport-services-in-viet-nam\"><strong>First class Vietnam vip airport fast track service</strong></a> helps the visitors to get visa stamping, visa sticker and porter service at the landing visa counter at Vietnam Airport when the visitors arrive at the airport. This service was established to help customers to avoid wasting their valuable time, especially after already going through a long flight. Our local airport staff will meet you at the aiport and assist you to get Vietnam visa in the soonest time. Our VIP service will help you pass the long lines,and get the visa stamping at the airport easily. This can have save you a lot of time and will ensure that you won&rsquo;t miss any important meeting or schedule.&nbsp;</span></span></span></p>\r\n\r\n<p style=\"text-align:justify\">&nbsp;</p>\r\n\r\n<p style=\"text-align:center\"><img alt=\"first-class-Vietnam-vip-airport-fast-track-service\" height=\"300\" src=\"/image/images/first-class-Vietnam-vip-airport-fast-track-service2.jpg\" width=\"600\" /></p>\r\n\r\n<p style=\"text-align:center\"><span style=\"font-family:Arial,Helvetica,sans-serif\"><span style=\"font-size:14px\"><em><span style=\"color:#000000\">Getting visa stamping process in Vietnam airports&nbsp;</span></em></span></span></p>\r\n\r\n<p style=\"text-align:center\">&nbsp;</p>\r\n\r\n<p style=\"text-align:justify\"><span style=\"font-family:Arial,Helvetica,sans-serif\"><span style=\"font-size:14px\"><span style=\"color:#000000\">In addition <a href=\"http://vietnamfasttrack.org/go-and-experience-our-first-class-vietnam-vip-airport-fast-track-service\"><strong>first class Vietnam vip airport fast track service</strong></a> has been attracted many visitors&rsquo; attention when they arrive or are going to arrive at Vietnam airports thanks to the high quality of service that we supply our customers throughout some recent years. Thanks to our professional staff and the smooth procedures we offer, our services have been meet with appreciation from lots of visitors, espescially business people, or travelers groups with children, pregnant women and elder people.&nbsp;</span></span></span></p>\r\n\r\n<p style=\"text-align:justify\">&nbsp;</p>\r\n\r\n<p style=\"text-align:justify\"><span style=\"font-size:20px\"><span style=\"font-family:Arial,Helvetica,sans-serif\"><strong><span style=\"color:#000000\">The difference between first class Vietnam vip airport fast track service and other services</span></strong></span></span></p>\r\n\r\n<p style=\"text-align:justify\"><span style=\"font-family:Arial,Helvetica,sans-serif\"><span style=\"font-size:14px\"><span style=\"color:#000000\"><strong>First class Vietnam vip airport fast track service</strong> come with is a uniformed assistant holding a signboard with your name on at the arrival gate so you can easily find our staff. We also offer a car transporting you with our staff directly to the VIP immigration; as well as helping you with your baggage. So even if you unfortunely lose any baggage, don&rsquo;t worry because your assitant will help you get in back in no time &nbsp;</span></span></span></p>\r\n\r\n<p style=\"text-align:justify\">&nbsp;</p>\r\n\r\n<p style=\"text-align:center\"><img alt=\"first-class-Vietnam-vip-airport-fast-track-service\" height=\"401\" src=\"/image/images/first-class-Vietnam-vip-airport-fast-track-service1.jpg\" width=\"600\" /></p>\r\n\r\n<p style=\"text-align:center\"><span style=\"font-family:Arial,Helvetica,sans-serif\"><span style=\"font-size:14px\"><span style=\"color:#000000\"><em>&nbsp;The staff serves the customer&nbsp;</em></span></span></span></p>\r\n\r\n<p style=\"text-align:center\">&nbsp;</p>\r\n\r\n<p style=\"text-align:justify\"><span style=\"font-family:Arial,Helvetica,sans-serif\"><span style=\"font-size:14px\"><span style=\"color:#000000\">VietnamfasttrackCompany Limited is one of the most reputable transporting companies. We have served and assited a large number of visitors and every big aiports in Vietnam, from Hanoi to Ho Chi Minh city and Da Nang. With more than 10 years of experience in providing fast track service, our company is confident to bring the best trips for you and your family. Let&rsquo;s book<strong> first class Vietnam vip airport fast track service </strong>and enjoy your trip.&nbsp;</span></span></span><br />\r\n&nbsp;</p>\r\n', '', '', '', '', '', 1, 'go-and-experience-our-first-class-vietnam-vip-airport-fast-track-service', 'Go and experience our first class Vietnam vip airport fast track service ', 'The service that can help the visitors have an extremely pleasant arrival at almost airports in Vietnam. we ensure that you will be given the best care and service with the first class Vietnam vip airport fast track service by our company.', 'First class Vietnam vip airport fast track service ');
INSERT INTO `news_languages` (`id`, `news_id`, `languages_code`, `lang_news_name`, `lang_news_des`, `lang_news_content`, `lang_news_sub_info1`, `lang_news_sub_info2`, `lang_news_sub_info3`, `lang_news_sub_info4`, `lang_news_sub_info5`, `edit_state`, `friendly_url`, `title_seo`, `des_seo`, `keyword`) VALUES
(116, 58, 'en', '去体验我们一流的越南机场贵宾快速服务', '这项服务可以帮助游客在越南的几乎机场到达。 我们确保为您提供最好的服务和服务，我们公司提供一流的越南贵宾机场快速通道服务。', '<p style=\"text-align:justify\"><span style=\"font-size:14px\"><span style=\"color:#333333\"><span style=\"font-family:Raleway,sans-serif\"><span style=\"background-color:#ffffff\"><span style=\"font-size:14px\"><span style=\"font-family:Arial,Helvetica,sans-serif\"><span style=\"font-size:14px\"><span style=\"font-size:14px\"><span style=\"color:#000000\"><a href=\"http://vietnamfasttrack.org/\" style=\"box-sizing:border-box; color:#337ab7; text-decoration:none; margin:0px; padding:0px; border:0px; font-size:14px; vertical-align:baseline\"><strong>一流的越南机场贵宾快速服务</strong></a>被认为是Vietnamfasttrack公司所提供的最好的服务之一。从南方到北方，这项服务在每一个在越南机场是非常有益的。现在，让我们去发现<strong>一流的越南机场贵宾快速服务</strong>，为什么这个有用的服务是一个值得选择的最明智的客户 &nbsp;</span></span></span></span></span></span></span></span></span></p>\r\n\r\n<p style=\"text-align:justify\"><span style=\"font-size:14px\"><span style=\"color:#333333\"><span style=\"font-family:Raleway,sans-serif\"><span style=\"background-color:#ffffff\">&nbsp;</span></span></span></span></p>\r\n\r\n<p style=\"text-align:center\"><span style=\"font-size:14px\"><span style=\"color:#333333\"><span style=\"font-family:Raleway,sans-serif\"><span style=\"background-color:#ffffff\"><img alt=\"一流的越南-VIP-机场快速通道服务\" height=\"450\" src=\"https://www.vietnamfasttrack.org/image/images/first-class-Vietnam-vip-airport-fast-track-service.jpg\" width=\"600\" /></span></span></span></span></p>\r\n\r\n<p style=\"text-align:center\"><span style=\"font-size:14px\"><span style=\"color:#333333\"><span style=\"font-family:Raleway,sans-serif\"><span style=\"background-color:#ffffff\"><span style=\"font-size:14px\"><span style=\"font-family:Arial,Helvetica,sans-serif\"><span style=\"font-size:14px\"><em><span style=\"font-size:14px\"><span style=\"color:#000000\">河内内排国际机场&nbsp;</span></span></em></span></span></span></span></span></span></span></p>\r\n\r\n<p style=\"text-align:center\"><span style=\"font-size:14px\"><span style=\"color:#333333\"><span style=\"font-family:Raleway,sans-serif\"><span style=\"background-color:#ffffff\">&nbsp;</span></span></span></span></p>\r\n\r\n<h2 style=\"margin-left:0px; margin-right:0px; text-align:justify\"><span style=\"font-size:24px\"><span style=\"font-family:Raleway,sans-serif\"><span style=\"color:#333333\"><span style=\"background-color:#ffffff\"><span style=\"font-size:20px\"><span style=\"font-size:20px\"><span style=\"font-family:Arial,Helvetica,sans-serif\"><strong><span style=\"font-size:20px\"><span style=\"color:#000000\">从一流的越南机场贵宾快速服务优势&nbsp;</span></span></strong></span></span></span></span></span></span></span></h2>\r\n\r\n<p style=\"text-align:justify\"><span style=\"font-size:14px\"><span style=\"color:#333333\"><span style=\"font-family:Raleway,sans-serif\"><span style=\"background-color:#ffffff\"><span style=\"font-size:14px\"><span style=\"font-family:Arial,Helvetica,sans-serif\"><span style=\"font-size:14px\"><span style=\"font-size:14px\"><span style=\"color:#000000\"><a href=\"http://vietnamfasttrack.org/airport-services-in-viet-nam\" style=\"box-sizing:border-box; color:#337ab7; text-decoration:none; margin:0px; padding:0px; border:0px; font-size:14px; vertical-align:baseline\"><strong>一流的越南机场贵宾快速服务</strong></a>帮助游客获得签证冲压，贴纸签证和行李搬运服务处越南机场落地签证柜台，当游客到达机场。成立该服务，以帮助客户避免浪费宝贵的时间，特别是通过长途飞行已经去了。我们当地的机场工作人员会满足你在机场距离酒店，并帮助您获得最快的时间越南签证。我们的VIP服务将帮助您通过排长队，并获得签证，在机场很容易冲压。这可以为您节省大量的时间，将确保你不会错过任何重要的会议或安排。&nbsp;</span></span></span></span></span></span></span></span></span></p>\r\n\r\n<p style=\"text-align:justify\"><span style=\"font-size:14px\"><span style=\"color:#333333\"><span style=\"font-family:Raleway,sans-serif\"><span style=\"background-color:#ffffff\">&nbsp;</span></span></span></span></p>\r\n\r\n<p style=\"text-align:center\"><span style=\"font-size:14px\"><span style=\"color:#333333\"><span style=\"font-family:Raleway,sans-serif\"><span style=\"background-color:#ffffff\"><img alt=\"一流的越南-VIP-机场快速通道服务\" height=\"300\" src=\"https://www.vietnamfasttrack.org/image/images/first-class-Vietnam-vip-airport-fast-track-service2.jpg\" width=\"600\" /></span></span></span></span></p>\r\n\r\n<p style=\"text-align:center\"><span style=\"font-size:14px\"><span style=\"color:#333333\"><span style=\"font-family:Raleway,sans-serif\"><span style=\"background-color:#ffffff\"><span style=\"font-size:14px\"><span style=\"font-family:Arial,Helvetica,sans-serif\"><span style=\"font-size:14px\"><em><span style=\"font-size:14px\"><span style=\"color:#000000\">在越南机场获得签证冲压工艺&nbsp;</span></span></em></span></span></span></span></span></span></span></p>\r\n\r\n<p style=\"text-align:center\"><span style=\"font-size:14px\"><span style=\"color:#333333\"><span style=\"font-family:Raleway,sans-serif\"><span style=\"background-color:#ffffff\">&nbsp;</span></span></span></span></p>\r\n\r\n<p style=\"text-align:justify\"><span style=\"font-size:14px\"><span style=\"color:#333333\"><span style=\"font-family:Raleway,sans-serif\"><span style=\"background-color:#ffffff\"><span style=\"font-size:14px\"><span style=\"font-family:Arial,Helvetica,sans-serif\"><span style=\"font-size:14px\"><span style=\"font-size:14px\"><span style=\"color:#000000\">除了<a href=\"http://vietnamfasttrack.org/go-and-experience-our-first-class-vietnam-vip-airport-fast-track-service\" style=\"box-sizing:border-box; color:#337ab7; text-decoration:none; margin:0px; padding:0px; border:0px; font-size:14px; vertical-align:baseline\"><strong>一流的越南机场贵宾快速服务</strong></a>已经吸引了许多参观者的注意，他们到达或即将在越南由于机场到达服务的高品质，我们纵观近几年我们的客户提供的时候。由于我们的专业技术人员，顺利的程序，我们提供，我们的服务已经从大量的游客，espescially商务人士，或旅客组，儿童，孕妇和老年人升值相遇。&nbsp;</span></span></span></span></span></span></span></span></span></p>\r\n\r\n<p style=\"text-align:justify\"><span style=\"font-size:14px\"><span style=\"color:#333333\"><span style=\"font-family:Raleway,sans-serif\"><span style=\"background-color:#ffffff\">&nbsp;</span></span></span></span></p>\r\n\r\n<p style=\"text-align:justify\"><span style=\"font-size:14px\"><span style=\"color:#333333\"><span style=\"font-family:Raleway,sans-serif\"><span style=\"background-color:#ffffff\"><span style=\"font-size:20px\"><span style=\"font-size:20px\"><span style=\"font-family:Arial,Helvetica,sans-serif\"><strong><span style=\"font-size:20px\"><span style=\"color:#000000\">一流的越南贵宾机场快速轨道业务和其他业务之间的差异</span></span></strong></span></span></span></span></span></span></span></p>\r\n\r\n<p style=\"text-align:justify\"><span style=\"font-size:14px\"><span style=\"color:#333333\"><span style=\"font-family:Raleway,sans-serif\"><span style=\"background-color:#ffffff\"><span style=\"font-size:14px\"><span style=\"font-family:Arial,Helvetica,sans-serif\"><span style=\"font-size:14px\"><span style=\"font-size:14px\"><span style=\"color:#000000\"><strong>一流的越南机场贵宾快速服务</strong>来的是一个穿制服的助手拿着你的名字在招牌在到达口，所以你可以很容易地找到我们的工作人员。我们还提供了车运送您直接与我们的工作人员到VIP移民;&nbsp;以及帮助您与您的行李。所以，即使你unfortunely丢失任何行李，也不用担心，因为你的assitant将帮助你在回来在任何时间 &nbsp;</span></span></span></span></span></span></span></span></span></p>\r\n\r\n<p style=\"text-align:justify\"><span style=\"font-size:14px\"><span style=\"color:#333333\"><span style=\"font-family:Raleway,sans-serif\"><span style=\"background-color:#ffffff\">&nbsp;</span></span></span></span></p>\r\n\r\n<p style=\"text-align:center\"><span style=\"font-size:14px\"><span style=\"color:#333333\"><span style=\"font-family:Raleway,sans-serif\"><span style=\"background-color:#ffffff\"><img alt=\"一流的越南-VIP-机场快速通道服务\" height=\"401\" src=\"https://www.vietnamfasttrack.org/image/images/first-class-Vietnam-vip-airport-fast-track-service1.jpg\" width=\"600\" /></span></span></span></span></p>\r\n\r\n<p style=\"text-align:center\"><span style=\"font-size:14px\"><span style=\"color:#333333\"><span style=\"font-family:Raleway,sans-serif\"><span style=\"background-color:#ffffff\"><span style=\"font-size:14px\"><span style=\"font-family:Arial,Helvetica,sans-serif\"><span style=\"font-size:14px\"><span style=\"font-size:14px\"><span style=\"color:#000000\"><em>&nbsp;工作人员服务客户&nbsp;</em></span></span></span></span></span></span></span></span></span></p>\r\n\r\n<p style=\"text-align:center\"><span style=\"font-size:14px\"><span style=\"color:#333333\"><span style=\"font-family:Raleway,sans-serif\"><span style=\"background-color:#ffffff\">&nbsp;</span></span></span></span></p>\r\n\r\n<p style=\"text-align:justify\"><span style=\"font-size:14px\"><span style=\"color:#333333\"><span style=\"font-family:Raleway,sans-serif\"><span style=\"background-color:#ffffff\"><span style=\"font-size:14px\"><span style=\"font-family:Arial,Helvetica,sans-serif\"><span style=\"font-size:14px\"><span style=\"font-size:14px\"><span style=\"color:#000000\">VietnamfasttrackCompany有限公司是最有信誉的运输公司之一。我们曾经和assited大量游客在越南各大aiports，从河内到胡志明市和岘港。拥有超过10年的提供快速服务的经验，我们公司有信心将最好的旅行，为您和您的家人。让我们预定<strong>一流的越南机场贵宾快速通道服务</strong>和享受您的旅程。&nbsp;</span></span></span></span></span></span></span></span></span></p>\r\n\r\n<p style=\"text-align:justify\">&nbsp;</p>\r\n', '', '', '', '', '', 1, 'go-and-experience-our-first-class-vietnam-vip-airport-fast-track-service', '去体验我们一流的越南机场贵宾快速服务', '这项服务可以帮助游客在越南的几乎机场到达。 我们确保为您提供最好的服务和服务，我们公司提供一流的越南贵宾机场快速通道服务。', ''),
(117, 59, 'vn', 'Vietnam airport vip fast track service - the choice of wise customers', 'You are confused because you don’t know what is best service to choose at the airport. One that can help you save as much time as possible because you really don’t like long complicated procedures. Vietnam airport vip fast track service help you to solve this problem.', '<p style=\"margin-left:0cm; margin-right:0cm; text-align:justify\"><span style=\"font-size:14px\"><span style=\"font-family:Arial,Helvetica,sans-serif\"><a href=\"http://vietnamfasttrack.org/\"><strong>Vietnam airport vip fast track service</strong></a> is one of the best services of&nbsp; Vietnamfasttrack Company Limited. This service is to assist the visitors to get visa stamping, visa sticker and porter service at the landing visa counter at Vietnam Airports. When the visitors arrive at Vietnam airport, they will have to spend much time at the Immigration procedures, this may be a concern for lots of people because it can be really tiring waiting for hours at the queue to get to your turn, before going through a complex procedure with lots of tasks. For busy people this may even mean that they can miss important schedules. Our service is the right choice that the wise customers should choose. We make sure that<a href=\"http://vietnamfasttrack.org/go-and-experience-our-first-class-vietnam-vip-airport-fast-track-service\"><strong> Vietnam airport vip fast track service</strong></a> will give you a good flight. </span></span></p>\r\n\r\n<p style=\"margin-left:0cm; margin-right:0cm; text-align:justify\">&nbsp;</p>\r\n\r\n<p style=\"text-align:center\"><img alt=\"Vietnam-airport-vip-fast-track-service\" height=\"450\" src=\"/image/images/Vietnam-airport-vip-fast-track-service1.jpg\" width=\"600\" /></p>\r\n\r\n<p style=\"margin-left:0cm; margin-right:0cm; text-align:center\"><em><span style=\"font-size:14px\"><span style=\"font-family:Arial,Helvetica,sans-serif\">Tan Son Nhat international airport </span></span></em></p>\r\n\r\n<p style=\"margin-left:0cm; margin-right:0cm; text-align:center\">&nbsp;</p>\r\n\r\n<h2 style=\"margin-left:0cm; margin-right:0cm; text-align:justify\"><strong><span style=\"font-size:20px\"><span style=\"font-family:Arial,Helvetica,sans-serif\">Overview of Vietnam airport vip fast track service</span></span></strong></h2>\r\n\r\n<p style=\"margin-left:0cm; margin-right:0cm; text-align:justify\"><span style=\"font-size:14px\"><span style=\"font-family:Arial,Helvetica,sans-serif\">As you know <strong><a href=\"http://vietnamfasttrack.org/vietnam-airport-vip-fast-track-service-the-choice-of-wise-customers\">Vietnam airport vip fast track service</a> </strong>is a service which helps the visitors getting visa stamping, visa sticker and porter service at the landing visa counter at Vietnam Airports. It was established to assist visitors at the airport when they arrived with the highest quality to avoid wasting your valuable time, especially after having a long flight. Our local airport staff will meet you to get Vietnam visa as soon as possible. Our VIP service will allow you to get pass the long lines at the procedures, so you can save your time. With our assisting staff there will be no language barriers and you can get the visa stamping at the airport easily. It will ensure a fast arrival and a successful transit.</span></span></p>\r\n\r\n<p style=\"margin-left:0cm; margin-right:0cm; text-align:justify\">&nbsp;</p>\r\n\r\n<p style=\"text-align:center\"><img alt=\"Vietnam-airport-vip-fast-track-service\" height=\"300\" src=\"/image/images/Vietnam-airport-vip-fast-track-service.jpg\" width=\"600\" /></p>\r\n\r\n<h2 style=\"margin-left:0cm; margin-right:0cm; text-align:center\"><em><span style=\"font-size:14px\"><span style=\"font-family:Arial,Helvetica,sans-serif\">Airport taxi 16 seat </span></span></em></h2>\r\n\r\n<p>&nbsp;</p>\r\n\r\n<h2 style=\"margin-left:0cm; margin-right:0cm; text-align:justify\"><strong><span style=\"font-size:20px\"><span style=\"font-family:Arial,Helvetica,sans-serif\">The reasons which you should choose &nbsp;Vietnam airport vip fast track service </span></span></strong></h2>\r\n\r\n<p style=\"margin-left:0cm; margin-right:0cm; text-align:justify\"><span style=\"font-size:14px\"><span style=\"font-family:Arial,Helvetica,sans-serif\">Vietnam airport vip fast track service of Vietnamfasttrack company has been attracted many visitors&rsquo; attention when they arrive or are going to arrive at Vietnam airports since the high quality of service that we supply to our customers throughout some recent years. Vietnam airport vip fast track service gives you&nbsp; a lot of benefits, it consists of getting visa stamp at landing visa counter without having to wait at line, baggage porters available on request. This is a good option for those who visit Vietnam for the first time and who needs to get visa stamp as quick as possible. In addition our Vietnam airport vip fast track service is espescially convenient for large group. Childreen, pregnant women or disable and elder people can really benefit from this service as well. Since it is time-saving, it can help these people avoid being tired. </span></span></p>\r\n\r\n<p style=\"margin-left:0cm; margin-right:0cm; text-align:justify\">&nbsp;</p>\r\n\r\n<p style=\"text-align:center\"><img alt=\"Vietnam-airport-vip-fast-track-service\" height=\"450\" src=\"/image/images/Vietnam-airport-vip-fast-track-service2.jpg\" width=\"600\" /></p>\r\n\r\n<p style=\"margin-left:0cm; margin-right:0cm; text-align:center\"><em><span style=\"font-size:14px\"><span style=\"font-family:Arial,Helvetica,sans-serif\">Getting visa stamping area at airport </span></span></em></p>\r\n\r\n<p style=\"margin-left:0cm; margin-right:0cm; text-align:center\">&nbsp;</p>\r\n\r\n<p style=\"margin-left:0cm; margin-right:0cm; text-align:justify\"><span style=\"font-size:14px\"><span style=\"font-family:Arial,Helvetica,sans-serif\">Vietnamfasttrack company is one of the most reputable transporting companies. With Vietnam airport vip fast track service, we are very happy to provide you with the highest quality service.</span></span></p>\r\n', '', '', '', '', '', 1, 'vietnam-airport-vip-fast-track-service-the-choice-of-wise-customers', 'Vietnam airport vip fast track service - the choice of wise customers', 'You are confused because you don’t know what is best service to choose at the airport. One that can help you save as much time as possible because you really don’t like long complicated procedures. Vietnam airport vip fast track service help you to solve this problem.', 'Vietnam airport vip fast track service '),
(118, 59, 'en', '越南机场贵宾快速服务 - 客户明智的选择', '你很困惑，因为你不知道在机场选择什么是最好的服务。 可以帮助您节省尽可能多的时间，因为您真的不喜欢冗长复杂的程序。 越南机场贵宾快速通道服务可以帮助您解决这个问题。', '<p style=\"margin-left:0cm; margin-right:0cm; text-align:justify\"><span style=\"font-size:14px\"><span style=\"color:#333333\"><span style=\"font-family:Raleway,sans-serif\"><span style=\"background-color:#ffffff\"><span style=\"font-size:14px\"><span style=\"font-size:14px\"><span style=\"font-family:Arial,Helvetica,sans-serif\"><a href=\"http://vietnamfasttrack.org/\" style=\"box-sizing:border-box; color:#337ab7; text-decoration:none; margin:0px; padding:0px; border:0px; font-size:14px; vertical-align:baseline\"><strong>越南机场贵宾快速服务</strong></a>是Vietnamfasttrack有限公司的最好的服务之一。此服务是帮助游客在在越南的机场落地签证柜台拿到签证冲压，贴纸签证和行李搬运服务。当游客在越南到达机场，他们将在入境手续花费太多的时间，这可能是很多人关注的问题，因为这可真是累人在队列中等待几个小时才能到轮到你了，之前通过去一个复杂的过程，有很多的任务。对于忙碌的人来说，这甚至可能意味着他们可能会错过重要日程。我们的服务是明智的客户应该选择正确的选择。我们确保<a href=\"http://vietnamfasttrack.org/go-and-experience-our-first-class-vietnam-vip-airport-fast-track-service\" style=\"box-sizing:border-box; color:#337ab7; text-decoration:none; margin:0px; padding:0px; border:0px; font-size:14px; vertical-align:baseline\"><strong>越南机场贵宾快速服务</strong></a>会给你一个良好的飞行。</span></span></span></span></span></span></span></p>\r\n\r\n<p style=\"margin-left:0cm; margin-right:0cm; text-align:justify\"><span style=\"font-size:14px\"><span style=\"color:#333333\"><span style=\"font-family:Raleway,sans-serif\"><span style=\"background-color:#ffffff\">&nbsp;</span></span></span></span></p>\r\n\r\n<p style=\"text-align:center\"><span style=\"font-size:14px\"><span style=\"color:#333333\"><span style=\"font-family:Raleway,sans-serif\"><span style=\"background-color:#ffffff\"><img alt=\"越南机场VIP快速通道服务\" height=\"450\" src=\"https://www.vietnamfasttrack.org/image/images/Vietnam-airport-vip-fast-track-service1.jpg\" width=\"600\" /></span></span></span></span></p>\r\n\r\n<p style=\"margin-left:0cm; margin-right:0cm; text-align:center\"><span style=\"font-size:14px\"><span style=\"color:#333333\"><span style=\"font-family:Raleway,sans-serif\"><span style=\"background-color:#ffffff\"><em><span style=\"font-size:14px\"><span style=\"font-size:14px\"><span style=\"font-family:Arial,Helvetica,sans-serif\">新山一国际机场</span></span></span></em></span></span></span></span></p>\r\n\r\n<p style=\"margin-left:0cm; margin-right:0cm; text-align:center\"><span style=\"font-size:14px\"><span style=\"color:#333333\"><span style=\"font-family:Raleway,sans-serif\"><span style=\"background-color:#ffffff\">&nbsp;</span></span></span></span></p>\r\n\r\n<h2 style=\"margin-left:0cm; margin-right:0cm; text-align:justify\"><span style=\"font-size:24px\"><span style=\"font-family:Raleway,sans-serif\"><span style=\"color:#333333\"><span style=\"background-color:#ffffff\"><strong><span style=\"font-size:20px\"><span style=\"font-size:20px\"><span style=\"font-family:Arial,Helvetica,sans-serif\">越南机场贵宾快速服务的概述</span></span></span></strong></span></span></span></span></h2>\r\n\r\n<p style=\"margin-left:0cm; margin-right:0cm; text-align:justify\"><span style=\"font-size:14px\"><span style=\"color:#333333\"><span style=\"font-family:Raleway,sans-serif\"><span style=\"background-color:#ffffff\"><span style=\"font-size:14px\"><span style=\"font-size:14px\"><span style=\"font-family:Arial,Helvetica,sans-serif\">正如你所知道<strong><a href=\"http://vietnamfasttrack.org/vietnam-airport-vip-fast-track-service-the-choice-of-wise-customers\" style=\"box-sizing:border-box; color:#337ab7; text-decoration:none; margin:0px; padding:0px; border:0px; font-size:14px; vertical-align:baseline\">越南机场贵宾快速服务</a>&nbsp;</strong>是一种服务，帮助游客获得签证冲压，贴纸签证和行李搬运服务处越南的机场落地签证柜台。它的成立在机场协助旅客时，他们用最优质赶到，以避免浪费您的宝贵时间，尤其是具有长途飞行之后。我们当地的机场工作人员将满足您为尽快越南签证。我们的VIP服务将让你得到这个程序通过排长队，这样可以节省您的时间。随着我们的协助人员不会有语言障碍，你可以得到签证在机场很容易冲压。这将确保快速到达和中转成功。</span></span></span></span></span></span></span></p>\r\n\r\n<p style=\"margin-left:0cm; margin-right:0cm; text-align:justify\"><span style=\"font-size:14px\"><span style=\"color:#333333\"><span style=\"font-family:Raleway,sans-serif\"><span style=\"background-color:#ffffff\">&nbsp;</span></span></span></span></p>\r\n\r\n<p style=\"text-align:center\"><span style=\"font-size:14px\"><span style=\"color:#333333\"><span style=\"font-family:Raleway,sans-serif\"><span style=\"background-color:#ffffff\"><img alt=\"越南机场VIP快速通道服务\" height=\"300\" src=\"https://www.vietnamfasttrack.org/image/images/Vietnam-airport-vip-fast-track-service.jpg\" width=\"600\" /></span></span></span></span></p>\r\n\r\n<h2 style=\"margin-left:0cm; margin-right:0cm; text-align:center\"><span style=\"font-size:24px\"><span style=\"font-family:Raleway,sans-serif\"><span style=\"color:#333333\"><span style=\"background-color:#ffffff\"><em><span style=\"font-size:14px\"><span style=\"font-size:14px\"><span style=\"font-family:Arial,Helvetica,sans-serif\">机场出租车16座</span></span></span></em></span></span></span></span></h2>\r\n\r\n<p style=\"text-align:start\"><span style=\"font-size:14px\"><span style=\"color:#333333\"><span style=\"font-family:Raleway,sans-serif\"><span style=\"background-color:#ffffff\">&nbsp;</span></span></span></span></p>\r\n\r\n<h2 style=\"margin-left:0cm; margin-right:0cm; text-align:justify\"><span style=\"font-size:24px\"><span style=\"font-family:Raleway,sans-serif\"><span style=\"color:#333333\"><span style=\"background-color:#ffffff\"><strong><span style=\"font-size:20px\"><span style=\"font-size:20px\"><span style=\"font-family:Arial,Helvetica,sans-serif\">你应该选择越南机场贵宾快速服务的原因</span></span></span></strong></span></span></span></span></h2>\r\n\r\n<p style=\"margin-left:0cm; margin-right:0cm; text-align:justify\"><span style=\"font-size:14px\"><span style=\"color:#333333\"><span style=\"font-family:Raleway,sans-serif\"><span style=\"background-color:#ffffff\"><span style=\"font-size:14px\"><span style=\"font-size:14px\"><span style=\"font-family:Arial,Helvetica,sans-serif\">Vietnamfasttrack公司的越南机场贵宾快速服务已经吸引了许多参观者的注意，他们到达或正在自服务的高品质，我们提供给我们的客户遍及近几年在越南机场到达时。越南机场贵宾快速服务为您提供了很多好处，它由获得签证印章在落地签证柜台，而无需等待线，行李搬运工索取。这是为那些谁访问越南的第一次和谁需要获得签证印章尽可能快一个不错的选择。另外，我们的越南机场贵宾快速服务是大集团espescially方便。Childreen，孕妇或禁用和老年人能够真正从这项服务中受益。既然是省时，它可以帮助这些人避免厌倦。</span></span></span></span></span></span></span></p>\r\n\r\n<p style=\"margin-left:0cm; margin-right:0cm; text-align:justify\"><span style=\"font-size:14px\"><span style=\"color:#333333\"><span style=\"font-family:Raleway,sans-serif\"><span style=\"background-color:#ffffff\">&nbsp;</span></span></span></span></p>\r\n\r\n<p style=\"text-align:center\"><span style=\"font-size:14px\"><span style=\"color:#333333\"><span style=\"font-family:Raleway,sans-serif\"><span style=\"background-color:#ffffff\"><img alt=\"越南机场VIP快速通道服务\" height=\"450\" src=\"https://www.vietnamfasttrack.org/image/images/Vietnam-airport-vip-fast-track-service2.jpg\" width=\"600\" /></span></span></span></span></p>\r\n\r\n<p style=\"margin-left:0cm; margin-right:0cm; text-align:center\"><span style=\"font-size:14px\"><span style=\"color:#333333\"><span style=\"font-family:Raleway,sans-serif\"><span style=\"background-color:#ffffff\"><em><span style=\"font-size:14px\"><span style=\"font-size:14px\"><span style=\"font-family:Arial,Helvetica,sans-serif\">在机场获得签证冲压区域</span></span></span></em></span></span></span></span></p>\r\n\r\n<p style=\"margin-left:0cm; margin-right:0cm; text-align:center\"><span style=\"font-size:14px\"><span style=\"color:#333333\"><span style=\"font-family:Raleway,sans-serif\"><span style=\"background-color:#ffffff\">&nbsp;</span></span></span></span></p>\r\n\r\n<p style=\"margin-left:0cm; margin-right:0cm; text-align:justify\"><span style=\"font-size:14px\"><span style=\"color:#333333\"><span style=\"font-family:Raleway,sans-serif\"><span style=\"background-color:#ffffff\"><span style=\"font-size:14px\"><span style=\"font-size:14px\"><span style=\"font-family:Arial,Helvetica,sans-serif\">Vietnamfasttrack公司是最有信誉的运输公司之一。随着越南机场贵宾快速通道服务，我们很高兴为您提供最优质的服务。</span></span></span></span></span></span></span></p>\r\n', '', '', '', '', '', 1, 'vietnam-airport-vip-fast-track-service-the-choice-of-wise-customers', '越南机场贵宾快速服务 - 客户明智的选择', '你很困惑，因为你不知道在机场选择什么是最好的服务。 可以帮助您节省尽可能多的时间，因为您真的不喜欢冗长复杂的程序。 越南机场贵宾快速通道服务可以帮助您解决这个问题。', 'Vietnam airport vip fast track service '),
(119, 60, 'vn', 'Fast Track Service In Ho Chi Minh - Tan Son Nhat Airport.', 'In a crowded and busy airport like Tan Son Nhat, the fast track service tan son nhat airport will be a really useful service for people to avoid wasting time and make the best out of their trip. ', '<p dir=\"ltr\" style=\"text-align:justify\"><span style=\"font-size:14px\"><span style=\"font-family:Arial,Helvetica,sans-serif\">Ho Chi Minh is the most modern city of Viet Nam. If you had chosen Viet Nam as a tourist destination, there is no reason for not coming to Ho Chi Minh city. What makes this place &nbsp;attractive is not really its nature beauty with poetic and romantic scenery, but because this is a young and dynamic city with wonderful living and working quality. This means that the quality of every kind of customer services, especially at the airport in here is really high-standard, and <a href=\"http://vietnamfasttrack.org/\"><span style=\"color:#2980b9\"><strong>fast track service Tan Son Nhat airport</strong></span></a> by Vietnamfasttrack is a typical example.</span></span></p>\r\n\r\n<p style=\"text-align:center\"><img alt=\"fast-track-service-Tan-Son-Nhat-Airport\" height=\"218\" src=\"/image/images/fast-track-service-Tan-Son-Nhat-Airport.jpg\" width=\"600\" /></p>\r\n\r\n<p dir=\"ltr\" style=\"text-align:center\"><span style=\"font-size:14px\"><span style=\"font-family:Arial,Helvetica,sans-serif\">&nbsp;&nbsp;&nbsp;&nbsp;&nbsp;&nbsp;&nbsp;&nbsp;&nbsp;&nbsp;&nbsp;&nbsp;&nbsp;&nbsp;&nbsp;&nbsp;&nbsp;&nbsp;&nbsp;&nbsp;&nbsp;<em>&nbsp;&nbsp;&nbsp;&nbsp;Go to airport &ndash; use fast track service.</em></span></span></p>\r\n\r\n<h2 dir=\"ltr\" style=\"text-align:justify\"><strong><span style=\"font-size:20px\"><span style=\"font-family:Arial,Helvetica,sans-serif\">Why do you need fast track service Tan Son Nhat airport ?</span></span></strong></h2>\r\n\r\n<p dir=\"ltr\" style=\"text-align:justify\"><span style=\"font-size:14px\"><span style=\"font-family:Arial,Helvetica,sans-serif\">There is a fact that the lines for customs counters are usually very long at Tan Son Nhat. As an international airport, there are a lot of people in here daily. So, because there are too many people, the quality of customer service for normal customer maybe is not good enough. It takes you a long time from queuing to getting your own visa stamping or visa sticker. This can be really frustrating for people having to wait for hours, espescially those who have important business meetings or traveler groups wanting to start touring as soon as possible. Vietnamfasttrack company with <a href=\"http://vietnamfasttrack.org/vietnam-airport-vip-fast-track-service-the-choice-of-wise-customers\"><span style=\"color:#2980b9\"><strong>fast track service Tan Son Nhat airport </strong></span></a>can help solve this problem. </span></span></p>\r\n\r\n<p dir=\"ltr\" style=\"text-align:justify\"><span style=\"font-size:14px\"><span style=\"font-family:Arial,Helvetica,sans-serif\">This service help customer get their visa and proceed with the immigration &nbsp;procedures right after landing at the airport, without having to wait at the queue. This can save up a lot of your precious time, allows you to use it for other important activities.</span></span></p>\r\n\r\n<p style=\"text-align:center\"><img alt=\"fast-track-service-Tan-Son-Nhat-Airport\" height=\"452\" src=\"/image/images/fast-track-service-Tan-Son-Nhat-Airport1.jpg\" width=\"600\" /></p>\r\n\r\n<p dir=\"ltr\" style=\"text-align:center\"><span style=\"font-size:14px\"><span style=\"font-family:Arial,Helvetica,sans-serif\">&nbsp;&nbsp;&nbsp;&nbsp;&nbsp;&nbsp;&nbsp;&nbsp;&nbsp;&nbsp;&nbsp;<em>&nbsp;&nbsp;&nbsp;&nbsp;&nbsp;You will have a good time at Tan Son Nhat airport.</em></span></span></p>\r\n\r\n<h2 dir=\"ltr\" style=\"text-align:justify\"><strong><span style=\"font-size:20px\"><span style=\"font-family:Arial,Helvetica,sans-serif\">Who can use fast track service Tan Son Nhat airport ?</span></span></strong></h2>\r\n\r\n<p dir=\"ltr\" style=\"text-align:justify\"><span style=\"font-size:14px\"><span style=\"font-family:Arial,Helvetica,sans-serif\">Fast track service Tan Son Nhat airport &nbsp;have special programs for different kind of customers, for example:</span></span></p>\r\n\r\n<p dir=\"ltr\" style=\"text-align:justify\"><span style=\"font-size:14px\"><span style=\"font-family:Arial,Helvetica,sans-serif\">- Customers with young children.</span></span></p>\r\n\r\n<p dir=\"ltr\" style=\"text-align:justify\"><span style=\"font-size:14px\"><span style=\"font-family:Arial,Helvetica,sans-serif\">- Customers traveling in large groups</span></span></p>\r\n\r\n<p dir=\"ltr\" style=\"text-align:justify\"><span style=\"font-size:14px\"><span style=\"font-family:Arial,Helvetica,sans-serif\">- Customers with special conditions such as pregnant women or disable and elder people.</span></span></p>\r\n\r\n<p dir=\"ltr\" style=\"text-align:justify\"><span style=\"font-size:14px\"><span style=\"font-family:Arial,Helvetica,sans-serif\">- Business customers with important schedule to attend after landing</span></span></p>\r\n\r\n<h2 dir=\"ltr\" style=\"text-align:justify\"><strong><span style=\"font-size:20px\"><span style=\"font-family:Arial,Helvetica,sans-serif\">The benefits for using fast track service Tan Son Nhat airport </span></span></strong></h2>\r\n\r\n<p dir=\"ltr\" style=\"text-align:justify\"><span style=\"font-size:14px\"><span style=\"font-family:Arial,Helvetica,sans-serif\">- Don&rsquo;t have to waste your time at the airport by waiting for queue and getting in line. Our staffs will take care of everything, you just need to relax and enjoy the time.</span></span></p>\r\n\r\n<p><span style=\"font-size:14px\"><span style=\"font-family:Arial,Helvetica,sans-serif\">- Baggage porters are available on request, if you have too many baggage or your baggage is too heavy, you can get help from us.</span></span></p>\r\n\r\n<p dir=\"ltr\" style=\"text-align:justify\"><span style=\"font-size:14px\"><span style=\"font-family:Arial,Helvetica,sans-serif\">- If you go to Ho Chi Minh for the first time, this service is really inconvenient because you might be unfamiliar with the procedures at Vietnamese airports and it can help you go through it smoothly. </span></span></p>\r\n\r\n<p style=\"text-align:center\"><img alt=\"fast-track-service-Tan-Son-Nhat-Airport\" height=\"336\" src=\"/image/images/fast-track-service-Tan-Son-Nhat-Airport2.jpg\" width=\"600\" /></p>\r\n\r\n<p dir=\"ltr\" style=\"text-align:center\"><span style=\"font-size:14px\"><span style=\"font-family:Arial,Helvetica,sans-serif\">&nbsp;&nbsp;&nbsp;&nbsp;&nbsp;&nbsp;&nbsp;<em>&nbsp;&nbsp;&nbsp;&nbsp;&nbsp;&nbsp;&nbsp;&nbsp;Wonderful help from fast track service.</em></span></span></p>\r\n\r\n<p dir=\"ltr\" style=\"text-align:justify\"><span style=\"font-size:14px\"><span style=\"font-family:Arial,Helvetica,sans-serif\">Everyone wants to optimize their time and don&rsquo;t want to spend hours at the aiport doing nothing but wait. Let&rsquo;s us help you have a good flight by serving you perfectly at the airport. This is the right time for you to use <a href=\"http://vietnamfasttrack.org/fast-track-service-in-ho-chi-minh-tan-son-nhat-airport\"><strong>fast track service Tan Son Nhat Airport</strong></a> if you are having the plan to go to Ho Chi Minh.</span></span></p>\r\n\r\n<p dir=\"ltr\" style=\"text-align:justify\"><span style=\"font-size:14px\"><span style=\"font-family:Arial,Helvetica,sans-serif\">Go to our website for more information</span></span></p>\r\n', '', '', '', '', '', 1, 'fast-track-service-in-ho-chi-minh-tan-son-nhat-airport', 'Fast Track Service In Ho Chi Minh - Tan Son Nhat Airport.', 'In a crowded and busy airport like Tan Son Nhat, the fast track service tan son nhat airport will be a really useful service for people to avoid wasting time and make the best out of their trip. ', 'fast track service Tan Son Nhat airport'),
(120, 60, 'en', '快速服务在胡志明市 - 新山一机场。', '在像Tan Son Nhat这样拥挤而繁忙的机场，快速通道服务tan the nhat机场将是一个非常有用的服务，人们可以避免浪费时间并充分利用他们的旅行。', '<p dir=\"ltr\" style=\"text-align:justify\"><span style=\"font-size:14px\"><span style=\"color:#333333\"><span style=\"font-family:Raleway,sans-serif\"><span style=\"background-color:#ffffff\"><span style=\"font-size:14px\"><span style=\"font-size:14px\"><span style=\"font-family:Arial,Helvetica,sans-serif\">胡志明市是越南最现代化的城市。如果你选择了越南作为旅游目的地，没有理由不来胡志明市。是什么让这个地方的吸引力是不是真的它的自然美诗意和浪漫的风景，但因为这是一个年轻而充满活力的城市，美好的生活和工作质量。这意味着，每一种客户服务，尤其是在这里的机场的质量实在是高标准的，和<a href=\"http://vietnamfasttrack.org/\" style=\"box-sizing:border-box; color:#337ab7; text-decoration:none; margin:0px; padding:0px; border:0px; font-size:14px; vertical-align:baseline\"><span style=\"font-size:14px\"><span style=\"color:#2980b9\"><strong>快速服务新山一机场</strong></span></span></a>被Vietnamfasttrack就是一个典型的例子。</span></span></span></span></span></span></span></p>\r\n\r\n<p style=\"text-align:center\"><span style=\"font-size:14px\"><span style=\"color:#333333\"><span style=\"font-family:Raleway,sans-serif\"><span style=\"background-color:#ffffff\"><img alt=\"快速通道服务，谭子 - 新山一-机场\" height=\"218\" src=\"https://www.vietnamfasttrack.org/image/images/fast-track-service-Tan-Son-Nhat-Airport.jpg\" width=\"600\" /></span></span></span></span></p>\r\n\r\n<p dir=\"ltr\" style=\"text-align:center\"><span style=\"font-size:14px\"><span style=\"color:#333333\"><span style=\"font-family:Raleway,sans-serif\"><span style=\"background-color:#ffffff\"><span style=\"font-size:14px\"><span style=\"font-size:14px\"><span style=\"font-family:Arial,Helvetica,sans-serif\">&nbsp;&nbsp;&nbsp;&nbsp;&nbsp;&nbsp;&nbsp;&nbsp;&nbsp;&nbsp;&nbsp;&nbsp;&nbsp;&nbsp;&nbsp;&nbsp;&nbsp;&nbsp;&nbsp;&nbsp;&nbsp;<em>&nbsp;&nbsp;&nbsp;&nbsp;前往机场 - 利用快速服务。</em></span></span></span></span></span></span></span></p>\r\n\r\n<h2 dir=\"ltr\" style=\"margin-left:0px; margin-right:0px; text-align:justify\"><span style=\"font-size:24px\"><span style=\"font-family:Raleway,sans-serif\"><span style=\"color:#333333\"><span style=\"background-color:#ffffff\"><strong><span style=\"font-size:20px\"><span style=\"font-size:20px\"><span style=\"font-family:Arial,Helvetica,sans-serif\">为什么你需要快速服务新山一机场？</span></span></span></strong></span></span></span></span></h2>\r\n\r\n<p dir=\"ltr\" style=\"text-align:justify\"><span style=\"font-size:14px\"><span style=\"color:#333333\"><span style=\"font-family:Raleway,sans-serif\"><span style=\"background-color:#ffffff\"><span style=\"font-size:14px\"><span style=\"font-size:14px\"><span style=\"font-family:Arial,Helvetica,sans-serif\">有一个事实，即海关柜台线通常在新山一很长。作为一个国际机场，有在这里每天有很多人。所以，因为有太多的人，服务客户的正常客户的质量可能不够好。这需要你从排队到让自己的签证冲压或贴纸签证很长一段时间。这可真令人沮丧的人不必等待小时，espescially那些谁拥有重要的商务会议或希望尽快启动旅游游客群体。Vietnamfasttrack公司以<a href=\"http://vietnamfasttrack.org/vietnam-airport-vip-fast-track-service-the-choice-of-wise-customers\" style=\"box-sizing:border-box; color:#337ab7; text-decoration:none; margin:0px; padding:0px; border:0px; font-size:14px; vertical-align:baseline\"><span style=\"font-size:14px\"><span style=\"color:#2980b9\"><strong>快速服务新山一机场</strong></span></span></a>可以帮助解决这个问题。</span></span></span></span></span></span></span></p>\r\n\r\n<p dir=\"ltr\" style=\"text-align:justify\"><span style=\"font-size:14px\"><span style=\"color:#333333\"><span style=\"font-family:Raleway,sans-serif\"><span style=\"background-color:#ffffff\"><span style=\"font-size:14px\"><span style=\"font-size:14px\"><span style=\"font-family:Arial,Helvetica,sans-serif\">该服务帮助客户取得签证，并降落在机场后立即在出入境手续进行，而不必等待在队列中。这可以节省了很多宝贵的时间，让你使用它的其他重要活动。</span></span></span></span></span></span></span></p>\r\n\r\n<p style=\"text-align:center\"><span style=\"font-size:14px\"><span style=\"color:#333333\"><span style=\"font-family:Raleway,sans-serif\"><span style=\"background-color:#ffffff\"><img alt=\"快速通道服务，谭子 - 新山一-机场\" height=\"452\" src=\"https://www.vietnamfasttrack.org/image/images/fast-track-service-Tan-Son-Nhat-Airport1.jpg\" width=\"600\" /></span></span></span></span></p>\r\n\r\n<p dir=\"ltr\" style=\"text-align:center\"><span style=\"font-size:14px\"><span style=\"color:#333333\"><span style=\"font-family:Raleway,sans-serif\"><span style=\"background-color:#ffffff\"><span style=\"font-size:14px\"><span style=\"font-size:14px\"><span style=\"font-family:Arial,Helvetica,sans-serif\">&nbsp;&nbsp;&nbsp;&nbsp;&nbsp;&nbsp;&nbsp;&nbsp;&nbsp;&nbsp;&nbsp;<em>&nbsp;&nbsp;&nbsp;&nbsp;&nbsp;你将不得不在新山一机场的好时机。</em></span></span></span></span></span></span></span></p>\r\n\r\n<h2 dir=\"ltr\" style=\"margin-left:0px; margin-right:0px; text-align:justify\"><span style=\"font-size:24px\"><span style=\"font-family:Raleway,sans-serif\"><span style=\"color:#333333\"><span style=\"background-color:#ffffff\"><strong><span style=\"font-size:20px\"><span style=\"font-size:20px\"><span style=\"font-family:Arial,Helvetica,sans-serif\">谁可以使用快速服务新山一机场？</span></span></span></strong></span></span></span></span></h2>\r\n\r\n<p dir=\"ltr\" style=\"text-align:justify\"><span style=\"font-size:14px\"><span style=\"color:#333333\"><span style=\"font-family:Raleway,sans-serif\"><span style=\"background-color:#ffffff\"><span style=\"font-size:14px\"><span style=\"font-size:14px\"><span style=\"font-family:Arial,Helvetica,sans-serif\">快速服务Tan Son Nhat机场有不同类型的客户，例如特别节目：</span></span></span></span></span></span></span></p>\r\n\r\n<p dir=\"ltr\" style=\"text-align:justify\"><span style=\"font-size:14px\"><span style=\"color:#333333\"><span style=\"font-family:Raleway,sans-serif\"><span style=\"background-color:#ffffff\"><span style=\"font-size:14px\"><span style=\"font-size:14px\"><span style=\"font-family:Arial,Helvetica,sans-serif\">- 客户与年幼的孩子。</span></span></span></span></span></span></span></p>\r\n\r\n<p dir=\"ltr\" style=\"text-align:justify\"><span style=\"font-size:14px\"><span style=\"color:#333333\"><span style=\"font-family:Raleway,sans-serif\"><span style=\"background-color:#ffffff\"><span style=\"font-size:14px\"><span style=\"font-size:14px\"><span style=\"font-family:Arial,Helvetica,sans-serif\">- 客户在大型团体旅行</span></span></span></span></span></span></span></p>\r\n\r\n<p dir=\"ltr\" style=\"text-align:justify\"><span style=\"font-size:14px\"><span style=\"color:#333333\"><span style=\"font-family:Raleway,sans-serif\"><span style=\"background-color:#ffffff\"><span style=\"font-size:14px\"><span style=\"font-size:14px\"><span style=\"font-family:Arial,Helvetica,sans-serif\">- 特殊情况，如孕妇或禁用和老年人的客户。</span></span></span></span></span></span></span></p>\r\n\r\n<p dir=\"ltr\" style=\"text-align:justify\"><span style=\"font-size:14px\"><span style=\"color:#333333\"><span style=\"font-family:Raleway,sans-serif\"><span style=\"background-color:#ffffff\"><span style=\"font-size:14px\"><span style=\"font-size:14px\"><span style=\"font-family:Arial,Helvetica,sans-serif\">- 企业客户提供重要议事日程登陆后出席</span></span></span></span></span></span></span></p>\r\n\r\n<h2 dir=\"ltr\" style=\"margin-left:0px; margin-right:0px; text-align:justify\"><span style=\"font-size:24px\"><span style=\"font-family:Raleway,sans-serif\"><span style=\"color:#333333\"><span style=\"background-color:#ffffff\"><strong><span style=\"font-size:20px\"><span style=\"font-size:20px\"><span style=\"font-family:Arial,Helvetica,sans-serif\">使用快速服务新山一机场的好处</span></span></span></strong></span></span></span></span></h2>\r\n\r\n<p dir=\"ltr\" style=\"text-align:justify\"><span style=\"font-size:14px\"><span style=\"color:#333333\"><span style=\"font-family:Raleway,sans-serif\"><span style=\"background-color:#ffffff\"><span style=\"font-size:14px\"><span style=\"font-size:14px\"><span style=\"font-family:Arial,Helvetica,sans-serif\">- 不要有通过等待队列和线获得在机场浪费你的时间。我们的工作人员会照顾一切，你只需要放松和享受的时间。</span></span></span></span></span></span></span></p>\r\n\r\n<p style=\"text-align:start\"><span style=\"font-size:14px\"><span style=\"color:#333333\"><span style=\"font-family:Raleway,sans-serif\"><span style=\"background-color:#ffffff\"><span style=\"font-size:14px\"><span style=\"font-size:14px\"><span style=\"font-family:Arial,Helvetica,sans-serif\">- 行李搬运工可应要求提供，如果你有太多的行李或行李太重，你可以从我们这里得到帮助。</span></span></span></span></span></span></span></p>\r\n\r\n<p dir=\"ltr\" style=\"text-align:justify\"><span style=\"font-size:14px\"><span style=\"color:#333333\"><span style=\"font-family:Raleway,sans-serif\"><span style=\"background-color:#ffffff\"><span style=\"font-size:14px\"><span style=\"font-size:14px\"><span style=\"font-family:Arial,Helvetica,sans-serif\">- 如果你去胡志明市首次，这项服务确实不方便，因为你可能不熟悉，在越南机场的程序，它可以帮助你通过它顺利。</span></span></span></span></span></span></span></p>\r\n\r\n<p style=\"text-align:center\"><span style=\"font-size:14px\"><span style=\"color:#333333\"><span style=\"font-family:Raleway,sans-serif\"><span style=\"background-color:#ffffff\"><img alt=\"快速通道服务，谭子 - 新山一-机场\" height=\"336\" src=\"https://www.vietnamfasttrack.org/image/images/fast-track-service-Tan-Son-Nhat-Airport2.jpg\" width=\"600\" /></span></span></span></span></p>\r\n\r\n<p dir=\"ltr\" style=\"text-align:center\"><span style=\"font-size:14px\"><span style=\"color:#333333\"><span style=\"font-family:Raleway,sans-serif\"><span style=\"background-color:#ffffff\"><span style=\"font-size:14px\"><span style=\"font-size:14px\"><span style=\"font-family:Arial,Helvetica,sans-serif\">&nbsp;&nbsp;&nbsp;&nbsp;&nbsp;&nbsp;&nbsp;<em>&nbsp;&nbsp;&nbsp;&nbsp;&nbsp;&nbsp;&nbsp;&nbsp;从快速服务美妙的帮助。</em></span></span></span></span></span></span></span></p>\r\n\r\n<p dir=\"ltr\" style=\"text-align:justify\"><span style=\"font-size:14px\"><span style=\"color:#333333\"><span style=\"font-family:Raleway,sans-serif\"><span style=\"background-color:#ffffff\"><span style=\"font-size:14px\"><span style=\"font-size:14px\"><span style=\"font-family:Arial,Helvetica,sans-serif\">每个人都希望优化自己的时间，不希望在机场距离酒店花几个小时做什么，但等待。让我们来帮助你有一个很好的飞行在机场完全为您服务。这是正确的时间供你使用<a href=\"http://vietnamfasttrack.org/fast-track-service-in-ho-chi-minh-tan-son-nhat-airport\" style=\"box-sizing:border-box; color:#337ab7; text-decoration:none; margin:0px; padding:0px; border:0px; font-size:14px; vertical-align:baseline\"><strong>快速服务Tan Son Nhat机场</strong></a>，如果您有计划前往胡志明市。</span></span></span></span></span></span></span></p>\r\n\r\n<p dir=\"ltr\" style=\"text-align:justify\"><span style=\"font-size:14px\"><span style=\"color:#333333\"><span style=\"font-family:Raleway,sans-serif\"><span style=\"background-color:#ffffff\"><span style=\"font-size:14px\"><span style=\"font-size:14px\"><span style=\"font-family:Arial,Helvetica,sans-serif\">请访问我们的网站了解更多信息</span></span></span></span></span></span></span></p>\r\n', '', '', '', '', '', 1, 'fast-track-service-in-ho-chi-minh-tan-son-nhat-airport', '快速服务在胡志明市 - 新山一机场。', '在像Tan Son Nhat这样拥挤而繁忙的机场，快速通道服务tan the nhat机场将是一个非常有用的服务，人们可以避免浪费时间并充分利用他们的旅行。', 'fast track service Tan Son Nhat airport'),
(121, 61, 'vn', 'Airport Fast Track Service - Useful Choice For The Flights ', 'Many people often not have a good experience when they arrive at airports in Vietnam, mostly because of long and tiring formality process. If you want to save your precious time,  Airport fast track service is a suitable solution for you. ', '<p dir=\"ltr\" style=\"text-align:justify\"><span style=\"font-family:Arial,Helvetica,sans-serif\"><span style=\"font-size:14px\">Airport fast track service is one that is created to provide the visitors &nbsp;at airports with useful supports so that the customers can reduce time to complete the necessary procedures or transmit the most quickly as possible. As you know airports in Vietnam is usually really crowded and noisy, therefore you easily feel tired or stressful when waiting for visa stamping and the others tasks. It can take passengers from 30 minutes to two hours, or even more than that to wait for check-in procedure. Airport fast track service is the wise solution for this problem that you should not ignore. </span></span></p>\r\n\r\n<p style=\"text-align:center\"><img alt=\"Airport-fast-track-service\" height=\"450\" src=\"/image/images/Airport-fast-track-service2.jpg\" width=\"600\" /></p>\r\n\r\n<p dir=\"ltr\" style=\"text-align:center\"><em><span style=\"font-family:Arial,Helvetica,sans-serif\"><span style=\"font-size:14px\">The crowded in Tan Son Nhat airport </span></span></em></p>\r\n\r\n<h2 dir=\"ltr\" style=\"text-align:justify\"><strong><span style=\"font-size:20px\"><span style=\"font-family:Arial,Helvetica,sans-serif\">Why should you choose Airport fast track service ?</span></span></strong></h2>\r\n\r\n<p dir=\"ltr\" style=\"text-align:justify\"><span style=\"font-family:Arial,Helvetica,sans-serif\"><span style=\"font-size:14px\">The first reason is that Airport fast track service provides &nbsp;high quality service with lots of benefits: Fast track services are very quickly, you do not need to wait to get in line at the visa counter. You can get visa stamp and complete other procedures right after landing, therefore you can save much time. In addition you can receive baggage porters available on request. This is a really good options, espescially for those who visit Vietnam for the first time and want to get visa stamp as quick as possible. </span></span></p>\r\n\r\n<p style=\"text-align:center\"><img alt=\"Airport-fast-track-service\" height=\"279\" src=\"/image/images/Airport-fast-track-service1.jpg\" width=\"600\" /></p>\r\n\r\n<p dir=\"ltr\" style=\"text-align:center\"><em><span style=\"font-family:Arial,Helvetica,sans-serif\"><span style=\"font-size:14px\">Professional serving way </span></span></em></p>\r\n\r\n<p dir=\"ltr\" style=\"text-align:justify\"><span style=\"font-family:Arial,Helvetica,sans-serif\"><span style=\"font-size:14px\">The second reason is that <a href=\"http://vietnamfasttrack.org/\"><strong>Airport fast track service</strong></a> will be appropriate to some speical target, this service supplies helpful products &nbsp;for them. For example this helps taking care your children, supports to travel in the big group. Further &nbsp;you can have Vietnam visa in time to serve your work if you have important business you need to attend right away and can&rsquo;t waste time waiting at the airport. This service is a also beneficial for pregnant women, disable people and elder people.</span></span></p>\r\n\r\n<p dir=\"ltr\" style=\"text-align:justify\"><span style=\"font-family:Arial,Helvetica,sans-serif\"><span style=\"font-size:14px\">The third reason is that <a href=\"http://vietnamfasttrack.org/fast-track-service-in-ho-chi-minh-tan-son-nhat-airport\"><strong>Airport fast track service</strong> </a>has an extremely professional, friendly and enthusiastic team of staff. Our local airport staff will meet you at the airport. They will assist you in the procedures and help you with your luggage too. Our staff always do their best to give you a wonderful experience with Airport fast track service</span></span></p>\r\n\r\n<h2 dir=\"ltr\" style=\"text-align:justify\"><strong><span style=\"font-size:20px\"><span style=\"font-family:Arial,Helvetica,sans-serif\">How to book the best Airport fast track service in Vietnam ?</span></span></strong></h2>\r\n\r\n<p style=\"text-align:center\"><img alt=\"Airport-fast-track-service\" height=\"338\" src=\"/image/images/Airport-fast-track-service.jpg\" width=\"600\" /></p>\r\n\r\n<p dir=\"ltr\" style=\"text-align:center\"><em><span style=\"font-family:Arial,Helvetica,sans-serif\"><span style=\"font-size:14px\">The staff meet the customer at airport </span></span></em></p>\r\n\r\n<p dir=\"ltr\" style=\"text-align:justify\"><span style=\"font-family:Arial,Helvetica,sans-serif\"><span style=\"font-size:14px\">This service is a perfect choice for any trip. And with Vietnamfasttrack, the leading company in providing Airport fast track service, it is really easy to book the service. All you have to do is &nbsp;visiting our website or dialing our website in order to book and experience the best <a href=\"http://vietnamfasttrack.org/airport-fast-track-service-useful-choice-for-the-flights\"><strong>Airport fast track service</strong></a> in Vietnam . &nbsp;</span></span></p>\r\n\r\n<p dir=\"ltr\" style=\"text-align:justify\"><span style=\"font-family:Arial,Helvetica,sans-serif\"><span style=\"font-size:14px\">Vietnamfasttrack Company is one of the most reputable transporting companies, providing Airport fast track service with highest quality. &nbsp;With more than 10 years of business activities on the market, the company is confident to bring the best trips for you and your family. </span></span></p>\r\n', '', '', '', '', '', 1, 'airport-fast-track-service-useful-choice-for-the-flights', 'Airport Fast Track Service - Useful Choice For The Flights ', 'Many people often not have a good experience when they arrive at airports in Vietnam, mostly because of long and tiring formality process. If you want to save your precious time,  Airport fast track service is a suitable solution for you. ', 'Airport fast track service');
INSERT INTO `news_languages` (`id`, `news_id`, `languages_code`, `lang_news_name`, `lang_news_des`, `lang_news_content`, `lang_news_sub_info1`, `lang_news_sub_info2`, `lang_news_sub_info3`, `lang_news_sub_info4`, `lang_news_sub_info5`, `edit_state`, `friendly_url`, `title_seo`, `des_seo`, `keyword`) VALUES
(122, 61, 'en', '机场快速通道服务 - 有用的选择对于航班', '英语版许多人到达越南机场时往往没有很好的经验，主要是因为漫长而累人的正式程序。 如果您想节省宝贵的时间，机场快速通道服务是您的理想选择。', '<p dir=\"ltr\" style=\"text-align:justify\"><span style=\"font-size:14px\"><span style=\"color:#333333\"><span style=\"font-family:Raleway,sans-serif\"><span style=\"background-color:#ffffff\"><span style=\"font-size:14px\"><span style=\"font-family:Arial,Helvetica,sans-serif\"><span style=\"font-size:14px\">机场快速通道服务是建立以提供有用的支持机场的游客，使客户可以减少时间来完成必要的程序或最快速传输尽可能之一。正如你所知道的越南机场通常是非常拥挤和嘈杂，因此您可以轻松地感到疲倦或等待签证冲压和其他任务时的压力。它可以采取乘客从30分钟到两个小时，或者甚至比这更多的等待办理入住手续。机场快速轨道服务是这个问题，你不应该忽视聪明的解决方案。</span></span></span></span></span></span></span></p>\r\n\r\n<p style=\"text-align:center\"><span style=\"font-size:14px\"><span style=\"color:#333333\"><span style=\"font-family:Raleway,sans-serif\"><span style=\"background-color:#ffffff\"><img alt=\"机场快速通道服务\" height=\"450\" src=\"https://www.vietnamfasttrack.org/image/images/Airport-fast-track-service2.jpg\" width=\"600\" /></span></span></span></span></p>\r\n\r\n<p dir=\"ltr\" style=\"text-align:center\"><span style=\"font-size:14px\"><span style=\"color:#333333\"><span style=\"font-family:Raleway,sans-serif\"><span style=\"background-color:#ffffff\"><em><span style=\"font-size:14px\"><span style=\"font-family:Arial,Helvetica,sans-serif\"><span style=\"font-size:14px\">在新山一机场的拥挤</span></span></span></em></span></span></span></span></p>\r\n\r\n<h2 dir=\"ltr\" style=\"margin-left:0px; margin-right:0px; text-align:justify\"><span style=\"font-size:24px\"><span style=\"font-family:Raleway,sans-serif\"><span style=\"color:#333333\"><span style=\"background-color:#ffffff\"><strong><span style=\"font-size:20px\"><span style=\"font-size:20px\"><span style=\"font-family:Arial,Helvetica,sans-serif\">你为什么要选择机场快速通道服务？</span></span></span></strong></span></span></span></span></h2>\r\n\r\n<p dir=\"ltr\" style=\"text-align:justify\"><span style=\"font-size:14px\"><span style=\"color:#333333\"><span style=\"font-family:Raleway,sans-serif\"><span style=\"background-color:#ffffff\"><span style=\"font-size:14px\"><span style=\"font-family:Arial,Helvetica,sans-serif\"><span style=\"font-size:14px\">第一个原因是，机场快速服务提供了大量的好处优质的服务：快速跟踪服务非常快，你不需要等待签证柜台排队取。你可以得到签证印章和着陆后立即完成其他手续，因此可以节省大量的时间。此外，您可以收到要求提供行李搬运工。这是一个非常不错的选择，espescially对于那些谁访问越南的第一次，并希望得到签证印章尽可能快。</span></span></span></span></span></span></span></p>\r\n\r\n<p style=\"text-align:center\"><span style=\"font-size:14px\"><span style=\"color:#333333\"><span style=\"font-family:Raleway,sans-serif\"><span style=\"background-color:#ffffff\"><img alt=\"机场快速通道服务\" height=\"279\" src=\"https://www.vietnamfasttrack.org/image/images/Airport-fast-track-service1.jpg\" width=\"600\" /></span></span></span></span></p>\r\n\r\n<p dir=\"ltr\" style=\"text-align:center\"><span style=\"font-size:14px\"><span style=\"color:#333333\"><span style=\"font-family:Raleway,sans-serif\"><span style=\"background-color:#ffffff\"><em><span style=\"font-size:14px\"><span style=\"font-family:Arial,Helvetica,sans-serif\"><span style=\"font-size:14px\">专业服务方式</span></span></span></em></span></span></span></span></p>\r\n\r\n<p dir=\"ltr\" style=\"text-align:justify\"><span style=\"font-size:14px\"><span style=\"color:#333333\"><span style=\"font-family:Raleway,sans-serif\"><span style=\"background-color:#ffffff\"><span style=\"font-size:14px\"><span style=\"font-family:Arial,Helvetica,sans-serif\"><span style=\"font-size:14px\">第二个原因是，<a href=\"http://vietnamfasttrack.org/\" style=\"box-sizing:border-box; color:#337ab7; text-decoration:none; margin:0px; padding:0px; border:0px; font-size:14px; vertical-align:baseline\"><strong>机场快速通道服务</strong></a>将是适当的一些目标调校妥当，这项服务提供有用的产品，为他们。例如，这有助于照顾你的孩子，支持在大团游。另外，你可以有越南签证时间竭诚为您的工作，如果你有重要的业务，你需要马上参加，不能浪费时间在机场等候。此服务是也有利于孕妇，禁止人和老年人。</span></span></span></span></span></span></span></p>\r\n\r\n<p dir=\"ltr\" style=\"text-align:justify\"><span style=\"font-size:14px\"><span style=\"color:#333333\"><span style=\"font-family:Raleway,sans-serif\"><span style=\"background-color:#ffffff\"><span style=\"font-size:14px\"><span style=\"font-family:Arial,Helvetica,sans-serif\"><span style=\"font-size:14px\">第三个原因是，<a href=\"http://vietnamfasttrack.org/fast-track-service-in-ho-chi-minh-tan-son-nhat-airport\" style=\"box-sizing:border-box; color:#337ab7; text-decoration:none; margin:0px; padding:0px; border:0px; font-size:14px; vertical-align:baseline\"><strong>机场快速服务</strong>&nbsp;</a>有一个非常专业的，友好和热情的工作团队。我们当地的机场工作人员会在机场接你。他们会帮助你的程序，并帮助您拿行李了。我们的员工总是尽自己所能，给你与机场快速服务一个奇妙的经历</span></span></span></span></span></span></span></p>\r\n\r\n<h2 dir=\"ltr\" style=\"margin-left:0px; margin-right:0px; text-align:justify\"><span style=\"font-size:24px\"><span style=\"font-family:Raleway,sans-serif\"><span style=\"color:#333333\"><span style=\"background-color:#ffffff\"><strong><span style=\"font-size:20px\"><span style=\"font-size:20px\"><span style=\"font-family:Arial,Helvetica,sans-serif\">如何预订越南最顶级的机场快速通道服务？</span></span></span></strong></span></span></span></span></h2>\r\n\r\n<p style=\"text-align:center\"><span style=\"font-size:14px\"><span style=\"color:#333333\"><span style=\"font-family:Raleway,sans-serif\"><span style=\"background-color:#ffffff\"><img alt=\"机场快速通道服务\" height=\"338\" src=\"https://www.vietnamfasttrack.org/image/images/Airport-fast-track-service.jpg\" width=\"600\" /></span></span></span></span></p>\r\n\r\n<p dir=\"ltr\" style=\"text-align:center\"><span style=\"font-size:14px\"><span style=\"color:#333333\"><span style=\"font-family:Raleway,sans-serif\"><span style=\"background-color:#ffffff\"><em><span style=\"font-size:14px\"><span style=\"font-family:Arial,Helvetica,sans-serif\"><span style=\"font-size:14px\">工作人员满足机场客户</span></span></span></em></span></span></span></span></p>\r\n\r\n<p dir=\"ltr\" style=\"text-align:justify\"><span style=\"font-size:14px\"><span style=\"color:#333333\"><span style=\"font-family:Raleway,sans-serif\"><span style=\"background-color:#ffffff\"><span style=\"font-size:14px\"><span style=\"font-family:Arial,Helvetica,sans-serif\"><span style=\"font-size:14px\">该服务为任何行程的最佳选择。并与Vietnamfasttrack，领先的公司提供机场快速通道服务，它是很容易预订服务。所有你需要做的就是访问我们的网站或拨打我们的网站，以预订和体验最好的<a href=\"http://vietnamfasttrack.org/airport-fast-track-service-useful-choice-for-the-flights\" style=\"box-sizing:border-box; color:#337ab7; text-decoration:none; margin:0px; padding:0px; border:0px; font-size:14px; vertical-align:baseline\"><strong>机场快速轨道服务</strong></a>在越南。 &nbsp;</span></span></span></span></span></span></span></p>\r\n\r\n<p dir=\"ltr\" style=\"text-align:justify\"><span style=\"font-size:14px\"><span style=\"color:#333333\"><span style=\"font-family:Raleway,sans-serif\"><span style=\"background-color:#ffffff\"><span style=\"font-size:14px\"><span style=\"font-family:Arial,Helvetica,sans-serif\"><span style=\"font-size:14px\">Vietnamfasttrack公司是最有信誉的运输公司之一，提供机场快速通道服务，最高的质量。凭借超过10年的市场经营活动中，公司有信心将最好的旅行，为您和您的家人。</span></span></span></span></span></span></span></p>\r\n', '', '', '', '', '', 1, 'airport-fast-track-service-useful-choice-for-the-flights', 'Airport Fast Track Service - Useful Choice For The Flights ', 'Many people often not have a good experience when they arrive at airports in Vietnam, mostly because of long and tiring formality process. If you want to save your precious time,  Airport fast track service is a suitable solution for you. ', 'Airport fast track service'),
(123, 62, 'vn', 'Vietnamfasttrask And Services', 'Vietnamfasttrack company is one of the most reputable and quality companies in the market. We specialize in transporting people and goods, both at domestic and abroad. With a team of staffs and professional drivers that work over 10 years, our company is confident to bring the best service to everyone. ', '<h2 dir=\"ltr\" style=\"text-align:justify\"><strong><span style=\"font-size:20px\"><span style=\"font-family:Arial,Helvetica,sans-serif\">The services of Vietnamfasttrack</span></span></strong></h2>\r\n\r\n<p dir=\"ltr\" style=\"text-align:justify\"><span style=\"font-size:14px\"><span style=\"font-family:Arial,Helvetica,sans-serif\">We provide services at airports for all types of travelers, who don&rsquo;t want to &nbsp;have to queue for many hours to complete airport procedures. If you have an upcoming meeting or any other reason that you are in a hurry, you could book the services of our company to be served as a VIP guest at all Vietnam international airports. The services provided by <a href=\"http://vietnamfasttrack.org/\"><span style=\"color:#2980b9\"><strong>Vietnam fast-track</strong></span></a> help customers no longer have to worry at any international airport in Vietnam. With our range of services, customers can leave the airport early and will no longer have to wait in long lines, because we will assist you and your luggage when you arrive at the airport. Our system includes a welcome airside at the air bridge, fast track and assistance through visa and border control. Booking and reservation systems will help you select and book the service accurately. </span></span></p>\r\n\r\n<p dir=\"ltr\" style=\"text-align:justify\"><span style=\"font-size:14px\"><span style=\"font-family:Arial,Helvetica,sans-serif\"><a href=\"http://vietnamfasttrack.org/gioi-thieu\"><span style=\"color:#2980b9\"><strong>Vietnam fast-track</strong></span></a> works with the motto: react fast, start smoothly, and connect successfully. We specialize in providing two main types of services: Vietnam VIP airport fast-track, and Vietnam visa on arrival. </span></span></p>\r\n\r\n<h2 dir=\"ltr\" style=\"text-align:justify\"><span style=\"font-size:20px\"><strong><span style=\"font-family:Arial,Helvetica,sans-serif\">1. Vietnam VIP airport fasttrack</span></strong></span></h2>\r\n\r\n<p dir=\"ltr\" style=\"text-align:justify\"><span style=\"font-size:14px\"><span style=\"font-family:Arial,Helvetica,sans-serif\">Vietnam VIP airport fasttrack is the company&rsquo;s trademark service and the one that built our reputation as the leading company in airport services. Our staff will meet you at the air bridge. They will help you bypass the queue to check your visa or passport, escort you to the luggage area and customs. Before departure, they will contact your driver, assist you through booking and entry; and take you to the airline lounge and the port. Our strength lies in the fast, easy and professional process that help customers optimize their time at the airport, with high quality customer service, our will to provide service to all kinds of customers at a reasonable price</span></span></p>\r\n\r\n<h2 dir=\"ltr\" style=\"text-align:justify\"><strong><span style=\"font-size:20px\"><span style=\"font-family:Arial,Helvetica,sans-serif\">2. Vietnam visa on arrival</span></span></strong></h2>\r\n\r\n<p dir=\"ltr\" style=\"text-align:justify\"><span style=\"font-size:14px\"><span style=\"font-family:Arial,Helvetica,sans-serif\">Another main service of Vietnamfasttrack, Vietnam visa on arrival works in harmony with the VIP airport fasttrack service to help customers accomplish the airport procedures the quickest way possible. To enter any country, the first step is to apply for a visa of that country. The visa application procedure has to go through many steps and take a lot of time. Understanding how this can be an inconvenience for customers, Visa on arrival is designed by Vietnamfasttrack to be the best option for those who are away from the embassy, or in urgent need of a visa to enter the country. The Vietnam Visa on Arrival service helps you get your entry visa right at the airport. This visa procedure is very simple, it costs almost no time and travel expenses. </span></span></p>\r\n\r\n<p dir=\"ltr\" style=\"text-align:justify\"><span style=\"font-size:14px\"><span style=\"font-family:Arial,Helvetica,sans-serif\">Customers do not have to apply for a visa before flying, but only need a Visa approval letter, provided by Vietnamfasttrack, and get a visa on arrival at the airport. Guests can obtain their own visa at the airport with this letter. If you want to get the visa right after landing, Vietnam fast-track provides Vietnam VIP airport fast track service to ensure your wish.</span></span></p>\r\n\r\n<p dir=\"ltr\" style=\"text-align:justify\"><span style=\"font-size:14px\"><span style=\"font-family:Arial,Helvetica,sans-serif\">Besides, we have additional services to give customers the best experience with Vietnam airport transfer and Vietnam VIP lounge.</span></span></p>\r\n\r\n<h2 dir=\"ltr\" style=\"text-align:justify\"><strong><span style=\"font-size:20px\"><span style=\"font-family:Arial,Helvetica,sans-serif\">3. Vietnam airport transfer</span></span></strong></h2>\r\n\r\n<p dir=\"ltr\" style=\"text-align:justify\"><span style=\"font-size:14px\"><span style=\"font-family:Arial,Helvetica,sans-serif\">Aside from airport procedures, another thing that often take a lot of time and tire out foreign customers when coming to Vietnam is finding a suitable transportation means to the hotel or their accomodation. That is the reason for our Vietnam airport transfer service. We provide a fast and convenient transportation service that is ready right after you step out of the airport. Our booking processors and booking service allow you to enter details of your trip, it will list a variety of vehicles for you to choose from. We provide a list of vehicles, including group travel prices for arrivals and departures from the airport to convention centers or hotels.</span></span></p>\r\n\r\n<p dir=\"ltr\" style=\"text-align:justify\"><span style=\"font-size:14px\"><span style=\"font-family:Arial,Helvetica,sans-serif\">Vietnam airport transfer always uses new high quality vehicles, professional drivers who have been trained with English skills and cultural knowledge. </span></span></p>\r\n\r\n<h2 dir=\"ltr\" style=\"text-align:justify\"><strong><span style=\"font-size:20px\"><span style=\"font-family:Arial,Helvetica,sans-serif\">4. Vietnam Airport VIP lounge</span></span></strong></h2>\r\n\r\n<p dir=\"ltr\" style=\"text-align:justify\"><span style=\"font-size:14px\"><span style=\"font-family:Arial,Helvetica,sans-serif\">A true feeling of comfort and luxury, the Vietnam VIP lounge serves to give you the best time at the airport. A private space when dropping a nap on a massage chair to prepare for a long flight; choose a menu that best suits you while enjoying the weather; using the Wi-Fi internet to work even before boarding a business center area is something your business is looking forward to.</span></span></p>\r\n\r\n<p dir=\"ltr\" style=\"text-align:justify\"><span style=\"font-size:14px\"><span style=\"font-family:Arial,Helvetica,sans-serif\">There is a VIP lounge at each international airport, our staff will come to the airport welcome guests, and then VIP facilities will transfer guests into the VIP lounge and complete procedures for guests. You will enjoy the VIP service while we help you complete the procedure. </span></span></p>\r\n\r\n<h2 dir=\"ltr\" style=\"text-align:justify\"><strong><span style=\"font-size:20px\"><span style=\"font-family:Arial,Helvetica,sans-serif\">Our values</span></span></strong></h2>\r\n\r\n<p dir=\"ltr\" style=\"text-align:justify\"><span style=\"font-size:14px\"><span style=\"font-family:Arial,Helvetica,sans-serif\">We always strive to improve the quality of our services such as the selection of modern vehicles, easy and flexible booking, language training and cultural understanding for the drivers as well as the professionalism of the service staff, we are even willing to provide tour guides if you have a need. In the future, the company will become the famous brand in Vietnam and abroad, so the customers can trust the price and quality of our services.</span></span></p>\r\n\r\n<p dir=\"ltr\" style=\"text-align:justify\"><span style=\"font-size:14px\"><span style=\"font-family:Arial,Helvetica,sans-serif\">For over 10 years, Vietnam fast-track Company has assisted thousands of travelers over the airport. The fast track service applies to any traveler, on any airline brand, in any cabin class, and at all major airports. Our specialized staff will help you choose the most accurate service at the lowest cost. We always provide you with the best service, with special assistance to meet your needs at domestic and international airports.</span></span></p>\r\n', '', '', '', '', '', 0, 'vietnamfasttrask-and-services', 'Vietnamfasttrask And Services', 'Vietnamfasttrack company is one of the most reputable and quality companies in the market. We specialize in transporting people and goods, both at domestic and abroad. With a team of staffs and professional drivers that work over 10 years, our company is confident to bring the best service to everyone. ', 'Vietnam Airport Fast-Track'),
(124, 62, 'en', 'english version Vietnamfasttrask And Services', 'english version Vietnamfasttrack company is one of the most reputable and quality companies in the market. We specialize in transporting people and goods, both at domestic and abroad. With a team of staffs and professional drivers that work over 10 years, our company is confident to bring the best service to everyone. ', 'english version <h2 dir=\"ltr\" style=\"text-align:justify\"><strong><span style=\"font-size:20px\"><span style=\"font-family:Arial,Helvetica,sans-serif\">The services of Vietnamfasttrack</span></span></strong></h2>\r\n\r\n<p dir=\"ltr\" style=\"text-align:justify\"><span style=\"font-size:14px\"><span style=\"font-family:Arial,Helvetica,sans-serif\">We provide services at airports for all types of travelers, who don&rsquo;t want to &nbsp;have to queue for many hours to complete airport procedures. If you have an upcoming meeting or any other reason that you are in a hurry, you could book the services of our company to be served as a VIP guest at all Vietnam international airports. The services provided by <a href=\"http://vietnamfasttrack.org/\"><span style=\"color:#2980b9\"><strong>Vietnam fast-track</strong></span></a> help customers no longer have to worry at any international airport in Vietnam. With our range of services, customers can leave the airport early and will no longer have to wait in long lines, because we will assist you and your luggage when you arrive at the airport. Our system includes a welcome airside at the air bridge, fast track and assistance through visa and border control. Booking and reservation systems will help you select and book the service accurately. </span></span></p>\r\n\r\n<p dir=\"ltr\" style=\"text-align:justify\"><span style=\"font-size:14px\"><span style=\"font-family:Arial,Helvetica,sans-serif\"><a href=\"http://vietnamfasttrack.org/gioi-thieu\"><span style=\"color:#2980b9\"><strong>Vietnam fast-track</strong></span></a> works with the motto: react fast, start smoothly, and connect successfully. We specialize in providing two main types of services: Vietnam VIP airport fast-track, and Vietnam visa on arrival. </span></span></p>\r\n\r\n<h2 dir=\"ltr\" style=\"text-align:justify\"><span style=\"font-size:20px\"><strong><span style=\"font-family:Arial,Helvetica,sans-serif\">1. Vietnam VIP airport fasttrack</span></strong></span></h2>\r\n\r\n<p dir=\"ltr\" style=\"text-align:justify\"><span style=\"font-size:14px\"><span style=\"font-family:Arial,Helvetica,sans-serif\">Vietnam VIP airport fasttrack is the company&rsquo;s trademark service and the one that built our reputation as the leading company in airport services. Our staff will meet you at the air bridge. They will help you bypass the queue to check your visa or passport, escort you to the luggage area and customs. Before departure, they will contact your driver, assist you through booking and entry; and take you to the airline lounge and the port. Our strength lies in the fast, easy and professional process that help customers optimize their time at the airport, with high quality customer service, our will to provide service to all kinds of customers at a reasonable price</span></span></p>\r\n\r\n<h2 dir=\"ltr\" style=\"text-align:justify\"><strong><span style=\"font-size:20px\"><span style=\"font-family:Arial,Helvetica,sans-serif\">2. Vietnam visa on arrival</span></span></strong></h2>\r\n\r\n<p dir=\"ltr\" style=\"text-align:justify\"><span style=\"font-size:14px\"><span style=\"font-family:Arial,Helvetica,sans-serif\">Another main service of Vietnamfasttrack, Vietnam visa on arrival works in harmony with the VIP airport fasttrack service to help customers accomplish the airport procedures the quickest way possible. To enter any country, the first step is to apply for a visa of that country. The visa application procedure has to go through many steps and take a lot of time. Understanding how this can be an inconvenience for customers, Visa on arrival is designed by Vietnamfasttrack to be the best option for those who are away from the embassy, or in urgent need of a visa to enter the country. The Vietnam Visa on Arrival service helps you get your entry visa right at the airport. This visa procedure is very simple, it costs almost no time and travel expenses. </span></span></p>\r\n\r\n<p dir=\"ltr\" style=\"text-align:justify\"><span style=\"font-size:14px\"><span style=\"font-family:Arial,Helvetica,sans-serif\">Customers do not have to apply for a visa before flying, but only need a Visa approval letter, provided by Vietnamfasttrack, and get a visa on arrival at the airport. Guests can obtain their own visa at the airport with this letter. If you want to get the visa right after landing, Vietnam fast-track provides Vietnam VIP airport fast track service to ensure your wish.</span></span></p>\r\n\r\n<p dir=\"ltr\" style=\"text-align:justify\"><span style=\"font-size:14px\"><span style=\"font-family:Arial,Helvetica,sans-serif\">Besides, we have additional services to give customers the best experience with Vietnam airport transfer and Vietnam VIP lounge.</span></span></p>\r\n\r\n<h2 dir=\"ltr\" style=\"text-align:justify\"><strong><span style=\"font-size:20px\"><span style=\"font-family:Arial,Helvetica,sans-serif\">3. Vietnam airport transfer</span></span></strong></h2>\r\n\r\n<p dir=\"ltr\" style=\"text-align:justify\"><span style=\"font-size:14px\"><span style=\"font-family:Arial,Helvetica,sans-serif\">Aside from airport procedures, another thing that often take a lot of time and tire out foreign customers when coming to Vietnam is finding a suitable transportation means to the hotel or their accomodation. That is the reason for our Vietnam airport transfer service. We provide a fast and convenient transportation service that is ready right after you step out of the airport. Our booking processors and booking service allow you to enter details of your trip, it will list a variety of vehicles for you to choose from. We provide a list of vehicles, including group travel prices for arrivals and departures from the airport to convention centers or hotels.</span></span></p>\r\n\r\n<p dir=\"ltr\" style=\"text-align:justify\"><span style=\"font-size:14px\"><span style=\"font-family:Arial,Helvetica,sans-serif\">Vietnam airport transfer always uses new high quality vehicles, professional drivers who have been trained with English skills and cultural knowledge. </span></span></p>\r\n\r\n<h2 dir=\"ltr\" style=\"text-align:justify\"><strong><span style=\"font-size:20px\"><span style=\"font-family:Arial,Helvetica,sans-serif\">4. Vietnam VIP lounge</span></span></strong></h2>\r\n\r\n<p dir=\"ltr\" style=\"text-align:justify\"><span style=\"font-size:14px\"><span style=\"font-family:Arial,Helvetica,sans-serif\">A true feeling of comfort and luxury, the Vietnam VIP lounge serves to give you the best time at the airport. A private space when dropping a nap on a massage chair to prepare for a long flight; choose a menu that best suits you while enjoying the weather; using the Wi-Fi internet to work even before boarding a business center area is something your business is looking forward to.</span></span></p>\r\n\r\n<p dir=\"ltr\" style=\"text-align:justify\"><span style=\"font-size:14px\"><span style=\"font-family:Arial,Helvetica,sans-serif\">There is a VIP lounge at each international airport, our staff will come to the airport welcome guests, and then VIP facilities will transfer guests into the VIP lounge and complete procedures for guests. You will enjoy the VIP service while we help you complete the procedure. </span></span></p>\r\n\r\n<h2 dir=\"ltr\" style=\"text-align:justify\"><strong><span style=\"font-size:20px\"><span style=\"font-family:Arial,Helvetica,sans-serif\">Our values</span></span></strong></h2>\r\n\r\n<p dir=\"ltr\" style=\"text-align:justify\"><span style=\"font-size:14px\"><span style=\"font-family:Arial,Helvetica,sans-serif\">We always strive to improve the quality of our services such as the selection of modern vehicles, easy and flexible booking, language training and cultural understanding for the drivers as well as the professionalism of the service staff, we are even willing to provide tour guides if you have a need. In the future, the company will become the famous brand in Vietnam and abroad, so the customers can trust the price and quality of our services.</span></span></p>\r\n\r\n<p dir=\"ltr\" style=\"text-align:justify\"><span style=\"font-size:14px\"><span style=\"font-family:Arial,Helvetica,sans-serif\">For over 10 years, Vietnam fast-track Company has assisted thousands of travelers over the airport. The fast track service applies to any traveler, on any airline brand, in any cabin class, and at all major airports. Our specialized staff will help you choose the most accurate service at the lowest cost. We always provide you with the best service, with special assistance to meet your needs at domestic and international airports.</span></span></p>\r\n', '', '', '', '', '', 0, 'en-vietnamfasttrask-and-services', 'Vietnamfasttrask And Services', '', ''),
(125, 63, 'vn', 'Vietnam Airport Fasttrack of Vietnamfasttrack', 'Vietnamfasttrack Company Limited was one of the most reputable transporting companies. With more than 10 years of experience in serving thoudsands customers around the world, our company is confident to bring the best trips for you and your family. The company’s top service, Vietnam Airport Fasttrack, has built up our reputation as a pioneer in airport services.  ', '<h2 dir=\"ltr\" style=\"text-align:justify\"><strong><span style=\"font-size:18px\"><span style=\"font-family:Arial,Helvetica,sans-serif\">What is Vietnam Airport Fasttrack service?</span></span></strong></h2>\r\n\r\n<p dir=\"ltr\" style=\"text-align:justify\"><span style=\"font-size:14px\"><span style=\"font-family:Arial,Helvetica,sans-serif\">The<a href=\"http://vietnamfasttrack.org/\"><span style=\"color:#2980b9\"> <strong>Vietnam Airport Fasttrack service</strong></span></a> is designed to help shorten the airport procedures for customers. With this service, customer can get their visa stamping, visa sticker and go through their procedures immediately after landing at the airport. Customers using this service won&rsquo;t have to wait in the queue to wait for their turn. This will ensure that they can get their visa as soon as they land.</span></span></p>\r\n\r\n<p dir=\"ltr\" style=\"text-align:justify\"><span style=\"font-size:14px\"><span style=\"font-family:Arial,Helvetica,sans-serif\">This service is for people who don&rsquo;t want to &nbsp;queue for hours at the airport, or are in a hurry for the upcoming meetings. </span></span></p>\r\n\r\n<p dir=\"ltr\" style=\"text-align:justify\"><span style=\"font-size:14px\"><span style=\"font-family:Arial,Helvetica,sans-serif\">This type of service of Vietnamfasttrack will help the customers no longer have to worry at any international airport in Vietnam. With this special service, customers can leave the airport less than 15 minutes waiting at the airport and will no longer have to wait in line because we will assist you and your luggage when you land on the airport.</span></span></p>\r\n\r\n<h2 dir=\"ltr\" style=\"text-align:justify\">&nbsp;</h2>\r\n\r\n<h2 dir=\"ltr\" style=\"text-align:justify\"><span style=\"font-size:18px\"><strong><span style=\"font-family:Arial,Helvetica,sans-serif\">3 fast track services at the airport:</span></strong></span></h2>\r\n\r\n<p dir=\"ltr\" style=\"text-align:justify\"><span style=\"font-size:14px\"><span style=\"font-family:Arial,Helvetica,sans-serif\">Vietnam Vip Airport Fasttrack when you arrive Vietnam airport: We welcome you at landing zone with a board with your name on it, then continue assisting you to complete all entry forms into Vietnam, including getting stamping without having to queue, keep your luggage in the separated area before the customs area and take you out of there as quickly as possible.</span></span></p>\r\n\r\n<p dir=\"ltr\" style=\"text-align:justify\"><span style=\"font-size:14px\"><span style=\"font-family:Arial,Helvetica,sans-serif\">Vietnam Vip Airport Fasttrack at departure: We will greet you at the check-in area at Vietnam airport, then we&rsquo;ll assist you through the entry area and put you in the waiting area or departure area.</span></span></p>\r\n\r\n<p dir=\"ltr\" style=\"text-align:justify\"><span style=\"font-size:14px\"><span style=\"font-family:Arial,Helvetica,sans-serif\">Vietnam Vip Airport Fasttrack between the flights: We will help you with fast track services between flights and stops</span></span></p>\r\n\r\n<h2 dir=\"ltr\" style=\"text-align:justify\">&nbsp;</h2>\r\n\r\n<h2 dir=\"ltr\" style=\"text-align:justify\"><strong><span style=\"font-size:18px\"><span style=\"font-family:Arial,Helvetica,sans-serif\">The benefits of Vietnam Airport Fast track service</span></span></strong></h2>\r\n\r\n<p dir=\"ltr\" style=\"text-align:justify\"><span style=\"font-size:14px\"><span style=\"font-family:Arial,Helvetica,sans-serif\">The Fast Track Service package will meet all your requirements as well as expedite handling of all procedures, saving you a lot of time instead of waiting for entry procedures and customs clearance troubles. This service is available to all travelers of any airline. Whether you are a regular visitor or a business traveler, if you have any problems with immigration procedures, you are welcome to use our Vietnam Airport Fasttrack service</span></span></p>\r\n\r\n<h2 dir=\"ltr\" style=\"text-align:justify\">&nbsp;</h2>\r\n\r\n<h2 dir=\"ltr\" style=\"text-align:justify\"><strong><span style=\"font-size:18px\"><span style=\"font-family:Arial,Helvetica,sans-serif\">The following customer groups are encouraged to use Vietnam Vip Airport Fast track service</span></span></strong></h2>\r\n\r\n<p dir=\"ltr\" style=\"text-align:justify\"><span style=\"font-size:14px\"><span style=\"font-family:Arial,Helvetica,sans-serif\">Those who enter Vietnam for the first time</span></span></p>\r\n\r\n<p dir=\"ltr\" style=\"text-align:justify\"><span style=\"font-size:14px\"><span style=\"font-family:Arial,Helvetica,sans-serif\">Those who need to quickly get the visa stamp </span></span></p>\r\n\r\n<p dir=\"ltr\" style=\"text-align:justify\"><span style=\"font-size:14px\"><span style=\"font-family:Arial,Helvetica,sans-serif\">People who come to Vietnam with small children</span></span></p>\r\n\r\n<p dir=\"ltr\" style=\"text-align:justify\"><span style=\"font-size:14px\"><span style=\"font-family:Arial,Helvetica,sans-serif\">People traveling in big groups</span></span></p>\r\n\r\n<p dir=\"ltr\" style=\"text-align:justify\"><span style=\"font-size:14px\"><span style=\"font-family:Arial,Helvetica,sans-serif\">Pregnant women</span></span></p>\r\n\r\n<p dir=\"ltr\" style=\"text-align:justify\"><span style=\"font-size:14px\"><span style=\"font-family:Arial,Helvetica,sans-serif\">People with disabilities</span></span></p>\r\n\r\n<p dir=\"ltr\" style=\"text-align:justify\"><span style=\"font-size:14px\"><span style=\"font-family:Arial,Helvetica,sans-serif\">Great partner of the companies in Vietnam</span></span></p>\r\n\r\n<p dir=\"ltr\" style=\"text-align:justify\"><span style=\"font-size:14px\"><span style=\"font-family:Arial,Helvetica,sans-serif\">Foreigners hold important positions in Vietnamese businesses</span></span></p>\r\n\r\n<h2 dir=\"ltr\" style=\"text-align:justify\">&nbsp;</h2>\r\n\r\n<h2 dir=\"ltr\" style=\"text-align:justify\"><span style=\"font-size:18px\"><strong><span style=\"font-family:Arial,Helvetica,sans-serif\">The process of Vietnam Airport Fast track service:</span></strong></span></h2>\r\n\r\n<p dir=\"ltr\" style=\"text-align:justify\"><span style=\"font-size:14px\"><span style=\"font-family:Arial,Helvetica,sans-serif\">The process does not take much time. After landing, please go to the visa area at the airport and contact our representative with your name board. Then you have to give us the essential documents at the airport and stamp cost. We will return your passport after every task is finished</span></span></p>\r\n\r\n<p dir=\"ltr\" style=\"text-align:justify\"><strong><span style=\"font-size:14px\"><span style=\"font-family:Arial,Helvetica,sans-serif\">Detail steps</span></span></strong></p>\r\n\r\n<p dir=\"ltr\" style=\"text-align:justify\"><span style=\"font-size:14px\"><span style=\"font-family:Arial,Helvetica,sans-serif\">Step 1:</span></span></p>\r\n\r\n<p dir=\"ltr\" style=\"text-align:justify\"><span style=\"font-size:14px\"><span style=\"font-family:Arial,Helvetica,sans-serif\">Please contact our company through our hotline and provide details of your flight number, departure time and arrival time (International time + 7) or send request for service by email or phone and give us the information mentioned above. If you change your flight, please inform us 12 hours prior to your flight (except Saturdays, Sundays and public holidays).</span></span></p>\r\n\r\n<p dir=\"ltr\" style=\"text-align:justify\"><span style=\"font-size:14px\"><span style=\"font-family:Arial,Helvetica,sans-serif\">Step 2: When your flight arrives in Vietnam, look for our representative, who will hold a board with your name on it..</span></span></p>\r\n\r\n<p dir=\"ltr\" style=\"text-align:justify\"><span style=\"font-size:14px\"><span style=\"font-family:Arial,Helvetica,sans-serif\">Step 3:</span></span></p>\r\n\r\n<p dir=\"ltr\" style=\"text-align:justify\"><span style=\"font-size:14px\"><span style=\"font-family:Arial,Helvetica,sans-serif\">Give our staff your visa approval letter, immigration declaration, passport, 2 photos, and stamp cost ($ 25 / visitor for one entry visa and $ 50 for multiple entry visa valid for up to 3 months) for our staff to complete the entry procedures for guests.</span></span></p>\r\n\r\n<p dir=\"ltr\" style=\"text-align:justify\"><span style=\"font-size:14px\"><span style=\"font-family:Arial,Helvetica,sans-serif\">Step 4:</span></span></p>\r\n\r\n<p dir=\"ltr\" style=\"text-align:justify\"><span style=\"font-size:14px\"><span style=\"font-family:Arial,Helvetica,sans-serif\">Returning your passport with a stamped visa from our staff.</span></span></p>\r\n\r\n<p dir=\"ltr\" style=\"text-align:justify\"><span style=\"font-size:14px\"><span style=\"font-family:Arial,Helvetica,sans-serif\">With <a href=\"http://vietnamfasttrack.org/vietnam-airport-fasttrack-of-vietnamfasttrack\"><span style=\"color:#2980b9\"><strong>Vietnam Airport Fast track service</strong></span></a>, the estimated time needed to finsish immigration procedures is about only 15 minutes. The process will go as normal if the passengers have no health problems or visa requirements at the airport.</span></span></p>\r\n\r\n<p dir=\"ltr\" style=\"text-align:justify\"><span style=\"font-size:14px\"><span style=\"font-family:Arial,Helvetica,sans-serif\"><strong>Vietnam Airport Fast track service</strong> is the main service of our company. If you want to avoid wasting time and want to optimize the time you have, then let&rsquo;s book Vietnam Airport Fast track service when you come to Vietnam. Send us an email for more information about Vietnam Airport Fasttrack service at Vietnam airport. We can arrange a scheduled departure and arrival date to ensure that information is available at least 48 hours in advance.</span></span></p>\r\n', '', '', '', '', '', 1, 'vietnam-airport-fasttrack-of-vietnamfasttrack', 'Vietnam Airport Fasttrack of Vietnamfasttrack', 'Vietnamfasttrack Company Limited was one of the most reputable transporting companies. With more than 10 years of experience in serving thoudsands customers around the world, our company is confident to bring the best trips for you and your family. The company’s top service, Vietnam Airport Fasttrack, has built up our reputation as a pioneer in airport services.  ', ' Vietnam Airport Fasttrack');
INSERT INTO `news_languages` (`id`, `news_id`, `languages_code`, `lang_news_name`, `lang_news_des`, `lang_news_content`, `lang_news_sub_info1`, `lang_news_sub_info2`, `lang_news_sub_info3`, `lang_news_sub_info4`, `lang_news_sub_info5`, `edit_state`, `friendly_url`, `title_seo`, `des_seo`, `keyword`) VALUES
(126, 63, 'en', 'Vietnamfasttrack的越南机场的FastTrack', 'Vietnamfasttrack Company Limited是最负盛名的运输公司之一。 凭借在服务全球客户方面超过10年的经验，我们公司有信心为您和您的家人带来最好的旅行。 该公司的顶级服务，越南机场Fasttrack，已经建立了我们作为机场服务先驱的声誉。', '<h2 dir=\"ltr\" style=\"margin-left:0px; margin-right:0px; text-align:justify\"><span style=\"font-size:24px\"><span style=\"font-family:Raleway,sans-serif\"><span style=\"color:#333333\"><span style=\"background-color:#ffffff\"><strong><span style=\"font-size:18px\"><span style=\"font-size:18px\"><span style=\"font-family:Arial,Helvetica,sans-serif\">什么是越南机场的FastTrack服务？</span></span></span></strong></span></span></span></span></h2>\r\n\r\n<p dir=\"ltr\" style=\"text-align:justify\"><span style=\"font-size:14px\"><span style=\"color:#333333\"><span style=\"font-family:Raleway,sans-serif\"><span style=\"background-color:#ffffff\"><span style=\"font-size:14px\"><span style=\"font-size:14px\"><span style=\"font-family:Arial,Helvetica,sans-serif\">在<a href=\"http://vietnamfasttrack.org/\" style=\"box-sizing:border-box; color:#337ab7; text-decoration:none; margin:0px; padding:0px; border:0px; font-size:14px; vertical-align:baseline\"><span style=\"font-size:14px\"><span style=\"color:#2980b9\"><strong>越南机场FastTrack网络服务</strong></span></span></a>旨在帮助缩短客户在机场手续。有了这项服务，客户可以得到他们的签证冲压，贴纸签证，并降落在机场后，立即通过他们的程序。使用此服务的客户将不必在队列中等待，等待轮到自己。这将确保他们能够尽快为他们的土地得到他们的签证。</span></span></span></span></span></span></span></p>\r\n\r\n<p dir=\"ltr\" style=\"text-align:justify\"><span style=\"font-size:14px\"><span style=\"color:#333333\"><span style=\"font-family:Raleway,sans-serif\"><span style=\"background-color:#ffffff\"><span style=\"font-size:14px\"><span style=\"font-size:14px\"><span style=\"font-family:Arial,Helvetica,sans-serif\">此项服务是为了谁不想在机场排队几个小时，或者是在为即将到来的会议，匆匆的人。</span></span></span></span></span></span></span></p>\r\n\r\n<p dir=\"ltr\" style=\"text-align:justify\"><span style=\"font-size:14px\"><span style=\"color:#333333\"><span style=\"font-family:Raleway,sans-serif\"><span style=\"background-color:#ffffff\"><span style=\"font-size:14px\"><span style=\"font-size:14px\"><span style=\"font-family:Arial,Helvetica,sans-serif\">这种类型的Vietnamfasttrack的服务将帮助客户不再需要在越南的国际机场的后顾之忧。有了这个特殊的服务，客户可以离开机场不到15分钟在机场等候，不再有排队等候，因为我们将帮助您和您的行李，当你降落在机场。</span></span></span></span></span></span></span></p>\r\n\r\n<h2 dir=\"ltr\" style=\"margin-left:0px; margin-right:0px; text-align:justify\"><span style=\"font-size:24px\"><span style=\"font-family:Raleway,sans-serif\"><span style=\"color:#333333\"><span style=\"background-color:#ffffff\">&nbsp;</span></span></span></span></h2>\r\n\r\n<h2 dir=\"ltr\" style=\"margin-left:0px; margin-right:0px; text-align:justify\"><span style=\"font-size:24px\"><span style=\"font-family:Raleway,sans-serif\"><span style=\"color:#333333\"><span style=\"background-color:#ffffff\"><span style=\"font-size:18px\"><strong><span style=\"font-size:18px\"><span style=\"font-family:Arial,Helvetica,sans-serif\">在机场3个快车道服务：</span></span></strong></span></span></span></span></span></h2>\r\n\r\n<p dir=\"ltr\" style=\"text-align:justify\"><span style=\"font-size:14px\"><span style=\"color:#333333\"><span style=\"font-family:Raleway,sans-serif\"><span style=\"background-color:#ffffff\"><span style=\"font-size:14px\"><span style=\"font-size:14px\"><span style=\"font-family:Arial,Helvetica,sans-serif\">越南机场贵宾FastTrack网络，当你到达越南机场：我们欢迎您在着陆区与你名字的董事会，然后继续协助您完成所有报名表格到越南，包括获取，而无需排队，让您的行李在冲压海关区域之前分离区，带你离开那里尽快。</span></span></span></span></span></span></span></p>\r\n\r\n<p dir=\"ltr\" style=\"text-align:justify\"><span style=\"font-size:14px\"><span style=\"color:#333333\"><span style=\"font-family:Raleway,sans-serif\"><span style=\"background-color:#ffffff\"><span style=\"font-size:14px\"><span style=\"font-size:14px\"><span style=\"font-family:Arial,Helvetica,sans-serif\">越南贵宾机场的FastTrack出发：我们将迎接您在越南机场办理登机手续的区域，然后我们会协助您通过入口区域，把你在等候区和出发区。</span></span></span></span></span></span></span></p>\r\n\r\n<p dir=\"ltr\" style=\"text-align:justify\"><span style=\"font-size:14px\"><span style=\"color:#333333\"><span style=\"font-family:Raleway,sans-serif\"><span style=\"background-color:#ffffff\"><span style=\"font-size:14px\"><span style=\"font-size:14px\"><span style=\"font-family:Arial,Helvetica,sans-serif\">航班之间的越南机场贵宾FastTrack网络：我们将帮助您与航班和站之间的快速通道服务</span></span></span></span></span></span></span></p>\r\n\r\n<h2 dir=\"ltr\" style=\"margin-left:0px; margin-right:0px; text-align:justify\"><span style=\"font-size:24px\"><span style=\"font-family:Raleway,sans-serif\"><span style=\"color:#333333\"><span style=\"background-color:#ffffff\">&nbsp;</span></span></span></span></h2>\r\n\r\n<h2 dir=\"ltr\" style=\"margin-left:0px; margin-right:0px; text-align:justify\"><span style=\"font-size:24px\"><span style=\"font-family:Raleway,sans-serif\"><span style=\"color:#333333\"><span style=\"background-color:#ffffff\"><strong><span style=\"font-size:18px\"><span style=\"font-size:18px\"><span style=\"font-family:Arial,Helvetica,sans-serif\">越南机场快速通道服务的好处</span></span></span></strong></span></span></span></span></h2>\r\n\r\n<p dir=\"ltr\" style=\"text-align:justify\"><span style=\"font-size:14px\"><span style=\"color:#333333\"><span style=\"font-family:Raleway,sans-serif\"><span style=\"background-color:#ffffff\"><span style=\"font-size:14px\"><span style=\"font-size:14px\"><span style=\"font-family:Arial,Helvetica,sans-serif\">快速通道服务包将满足您的所有需求，以及加快所有手续的办理，为您节省了大量的时间，而不是等待入境手续和海关通关的麻烦。这项服务是提供给任何航空公司的所有旅客。无论你是一个普通访客或商务旅客，如果您有移民手续的任何问题，欢迎您使用我们的越南机场的FastTrack服务</span></span></span></span></span></span></span></p>\r\n\r\n<h2 dir=\"ltr\" style=\"margin-left:0px; margin-right:0px; text-align:justify\"><span style=\"font-size:24px\"><span style=\"font-family:Raleway,sans-serif\"><span style=\"color:#333333\"><span style=\"background-color:#ffffff\">&nbsp;</span></span></span></span></h2>\r\n\r\n<h2 dir=\"ltr\" style=\"margin-left:0px; margin-right:0px; text-align:justify\"><span style=\"font-size:24px\"><span style=\"font-family:Raleway,sans-serif\"><span style=\"color:#333333\"><span style=\"background-color:#ffffff\"><strong><span style=\"font-size:18px\"><span style=\"font-size:18px\"><span style=\"font-family:Arial,Helvetica,sans-serif\">鼓励下面的客户群体使用越南贵宾机场快速通道服务</span></span></span></strong></span></span></span></span></h2>\r\n\r\n<p dir=\"ltr\" style=\"text-align:justify\"><span style=\"font-size:14px\"><span style=\"color:#333333\"><span style=\"font-family:Raleway,sans-serif\"><span style=\"background-color:#ffffff\"><span style=\"font-size:14px\"><span style=\"font-size:14px\"><span style=\"font-family:Arial,Helvetica,sans-serif\">这些谁进入越南首次</span></span></span></span></span></span></span></p>\r\n\r\n<p dir=\"ltr\" style=\"text-align:justify\"><span style=\"font-size:14px\"><span style=\"color:#333333\"><span style=\"font-family:Raleway,sans-serif\"><span style=\"background-color:#ffffff\"><span style=\"font-size:14px\"><span style=\"font-size:14px\"><span style=\"font-family:Arial,Helvetica,sans-serif\">这些谁需要快速获得签证印章</span></span></span></span></span></span></span></p>\r\n\r\n<p dir=\"ltr\" style=\"text-align:justify\"><span style=\"font-size:14px\"><span style=\"color:#333333\"><span style=\"font-family:Raleway,sans-serif\"><span style=\"background-color:#ffffff\"><span style=\"font-size:14px\"><span style=\"font-size:14px\"><span style=\"font-family:Arial,Helvetica,sans-serif\">谁前来越南有小孩的人</span></span></span></span></span></span></span></p>\r\n\r\n<p dir=\"ltr\" style=\"text-align:justify\"><span style=\"font-size:14px\"><span style=\"color:#333333\"><span style=\"font-family:Raleway,sans-serif\"><span style=\"background-color:#ffffff\"><span style=\"font-size:14px\"><span style=\"font-size:14px\"><span style=\"font-family:Arial,Helvetica,sans-serif\">人们在大团体旅行</span></span></span></span></span></span></span></p>\r\n\r\n<p dir=\"ltr\" style=\"text-align:justify\"><span style=\"font-size:14px\"><span style=\"color:#333333\"><span style=\"font-family:Raleway,sans-serif\"><span style=\"background-color:#ffffff\"><span style=\"font-size:14px\"><span style=\"font-size:14px\"><span style=\"font-family:Arial,Helvetica,sans-serif\">孕妇</span></span></span></span></span></span></span></p>\r\n\r\n<p dir=\"ltr\" style=\"text-align:justify\"><span style=\"font-size:14px\"><span style=\"color:#333333\"><span style=\"font-family:Raleway,sans-serif\"><span style=\"background-color:#ffffff\"><span style=\"font-size:14px\"><span style=\"font-size:14px\"><span style=\"font-family:Arial,Helvetica,sans-serif\">残疾人</span></span></span></span></span></span></span></p>\r\n\r\n<p dir=\"ltr\" style=\"text-align:justify\"><span style=\"font-size:14px\"><span style=\"color:#333333\"><span style=\"font-family:Raleway,sans-serif\"><span style=\"background-color:#ffffff\"><span style=\"font-size:14px\"><span style=\"font-size:14px\"><span style=\"font-family:Arial,Helvetica,sans-serif\">公司在越南的大伙伴</span></span></span></span></span></span></span></p>\r\n\r\n<p dir=\"ltr\" style=\"text-align:justify\"><span style=\"font-size:14px\"><span style=\"color:#333333\"><span style=\"font-family:Raleway,sans-serif\"><span style=\"background-color:#ffffff\"><span style=\"font-size:14px\"><span style=\"font-size:14px\"><span style=\"font-family:Arial,Helvetica,sans-serif\">外国人持有的企业越重要岗位</span></span></span></span></span></span></span></p>\r\n\r\n<h2 dir=\"ltr\" style=\"margin-left:0px; margin-right:0px; text-align:justify\"><span style=\"font-size:24px\"><span style=\"font-family:Raleway,sans-serif\"><span style=\"color:#333333\"><span style=\"background-color:#ffffff\">&nbsp;</span></span></span></span></h2>\r\n\r\n<h2 dir=\"ltr\" style=\"margin-left:0px; margin-right:0px; text-align:justify\"><span style=\"font-size:24px\"><span style=\"font-family:Raleway,sans-serif\"><span style=\"color:#333333\"><span style=\"background-color:#ffffff\"><span style=\"font-size:18px\"><strong><span style=\"font-size:18px\"><span style=\"font-family:Arial,Helvetica,sans-serif\">越南机场快速通道服务的流程：</span></span></strong></span></span></span></span></span></h2>\r\n\r\n<p dir=\"ltr\" style=\"text-align:justify\"><span style=\"font-size:14px\"><span style=\"color:#333333\"><span style=\"font-family:Raleway,sans-serif\"><span style=\"background-color:#ffffff\"><span style=\"font-size:14px\"><span style=\"font-size:14px\"><span style=\"font-family:Arial,Helvetica,sans-serif\">该过程不会花费太多时间。上岸后，请到签证区域机场，并与你的名字板联系我们的代表。然后，你必须给我们在机场和印花税成本的重要文件。我们将回报您的护照后，每个任务完成</span></span></span></span></span></span></span></p>\r\n\r\n<p dir=\"ltr\" style=\"text-align:justify\"><span style=\"font-size:14px\"><span style=\"color:#333333\"><span style=\"font-family:Raleway,sans-serif\"><span style=\"background-color:#ffffff\"><strong><span style=\"font-size:14px\"><span style=\"font-size:14px\"><span style=\"font-family:Arial,Helvetica,sans-serif\">详细步骤</span></span></span></strong></span></span></span></span></p>\r\n\r\n<p dir=\"ltr\" style=\"text-align:justify\"><span style=\"font-size:14px\"><span style=\"color:#333333\"><span style=\"font-family:Raleway,sans-serif\"><span style=\"background-color:#ffffff\"><span style=\"font-size:14px\"><span style=\"font-size:14px\"><span style=\"font-family:Arial,Helvetica,sans-serif\">步骤1：</span></span></span></span></span></span></span></p>\r\n\r\n<p dir=\"ltr\" style=\"text-align:justify\"><span style=\"font-size:14px\"><span style=\"color:#333333\"><span style=\"font-family:Raleway,sans-serif\"><span style=\"background-color:#ffffff\"><span style=\"font-size:14px\"><span style=\"font-size:14px\"><span style=\"font-family:Arial,Helvetica,sans-serif\">请通过我们的热线电话与本公司联系，并提供（国际时间+ 7）您的航班号，起飞时间和到达时间的详细信息或通过电子邮件或电话的服务请求发送给我们上述信息。如果您更改航班，请前12小时，您的航班（除周六，日及公众假期）通知我们。</span></span></span></span></span></span></span></p>\r\n\r\n<p dir=\"ltr\" style=\"text-align:justify\"><span style=\"font-size:14px\"><span style=\"color:#333333\"><span style=\"font-family:Raleway,sans-serif\"><span style=\"background-color:#ffffff\"><span style=\"font-size:14px\"><span style=\"font-size:14px\"><span style=\"font-family:Arial,Helvetica,sans-serif\">第2步：如果您的航班在抵达越南，寻找我们的代表，谁将会召开董事会，上面有你的名字..</span></span></span></span></span></span></span></p>\r\n\r\n<p dir=\"ltr\" style=\"text-align:justify\"><span style=\"font-size:14px\"><span style=\"color:#333333\"><span style=\"font-family:Raleway,sans-serif\"><span style=\"background-color:#ffffff\"><span style=\"font-size:14px\"><span style=\"font-size:14px\"><span style=\"font-family:Arial,Helvetica,sans-serif\">第3步：</span></span></span></span></span></span></span></p>\r\n\r\n<p dir=\"ltr\" style=\"text-align:justify\"><span style=\"font-size:14px\"><span style=\"color:#333333\"><span style=\"font-family:Raleway,sans-serif\"><span style=\"background-color:#ffffff\"><span style=\"font-size:14px\"><span style=\"font-size:14px\"><span style=\"font-family:Arial,Helvetica,sans-serif\">给我们的工作人员您的签证批准函，入境申报，护照，照片2张，以及邮票费用（$ 25 /访客的一个入境签证和多次入境签证有效期为3个月50 $）为我们的工作人员来完成入境手续供客人使用。</span></span></span></span></span></span></span></p>\r\n\r\n<p dir=\"ltr\" style=\"text-align:justify\"><span style=\"font-size:14px\"><span style=\"color:#333333\"><span style=\"font-family:Raleway,sans-serif\"><span style=\"background-color:#ffffff\"><span style=\"font-size:14px\"><span style=\"font-size:14px\"><span style=\"font-family:Arial,Helvetica,sans-serif\">步骤4：</span></span></span></span></span></span></span></p>\r\n\r\n<p dir=\"ltr\" style=\"text-align:justify\"><span style=\"font-size:14px\"><span style=\"color:#333333\"><span style=\"font-family:Raleway,sans-serif\"><span style=\"background-color:#ffffff\"><span style=\"font-size:14px\"><span style=\"font-size:14px\"><span style=\"font-family:Arial,Helvetica,sans-serif\">从我们的工作人员加盖签证回到你的护照。</span></span></span></span></span></span></span></p>\r\n\r\n<p dir=\"ltr\" style=\"text-align:justify\"><span style=\"font-size:14px\"><span style=\"color:#333333\"><span style=\"font-family:Raleway,sans-serif\"><span style=\"background-color:#ffffff\"><span style=\"font-size:14px\"><span style=\"font-size:14px\"><span style=\"font-family:Arial,Helvetica,sans-serif\">随着<a href=\"http://vietnamfasttrack.org/vietnam-airport-fasttrack-of-vietnamfasttrack\" style=\"box-sizing:border-box; color:#337ab7; text-decoration:none; margin:0px; padding:0px; border:0px; font-size:14px; vertical-align:baseline\"><span style=\"font-size:14px\"><span style=\"color:#2980b9\"><strong>越南机场快速通道服务</strong></span></span></a>，到finsish出入境手续所需要的时间估计约为15分钟。如果乘客在机场没有任何健康问题或需要办理签证的过程将走正常。</span></span></span></span></span></span></span></p>\r\n\r\n<p dir=\"ltr\" style=\"text-align:justify\"><span style=\"font-size:14px\"><span style=\"color:#333333\"><span style=\"font-family:Raleway,sans-serif\"><span style=\"background-color:#ffffff\"><span style=\"font-size:14px\"><span style=\"font-size:14px\"><span style=\"font-family:Arial,Helvetica,sans-serif\"><strong>越南机场快速服务</strong>是我们公司的主要服务。如果你想避免浪费时间，要优化你有时间，然后让这本书越南机场快速通道服务，当你来到越南。给我们发电子邮件约在越南机场越南机场FastTrack网络服务的更多信息。我们可以安排计划的出发和到达的日期，以确保信息，请至少提前48小时。</span></span></span></span></span></span></span></p>\r\n', '', '', '', '', '', 1, 'vietnam-airport-fasttrack-of-vietnamfasttrack', 'Vietnamfasttrack的越南机场的FastTrack', 'Vietnamfasttrack Company Limited是最负盛名的运输公司之一。 凭借在服务全球客户方面超过10年的经验，我们公司有信心为您和您的家人带来最好的旅行。 该公司的顶级服务，越南机场Fasttrack，已经建立了我们作为机场服务先驱的声誉。', ''),
(127, 64, 'vn', 'Vietnam Visa On Arrival', 'The term Visa On Arrival has become very popular with people who regularly travel abroad. It allows customers to skip the long and complex visa application at their home country and quickly receive their visa after landing at the destination’s aiport.  It’s a convenient service that has proved to be really useful for travelers to save time and simplify their procedures. In Vietnam, Vietnamfasttrack is the most trusted company in providing Vietnam Visa on Arrival service for customers.\r\n', '<p dir=\"ltr\" style=\"text-align:justify\"><span style=\"font-size:14px\"><span style=\"font-family:Arial,Helvetica,sans-serif\">The term Visa On Arrival has become very popular with people who regularly travel abroad. It allows customers to skip the long and complex visa application at their home country and quickly receive their visa after landing at the destination&rsquo;s aiport. &nbsp;It&rsquo;s a convenient service that has proved to be really useful for travelers to save time and simplify their procedures. In Vietnam, Vietnamfasttrack is the most trusted company in providing<strong> <a href=\"http://vietnamfasttrack.org/vietnam-visa-on-arrival\"><span style=\"color:#2980b9\">Vietnam Visa on Arrival</span></a></strong><a href=\"http://vietnamfasttrack.org/vietnam-visa-on-arrival\"><span style=\"color:#2980b9\"> </span></a>service for customers.</span></span></p>\r\n\r\n<h2 dir=\"ltr\" style=\"text-align:justify\">&nbsp;</h2>\r\n\r\n<h2 dir=\"ltr\" style=\"text-align:justify\"><strong><span style=\"font-size:18px\"><span style=\"font-family:Arial,Helvetica,sans-serif\">What is visa on arrival?</span></span></strong></h2>\r\n\r\n<p dir=\"ltr\" style=\"text-align:justify\"><span style=\"font-size:14px\"><span style=\"font-family:Arial,Helvetica,sans-serif\">Visa is a legal proof to certify that someone is allowed to enter or leave the country where the visa is issued. This permission may be in writing, or a page, a stamp affirmed in the passport... Visa has many types such as tourist visa, working visa ... with different terms and functions. Visa on Arrival, or Visa upon arrival, is a form of visa application for tourists. You don&rsquo;t need to apply in advance, instead you will be at the border of the country to complete entry procedures, and will pay a sum equivalent to the durations you will be staying in that country. To apply for a visa on arrival, travelers need to have an approval letter, usually provided by the traveler&rsquo;s travel agency</span></span></p>\r\n\r\n<p dir=\"ltr\" style=\"text-align:justify\"><span style=\"font-size:14px\"><span style=\"font-family:Arial,Helvetica,sans-serif\">Visa applications often take a long time to process and have lots of complex tasks, to the point it can make obtaining a visa difficult. If you are traveling on a regular basis, or if you need to travel overseas quickly for some reason, then <a href=\"http://vietnamfasttrack.org/dich-vu\"><span style=\"color:#2980b9\"><strong>Vietnam visa on arrival</strong></span></a> is the best option. &nbsp;It is also convenient for those who are away from the embassy or unexpectedly without a regular visa. The service will help you get entry visa at the airport without spending much time to apply for a visa before. This visa procedure is very simple, without costing much time and travel expenses. For this reason, Vietnam visa on arrival has become one of Vietnamfasttrack&rsquo;s main services. We provide this service to make travelers&rsquo; trip to Vietnam an easiest and most enjoyable experience.</span></span></p>\r\n\r\n<h2 dir=\"ltr\" style=\"text-align:justify\">&nbsp;</h2>\r\n\r\n<h2 dir=\"ltr\" style=\"text-align:justify\"><strong><span style=\"font-size:18px\"><span style=\"font-family:Arial,Helvetica,sans-serif\">Visa On Arrival application at Vietnamfasttrack Company</span></span></strong></h2>\r\n\r\n<p dir=\"ltr\" style=\"text-align:justify\"><span style=\"font-size:14px\"><span style=\"font-family:Arial,Helvetica,sans-serif\">Vietnam fasttrack will provide the visa approval letter, we are one of the company that was granted permission by the Immigration Department of Vietnam to provide the letter to customers before flying. Customers don&rsquo;t need to spend much time to register before flying; Vietnam fast track will ensure all procedures for visa on arrival. You only need to bring your visa approval letter to the airport to obtain a visa. If you want to check in at the airport faster and obtain your visa as soon as possible, you can book our Vietnam VIP fasttrack service.</span></span></p>\r\n\r\n<h2 dir=\"ltr\" style=\"text-align:justify\">&nbsp;</h2>\r\n\r\n<h2 dir=\"ltr\" style=\"text-align:justify\"><strong><span style=\"font-size:18px\"><span style=\"font-family:Arial,Helvetica,sans-serif\">What is the procedure for doing Visa On Arrival at Vietnamfasttrack?</span></span></strong></h2>\r\n\r\n<p dir=\"ltr\" style=\"text-align:justify\"><span style=\"font-size:14px\"><span style=\"font-family:Arial,Helvetica,sans-serif\">To book the Visa On Arrival at Vietnamfasttrack, customers need to provide:</span></span></p>\r\n\r\n<p dir=\"ltr\" style=\"text-align:justify\"><span style=\"font-size:14px\"><span style=\"font-family:Arial,Helvetica,sans-serif\">- The original copy of the passport is still in use.</span></span></p>\r\n\r\n<p dir=\"ltr\" style=\"text-align:justify\"><span style=\"font-size:14px\"><span style=\"font-family:Arial,Helvetica,sans-serif\">- Return plane ticket.</span></span></p>\r\n\r\n<p dir=\"ltr\" style=\"text-align:justify\"><span style=\"font-size:14px\"><span style=\"font-family:Arial,Helvetica,sans-serif\">- Proof of hotel reservation.</span></span></p>\r\n\r\n<p dir=\"ltr\" style=\"text-align:justify\"><span style=\"font-size:14px\"><span style=\"font-family:Arial,Helvetica,sans-serif\">- Detailed schedule in Vietnam.</span></span></p>\r\n\r\n<p dir=\"ltr\" style=\"text-align:justify\"><span style=\"font-size:14px\"><span style=\"font-family:Arial,Helvetica,sans-serif\">After receiving the required documentation, Vietnamfasttrack will give customers the approval letter to fly to Vietnam. The type of visa normally applied for Visa On Arrival is a single entry visa. If you have multiple entry requirements and stay for longer periods of time, you can apply for multiple entry visas, 3 months entry or 3 months multiple entries. If you have any changes during your stay in Vietnam, you can also apply for a visa extension.</span></span></p>\r\n\r\n<p dir=\"ltr\" style=\"text-align:justify\"><span style=\"font-size:14px\"><span style=\"font-family:Arial,Helvetica,sans-serif\">There is no fixed standard for visa issuance. There are cases that fully meet the requirements of the embassy but still fail; or in many cases, not enough financial records or work can still be parked&hellip;Therefore, customers who want to travel should also prepare some things before applying for Visa:</span></span></p>\r\n\r\n<p dir=\"ltr\" style=\"text-align:justify\"><span style=\"font-size:14px\"><span style=\"font-family:Arial,Helvetica,sans-serif\">- Stable work, pay enough insurance.</span></span></p>\r\n\r\n<p dir=\"ltr\" style=\"text-align:justify\"><span style=\"font-size:14px\"><span style=\"font-family:Arial,Helvetica,sans-serif\">- Have solid financial foundation</span></span></p>\r\n\r\n<p dir=\"ltr\" style=\"text-align:justify\"><span style=\"font-size:14px\"><span style=\"font-family:Arial,Helvetica,sans-serif\">- Passports are available for some &quot;entry&quot; seals of other countries, or passports of some countries with strong passports.</span></span></p>\r\n\r\n<p dir=\"ltr\" style=\"text-align:justify\"><span style=\"font-size:14px\"><span style=\"font-family:Arial,Helvetica,sans-serif\">- Clear travel schedule, invitations if any.</span></span></p>\r\n\r\n<p dir=\"ltr\" style=\"text-align:justify\">&nbsp;</p>\r\n\r\n<h2 dir=\"ltr\" style=\"text-align:justify\"><strong><span style=\"font-size:18px\"><span style=\"font-family:Arial,Helvetica,sans-serif\">Extension of Vietnamese visas at Vietnamfasttrack</span></span></strong></h2>\r\n\r\n<p dir=\"ltr\" style=\"text-align:justify\"><span style=\"font-size:14px\"><span style=\"font-family:Arial,Helvetica,sans-serif\">- Original passport valid for use.</span></span></p>\r\n\r\n<p dir=\"ltr\" style=\"text-align:justify\"><span style=\"font-size:14px\"><span style=\"font-family:Arial,Helvetica,sans-serif\">- Confirm to the local police station of where you stay.</span></span></p>\r\n\r\n<p dir=\"ltr\" style=\"text-align:justify\"><span style=\"font-size:14px\"><span style=\"font-family:Arial,Helvetica,sans-serif\">- Form N5 certified by the guarantee company in Vietnam.</span></span></p>\r\n\r\n<p dir=\"ltr\" style=\"text-align:justify\"><span style=\"font-size:14px\"><span style=\"font-family:Arial,Helvetica,sans-serif\">- Renewal period is 5 working days excluding weekends and holidays.</span></span></p>\r\n\r\n<p dir=\"ltr\" style=\"text-align:justify\"><span style=\"font-size:14px\"><span style=\"font-family:Arial,Helvetica,sans-serif\">Vietnamfasttrack Company are a prestigious visa service supplier with more than 10 years of experience in the field of visa support, tourism services&hellip;With a team of trained and commited professionals, we are ready to assist you 24/24 with the lowest cost and the highest guarantee. You can contact the Vietnamfasttrack company through our hotline or our website at any time to get support for <a href=\"http://vietnamfasttrack.org/vietnam-airport-fasttrack-of-vietnamfasttrack\"><span style=\"color:#2980b9\"><strong>Vietnam visa on arrival</strong></span></a></span></span></p>\r\n\r\n<p style=\"text-align:justify\">&nbsp;</p>\r\n', '', '', '', '', '', 1, 'vietnam-visa-on-arrival', 'Vietnam Visa On Arrival', 'The term Visa On Arrival has become very popular with people who regularly travel abroad. It allows customers to skip the long and complex visa application at their home country and quickly receive their visa after landing at the destination’s aiport.  It’s a convenient service that has proved to be really useful for travelers to save time and simplify their procedures. In Vietnam, Vietnamfasttrack is the most trusted company in providing Vietnam Visa on Arrival service for customers.\r\n', 'Vietnam visa on arrival'),
(128, 64, 'en', '越南落地签证', '“抵达签证”这一术语在经常出国旅行的人中非常受欢迎。 它允许客户在其本国跳过长期复杂的签证申请，并在目的地机场降落后快速获得签证。 这是一项便利的服务，已被证明对旅行者来说非常有用，可以节省时间并简化程序。 在越南，Vietnamfasttrack是最值得信赖的公司，为客户提供越南签证抵达服务。', '<p dir=\"ltr\" style=\"text-align:justify\"><span style=\"font-size:14px\"><span style=\"color:#333333\"><span style=\"font-family:Raleway,sans-serif\"><span style=\"background-color:#ffffff\"><span style=\"font-size:14px\"><span style=\"font-size:14px\"><span style=\"font-family:Arial,Helvetica,sans-serif\">术语落地签证已成为非常受欢迎的人谁经常出国旅行。它允许客户在他们的祖国跳过漫长而复杂的签证申请，并迅速降落在目的地的机场距离酒店后接受他们的签证。这是一个已经被证明是非常有用的，为旅客节省时间并简化其程序一个便捷的服务。在越南，Vietnamfasttrack是最值得信赖的公司提供<strong><a href=\"http://vietnamfasttrack.org/vietnam-visa-on-arrival\" style=\"box-sizing:border-box; color:#337ab7; text-decoration:none; margin:0px; padding:0px; border:0px; font-size:14px; vertical-align:baseline\"><span style=\"font-size:14px\"><span style=\"color:#2980b9\">就在抵达越南签证</span></span></a></strong>服务供客户选择。</span></span></span></span></span></span></span></p>\r\n\r\n<h2 dir=\"ltr\" style=\"margin-left:0px; margin-right:0px; text-align:justify\"><span style=\"font-size:24px\"><span style=\"font-family:Raleway,sans-serif\"><span style=\"color:#333333\"><span style=\"background-color:#ffffff\">&nbsp;</span></span></span></span></h2>\r\n\r\n<h2 dir=\"ltr\" style=\"margin-left:0px; margin-right:0px; text-align:justify\"><span style=\"font-size:24px\"><span style=\"font-family:Raleway,sans-serif\"><span style=\"color:#333333\"><span style=\"background-color:#ffffff\"><strong><span style=\"font-size:18px\"><span style=\"font-size:18px\"><span style=\"font-family:Arial,Helvetica,sans-serif\">什么是落地签证？</span></span></span></strong></span></span></span></span></h2>\r\n\r\n<p dir=\"ltr\" style=\"text-align:justify\"><span style=\"font-size:14px\"><span style=\"color:#333333\"><span style=\"font-family:Raleway,sans-serif\"><span style=\"background-color:#ffffff\"><span style=\"font-size:14px\"><span style=\"font-size:14px\"><span style=\"font-family:Arial,Helvetica,sans-serif\">签证是合法的证据来证明某人被允许进入或离开在签证签发国。此权限可以是书面的，或者页面，在护照肯定邮票...签证的种类很多，如旅游签证，工作签证......不同的方面和功能。落地签证，签证或抵达时，是为游客申请签证的一种形式。你不需要提前申请，而不是你将在国边境完成入境手续，并支付一笔相当于你将住在该国的持续时间。要申请落地签证，游客需要有批准函，通常由旅客的旅行社提供</span></span></span></span></span></span></span></p>\r\n\r\n<p dir=\"ltr\" style=\"text-align:justify\"><span style=\"font-size:14px\"><span style=\"color:#333333\"><span style=\"font-family:Raleway,sans-serif\"><span style=\"background-color:#ffffff\"><span style=\"font-size:14px\"><span style=\"font-size:14px\"><span style=\"font-family:Arial,Helvetica,sans-serif\">签证申请往往需要很长的时间来处理，并有很多复杂的任务，它可以使获得签证困难的地步。如果您定期旅行，或者如果您需要到海外旅行迅速出于某种原因，然后<a href=\"http://vietnamfasttrack.org/dich-vu\" style=\"box-sizing:border-box; color:#337ab7; text-decoration:none; margin:0px; padding:0px; border:0px; font-size:14px; vertical-align:baseline\"><span style=\"font-size:14px\"><span style=\"color:#2980b9\"><strong>在抵达越南签证</strong></span></span></a>是最好的选择。这也方便了那些谁是从使馆走或意外没有定期签证。该服务将帮助你在机场获得入境签证，无需花费太多的时间之前申请签证。此签证手续非常简单，无需花费太多的时间和差旅费。出于这个原因，在抵达越南的签证已经成为Vietnamfasttrack的主要服务之一。我们提供这项服务，使游客前往越南的最简单，最愉快的体验。</span></span></span></span></span></span></span></p>\r\n\r\n<h2 dir=\"ltr\" style=\"margin-left:0px; margin-right:0px; text-align:justify\"><span style=\"font-size:24px\"><span style=\"font-family:Raleway,sans-serif\"><span style=\"color:#333333\"><span style=\"background-color:#ffffff\">&nbsp;</span></span></span></span></h2>\r\n\r\n<h2 dir=\"ltr\" style=\"margin-left:0px; margin-right:0px; text-align:justify\"><span style=\"font-size:24px\"><span style=\"font-family:Raleway,sans-serif\"><span style=\"color:#333333\"><span style=\"background-color:#ffffff\"><strong><span style=\"font-size:18px\"><span style=\"font-size:18px\"><span style=\"font-family:Arial,Helvetica,sans-serif\">在Vietnamfasttrack公司落地签证申请</span></span></span></strong></span></span></span></span></h2>\r\n\r\n<p dir=\"ltr\" style=\"text-align:justify\"><span style=\"font-size:14px\"><span style=\"color:#333333\"><span style=\"font-family:Raleway,sans-serif\"><span style=\"background-color:#ffffff\"><span style=\"font-size:14px\"><span style=\"font-size:14px\"><span style=\"font-family:Arial,Helvetica,sans-serif\">越南FastTrack网络将提供签证批准函，我们是由越南入境事务处获准登机前提供信给客户的公司之一。客户不需要花很多时间飞行前登记;&nbsp;越南快车道将确保在抵达签证的所有程序。您只需要带上你的签证批准信到机场获得签证。如果你想在机场快检查并尽快获得签证，您可以预订我们的越南VIP的FastTrack服务。</span></span></span></span></span></span></span></p>\r\n\r\n<h2 dir=\"ltr\" style=\"margin-left:0px; margin-right:0px; text-align:justify\"><span style=\"font-size:24px\"><span style=\"font-family:Raleway,sans-serif\"><span style=\"color:#333333\"><span style=\"background-color:#ffffff\">&nbsp;</span></span></span></span></h2>\r\n\r\n<h2 dir=\"ltr\" style=\"margin-left:0px; margin-right:0px; text-align:justify\"><span style=\"font-size:24px\"><span style=\"font-family:Raleway,sans-serif\"><span style=\"color:#333333\"><span style=\"background-color:#ffffff\"><strong><span style=\"font-size:18px\"><span style=\"font-size:18px\"><span style=\"font-family:Arial,Helvetica,sans-serif\">什么是在Vietnamfasttrack做落地签证的程序？</span></span></span></strong></span></span></span></span></h2>\r\n\r\n<p dir=\"ltr\" style=\"text-align:justify\"><span style=\"font-size:14px\"><span style=\"color:#333333\"><span style=\"font-family:Raleway,sans-serif\"><span style=\"background-color:#ffffff\"><span style=\"font-size:14px\"><span style=\"font-size:14px\"><span style=\"font-family:Arial,Helvetica,sans-serif\">要预订签证论Vietnamfasttrack到达，客户需要提供：</span></span></span></span></span></span></span></p>\r\n\r\n<p dir=\"ltr\" style=\"text-align:justify\"><span style=\"font-size:14px\"><span style=\"color:#333333\"><span style=\"font-family:Raleway,sans-serif\"><span style=\"background-color:#ffffff\"><span style=\"font-size:14px\"><span style=\"font-size:14px\"><span style=\"font-family:Arial,Helvetica,sans-serif\">- 护照正本仍在使用。</span></span></span></span></span></span></span></p>\r\n\r\n<p dir=\"ltr\" style=\"text-align:justify\"><span style=\"font-size:14px\"><span style=\"color:#333333\"><span style=\"font-family:Raleway,sans-serif\"><span style=\"background-color:#ffffff\"><span style=\"font-size:14px\"><span style=\"font-size:14px\"><span style=\"font-family:Arial,Helvetica,sans-serif\">- 返程机票。</span></span></span></span></span></span></span></p>\r\n\r\n<p dir=\"ltr\" style=\"text-align:justify\"><span style=\"font-size:14px\"><span style=\"color:#333333\"><span style=\"font-family:Raleway,sans-serif\"><span style=\"background-color:#ffffff\"><span style=\"font-size:14px\"><span style=\"font-size:14px\"><span style=\"font-family:Arial,Helvetica,sans-serif\">- 酒店预订证明。</span></span></span></span></span></span></span></p>\r\n\r\n<p dir=\"ltr\" style=\"text-align:justify\"><span style=\"font-size:14px\"><span style=\"color:#333333\"><span style=\"font-family:Raleway,sans-serif\"><span style=\"background-color:#ffffff\"><span style=\"font-size:14px\"><span style=\"font-size:14px\"><span style=\"font-family:Arial,Helvetica,sans-serif\">- 在越南的具体安排。</span></span></span></span></span></span></span></p>\r\n\r\n<p dir=\"ltr\" style=\"text-align:justify\"><span style=\"font-size:14px\"><span style=\"color:#333333\"><span style=\"font-family:Raleway,sans-serif\"><span style=\"background-color:#ffffff\"><span style=\"font-size:14px\"><span style=\"font-size:14px\"><span style=\"font-family:Arial,Helvetica,sans-serif\">接收所需文件后，Vietnamfasttrack会给客户的批准函飞到越南。通常申请落地签证的签证类型是单入境签证。如果您有多个入学要求并停留更长的时间，你就可以申请多次入境签证，3个月入境或3个月多次入境。如果你有你在越南逗留期间的任何变化，你也可以申请签证延期。</span></span></span></span></span></span></span></p>\r\n\r\n<p dir=\"ltr\" style=\"text-align:justify\"><span style=\"font-size:14px\"><span style=\"color:#333333\"><span style=\"font-family:Raleway,sans-serif\"><span style=\"background-color:#ffffff\"><span style=\"font-size:14px\"><span style=\"font-size:14px\"><span style=\"font-family:Arial,Helvetica,sans-serif\">有签证发放没有固定的标准。有迹象表明，完全满足使馆的要求，但仍然失败案例;&nbsp;或者在很多情况下，没有足够的财务记录或工作仍然可以停...因此，谁想要前往也应在申请签证前准备一些东西的客户：</span></span></span></span></span></span></span></p>\r\n\r\n<p dir=\"ltr\" style=\"text-align:justify\"><span style=\"font-size:14px\"><span style=\"color:#333333\"><span style=\"font-family:Raleway,sans-serif\"><span style=\"background-color:#ffffff\"><span style=\"font-size:14px\"><span style=\"font-size:14px\"><span style=\"font-family:Arial,Helvetica,sans-serif\">- 稳定的工作，付出足够的保险。</span></span></span></span></span></span></span></p>\r\n\r\n<p dir=\"ltr\" style=\"text-align:justify\"><span style=\"font-size:14px\"><span style=\"color:#333333\"><span style=\"font-family:Raleway,sans-serif\"><span style=\"background-color:#ffffff\"><span style=\"font-size:14px\"><span style=\"font-size:14px\"><span style=\"font-family:Arial,Helvetica,sans-serif\">- 有坚实的财政基础</span></span></span></span></span></span></span></p>\r\n\r\n<p dir=\"ltr\" style=\"text-align:justify\"><span style=\"font-size:14px\"><span style=\"color:#333333\"><span style=\"font-family:Raleway,sans-serif\"><span style=\"background-color:#ffffff\"><span style=\"font-size:14px\"><span style=\"font-size:14px\"><span style=\"font-family:Arial,Helvetica,sans-serif\">- 护照可供其他国家的一些&ldquo;入门&rdquo;的封条或具有较强的护照一些国家的护照。</span></span></span></span></span></span></span></p>\r\n\r\n<p dir=\"ltr\" style=\"text-align:justify\"><span style=\"font-size:14px\"><span style=\"color:#333333\"><span style=\"font-family:Raleway,sans-serif\"><span style=\"background-color:#ffffff\"><span style=\"font-size:14px\"><span style=\"font-size:14px\"><span style=\"font-family:Arial,Helvetica,sans-serif\">- 明确行程安排，邀请函（如有）。</span></span></span></span></span></span></span></p>\r\n\r\n<p dir=\"ltr\" style=\"text-align:justify\"><span style=\"font-size:14px\"><span style=\"color:#333333\"><span style=\"font-family:Raleway,sans-serif\"><span style=\"background-color:#ffffff\">&nbsp;</span></span></span></span></p>\r\n\r\n<h2 dir=\"ltr\" style=\"margin-left:0px; margin-right:0px; text-align:justify\"><span style=\"font-size:24px\"><span style=\"font-family:Raleway,sans-serif\"><span style=\"color:#333333\"><span style=\"background-color:#ffffff\"><strong><span style=\"font-size:18px\"><span style=\"font-size:18px\"><span style=\"font-family:Arial,Helvetica,sans-serif\">在Vietnamfasttrack越南签证的延期</span></span></span></strong></span></span></span></span></h2>\r\n\r\n<p dir=\"ltr\" style=\"text-align:justify\"><span style=\"font-size:14px\"><span style=\"color:#333333\"><span style=\"font-family:Raleway,sans-serif\"><span style=\"background-color:#ffffff\"><span style=\"font-size:14px\"><span style=\"font-size:14px\"><span style=\"font-family:Arial,Helvetica,sans-serif\">- 护照原件有效使用。</span></span></span></span></span></span></span></p>\r\n\r\n<p dir=\"ltr\" style=\"text-align:justify\"><span style=\"font-size:14px\"><span style=\"color:#333333\"><span style=\"font-family:Raleway,sans-serif\"><span style=\"background-color:#ffffff\"><span style=\"font-size:14px\"><span style=\"font-size:14px\"><span style=\"font-family:Arial,Helvetica,sans-serif\">- 确认给你留在派出所。</span></span></span></span></span></span></span></p>\r\n\r\n<p dir=\"ltr\" style=\"text-align:justify\"><span style=\"font-size:14px\"><span style=\"color:#333333\"><span style=\"font-family:Raleway,sans-serif\"><span style=\"background-color:#ffffff\"><span style=\"font-size:14px\"><span style=\"font-size:14px\"><span style=\"font-family:Arial,Helvetica,sans-serif\">- 表格N5由担保公司在越南的认证。</span></span></span></span></span></span></span></p>\r\n\r\n<p dir=\"ltr\" style=\"text-align:justify\"><span style=\"font-size:14px\"><span style=\"color:#333333\"><span style=\"font-family:Raleway,sans-serif\"><span style=\"background-color:#ffffff\"><span style=\"font-size:14px\"><span style=\"font-size:14px\"><span style=\"font-family:Arial,Helvetica,sans-serif\">- 更新周期为5不包括周末和节假日工作日。</span></span></span></span></span></span></span></p>\r\n\r\n<p dir=\"ltr\" style=\"text-align:justify\"><span style=\"font-size:14px\"><span style=\"color:#333333\"><span style=\"font-family:Raleway,sans-serif\"><span style=\"background-color:#ffffff\"><span style=\"font-size:14px\"><span style=\"font-size:14px\"><span style=\"font-family:Arial,Helvetica,sans-serif\">Vietnamfasttrack公司都拥有超过10年的签证支持领域的经验一个著名的签证服务供应商，旅游服务......带着一队训练和COMMITED的专业人才，我们愿意为您提供帮助24/24用最低的成本和最高的保证。您可以在任何时候通过我们的热线或网站联系Vietnamfasttrack公司获得的支持<a href=\"http://vietnamfasttrack.org/vietnam-airport-fasttrack-of-vietnamfasttrack\" style=\"box-sizing:border-box; color:#337ab7; text-decoration:none; margin:0px; padding:0px; border:0px; font-size:14px; vertical-align:baseline\"><span style=\"font-size:14px\"><span style=\"color:#2980b9\"><strong>在抵达越南签证</strong></span></span></a></span></span></span></span></span></span></span></p>\r\n\r\n<p dir=\"ltr\" style=\"text-align:justify\">&nbsp;</p>\r\n\r\n<p style=\"text-align:justify\">&nbsp;</p>\r\n', '', '', '', '', '', 1, 'vietnam-visa-on-arrival', '越南落地签证', '“抵达签证”这一术语在经常出国旅行的人中非常受欢迎。 它允许客户在其本国跳过长期复杂的签证申请，并在目的地机场降落后快速获得签证。 这是一项便利的服务，已被证明对旅行者来说非常有用，可以节省时间并简化程序。 在越南，Vietnamfasttrack是最值得信赖的公司，为客户提供越南签证抵达服务。', '');
INSERT INTO `news_languages` (`id`, `news_id`, `languages_code`, `lang_news_name`, `lang_news_des`, `lang_news_content`, `lang_news_sub_info1`, `lang_news_sub_info2`, `lang_news_sub_info3`, `lang_news_sub_info4`, `lang_news_sub_info5`, `edit_state`, `friendly_url`, `title_seo`, `des_seo`, `keyword`) VALUES
(129, 65, 'vn', 'Vietnam Airport VIP lounge Service', 'Welcoming guests at the door of the aircraft, guiding guests to VIP lounge while we go through the immigration procedures, customs procedures at the private counters, take luggage in advance and transfer outside in advance,.. The Vietnam VIP lounge service is a new high class service for passengers at Vietnamese international airports provided by Vietnamfasttrack company. Passengers can take the full advantage of this service by booking it in accompany with the Vietnam Vip Airport Fasttrack Service.\r\n', '<p dir=\"ltr\" style=\"text-align:justify\"><span style=\"font-size:14px\"><span style=\"font-family:Arial,Helvetica,sans-serif\">Welcoming guests at the door of the aircraft, guiding guests to VIP lounge while we go through the immigration procedures, customs procedures at the private counters, take luggage in advance and transfer outside in advance,.. <a href=\"http://vietnamfasttrack.org/dich-vu\"><span style=\"color:#2980b9\"><strong>The Vietnam VIP lounge</strong></span></a> service is a new high class service for passengers at Vietnamese international airports provided by Vietnamfasttrack company. Passengers can take the full advantage of this service by booking it in accompany with the Vietnam Vip Airport Fasttrack Service.</span></span></p>\r\n\r\n<h2 dir=\"ltr\" style=\"text-align:justify\">&nbsp;</h2>\r\n\r\n<h2 dir=\"ltr\" style=\"text-align:justify\"><strong><span style=\"font-size:18px\"><span style=\"font-family:Arial,Helvetica,sans-serif\">Introduction about Vietnam VIP lounge Service of Vietnamfasttrack</span></span></strong></h2>\r\n\r\n<p dir=\"ltr\" style=\"text-align:justify\"><span style=\"font-size:14px\"><span style=\"font-family:Arial,Helvetica,sans-serif\">With many years of experience &nbsp;in providing airport services, having served thousands of customers at international airports such as Noi Bai and Tan Son Nhat, Vietnamfasttrack realized that warm welcoming, fast airport procedures is the demand of many visitors, especially the businessmen</span></span></p>\r\n\r\n<p dir=\"ltr\" style=\"text-align:justify\"><span style=\"font-size:14px\"><span style=\"font-family:Arial,Helvetica,sans-serif\">For that reason, Vietnamfasttrack has launched a new service for travelers: Vietnam VIP lounge service. We are proud to be one of the leading providers of <a href=\"http://vietnamfasttrack.org/vietnam-visa-on-arrival\"><span style=\"color:#2980b9\"><strong>Vietnam VIP lounge services</strong></span></a>. With high-class pickup service, our staff will pick you up at the gate of aircraft, the we offer private vip cars to transport yo from the plane to the VIP lounge. During the waiting process, guests will rest at the VIP lounge, while our staff at the border gate will complete the immigration procedures for you</span></span></p>\r\n\r\n<p dir=\"ltr\" style=\"text-align:justify\"><span style=\"font-size:14px\"><span style=\"font-family:Arial,Helvetica,sans-serif\">The biggest difference between a normal passenger and an Vietnamfasttrack VIP guest is the quality of the airport service and the personalized service. <a href=\"http://vietnamfasttrack.org/vietnam-vip-lounge-service\"><span style=\"color:#2980b9\"><strong>Vietnam VIP lounge service</strong></span></a> has proved to be extremely useful during busy periods in the years like the holidays. The number of passengers increases significantly, therefore the waiting time for a passenger is much longer. Normally, passengers must take no less than 30 minutes to queue and complete all customs procedures before leaving the airport. Meanwhile, with Vietnam VIP lounge service, VIP guests will be picked up by staff at the elevator, have their customs clearance and entry completed at the private counters by our assistant, get their luggage ready. And all our VIP guests have to do is to wait and rest in the VIP lounge. The time needed to welcome and complete procedures for VIP service users is only from 10 to 15 minutes.</span></span></p>\r\n\r\n<p dir=\"ltr\" style=\"text-align:justify\"><span style=\"font-size:14px\"><span style=\"font-family:Arial,Helvetica,sans-serif\">Not only bring guests convenience by being welcomed or farewell as a VIP, shorten the time for getting luggage, customs clearance, exit &ndash; entry procedure, Vietnam VIP lounge service provided by Vietnamfasttrack also satisfies customers with our friendly and professtional service, bringing the best trips for all kinds of customers.</span></span></p>\r\n\r\n<p dir=\"ltr\" style=\"text-align:justify\">&nbsp;</p>\r\n\r\n<h2 dir=\"ltr\" style=\"text-align:justify\"><strong><span style=\"font-size:18px\"><span style=\"font-family:Arial,Helvetica,sans-serif\">The process of Vietnam VIP lounge service</span></span></strong></h2>\r\n\r\n<h3 dir=\"ltr\" style=\"text-align:justify\">&nbsp;</h3>\r\n\r\n<h3 dir=\"ltr\" style=\"text-align:justify\"><strong><span style=\"font-size:14px\"><span style=\"font-family:Arial,Helvetica,sans-serif\">1.1. Departure Flight </span></span></strong></h3>\r\n\r\n<p dir=\"ltr\" style=\"text-align:justify\"><span style=\"font-size:14px\"><span style=\"font-family:Arial,Helvetica,sans-serif\">- When customers arrive at the airport, Vietnamfasttrack staffs will welcome guests at the hall of VIP A, VIP B and lead the guests to the VIP lounge and receive luggage and passport of guests.</span></span></p>\r\n\r\n<p dir=\"ltr\" style=\"text-align:justify\"><span style=\"font-size:14px\"><span style=\"font-family:Arial,Helvetica,sans-serif\">- Reception staff at VIP A, VIP B will serve VIP guests with tea, mineral water and fruit.</span></span></p>\r\n\r\n<p dir=\"ltr\" style=\"text-align:justify\"><span style=\"font-size:14px\"><span style=\"font-family:Arial,Helvetica,sans-serif\">- Vietnamfasttrack staffs will complete the procedures such as checking air ticket, luggage, security checks, customs and stamped exit in the passport of the guests.</span></span></p>\r\n\r\n<p dir=\"ltr\" style=\"text-align:justify\"><span style=\"font-size:14px\"><span style=\"font-family:Arial,Helvetica,sans-serif\">- 4-seat cars like Mercedes, Toyota Camry will take VIP passengers to private aircraft.</span></span></p>\r\n\r\n<p dir=\"ltr\" style=\"text-align:justify\"><span style=\"font-size:14px\"><span style=\"font-family:Arial,Helvetica,sans-serif\">- Special vehicles will carry your luggage to the aircraft.</span></span></p>\r\n\r\n<p dir=\"ltr\" style=\"text-align:justify\"><span style=\"font-size:14px\"><span style=\"font-family:Arial,Helvetica,sans-serif\">- Finish the service when the customers have got on the plane</span></span></p>\r\n\r\n<p dir=\"ltr\" style=\"text-align:justify\"><span style=\"font-size:14px\"><span style=\"font-family:Arial,Helvetica,sans-serif\">Customers note:</span></span></p>\r\n\r\n<p dir=\"ltr\" style=\"text-align:justify\"><span style=\"font-size:14px\"><span style=\"font-family:Arial,Helvetica,sans-serif\">- This service allows up to 5 guest representatives to attend VIP A, VIP B and come to the plane at the airport.</span></span></p>\r\n\r\n<h3 dir=\"ltr\" style=\"text-align:justify\">&nbsp;</h3>\r\n\r\n<h3 dir=\"ltr\" style=\"text-align:justify\"><strong><span style=\"font-size:14px\"><span style=\"font-family:Arial,Helvetica,sans-serif\">1.2. Arrival Flight </span></span></strong></h3>\r\n\r\n<p dir=\"ltr\" style=\"text-align:justify\"><span style=\"font-size:14px\"><span style=\"font-family:Arial,Helvetica,sans-serif\">- When the plane landed at the airport, Vietnamfasttrack staffs will pick up guests at the flight deck.</span></span></p>\r\n\r\n<p dir=\"ltr\" style=\"text-align:justify\"><span style=\"font-size:14px\"><span style=\"font-family:Arial,Helvetica,sans-serif\">- 4-seat cars such as Mercedes, Toyota Camry will bring VIP passengers from the aircraft into the VIP lounge.</span></span></p>\r\n\r\n<p dir=\"ltr\" style=\"text-align:justify\"><span style=\"font-size:14px\"><span style=\"font-family:Arial,Helvetica,sans-serif\">- Reception staff at VIP A, VIP B will serve VIP guests with tea, mineral water and fruit.</span></span></p>\r\n\r\n<p dir=\"ltr\" style=\"text-align:justify\"><span style=\"font-size:14px\"><span style=\"font-family:Arial,Helvetica,sans-serif\">- Vietnamfasttrack staffs will do the procedures such as baggage handling, security checks, customs and stamped entry into the passport of guests and handed them over to guests at the VIP lounge.</span></span></p>\r\n\r\n<p dir=\"ltr\" style=\"text-align:justify\"><span style=\"font-size:14px\"><span style=\"font-family:Arial,Helvetica,sans-serif\">- Fare guests and finish the service.</span></span></p>\r\n\r\n<p dir=\"ltr\" style=\"text-align:justify\"><span style=\"font-size:14px\"><span style=\"font-family:Arial,Helvetica,sans-serif\">Customers note:</span></span></p>\r\n\r\n<p dir=\"ltr\" style=\"text-align:justify\"><span style=\"font-size:14px\"><span style=\"font-family:Arial,Helvetica,sans-serif\">- This service allows up to 5 delegates to welcome the delegation at the foot of the plane in the airport and VIP A, VIP B.</span></span></p>\r\n\r\n<h2 dir=\"ltr\" style=\"text-align:justify\">&nbsp;</h2>\r\n\r\n<h2 dir=\"ltr\" style=\"text-align:justify\"><strong><span style=\"font-size:18px\"><span style=\"font-family:Arial,Helvetica,sans-serif\">Our Vietnam VIP lounge service include</span></span></strong></h2>\r\n\r\n<p dir=\"ltr\" style=\"text-align:justify\"><span style=\"font-size:14px\"><span style=\"font-family:Arial,Helvetica,sans-serif\">- A uniformed assistant holding a signboard with your name on at the arrival gate</span></span></p>\r\n\r\n<p dir=\"ltr\" style=\"text-align:justify\"><span style=\"font-size:14px\"><span style=\"font-family:Arial,Helvetica,sans-serif\">- A car transporting you with our staff directly to the VIP lounge.</span></span></p>\r\n\r\n<p dir=\"ltr\" style=\"text-align:justify\"><span style=\"font-size:14px\"><span style=\"font-family:Arial,Helvetica,sans-serif\">- The airport procedures are completed by our staffs while you wait in the VIP lounge</span></span></p>\r\n\r\n<p dir=\"ltr\" style=\"text-align:justify\"><span style=\"font-size:14px\"><span style=\"font-family:Arial,Helvetica,sans-serif\">Vietnamfasttrack is confident that our VIP lounge service can bring you the best experience at a Vietnam airport and satisfy all your needs. To book our service, you can go to our website for online booking or contact our hotline. We accept online payment by international credit card such as Visa Card and Master Card. </span></span></p>\r\n', '', '', '', '', '', 1, 'vietnam-airport-vip-lounge-service', 'Vietnam Airport VIP lounge Service', 'Welcoming guests at the door of the aircraft, guiding guests to VIP lounge while we go through the immigration procedures, customs procedures at the private counters, take luggage in advance and transfer outside in advance,.. The Vietnam VIP lounge service is a new high class service for passengers at Vietnamese international airports provided by Vietnamfasttrack company. Passengers can take the full advantage of this service by booking it in accompany with the Vietnam Vip Airport Fasttrack Service.', 'Vietnam Airport VIP lounge service'),
(130, 65, 'en', '越南机场贵宾休息室服务', '我们在飞机门口欢迎客人，引导客人到贵宾休息室，同时我们办理入境手续，在私人柜台办理海关手续，提前收取行李并提前转机，..越南贵宾休息室服务是一个新的高度 越南国际机场为Vietnamfasttrack公司提供的乘客服务。 乘客可以在越南Vip机场快速列车服务的同时预订，充分利用这项服务。', '<p dir=\"ltr\" style=\"text-align:justify\"><span style=\"font-size:14px\"><span style=\"color:#333333\"><span style=\"font-family:Raleway,sans-serif\"><span style=\"background-color:#ffffff\"><span style=\"font-size:14px\"><span style=\"font-size:14px\"><span style=\"font-family:Arial,Helvetica,sans-serif\">在飞机门口欢迎客人，引导客人到贵宾休息室，而我们经过入境手续，在私人柜台办理海关手续，取行李事先并提前转移之外，..&nbsp;<a href=\"http://vietnamfasttrack.org/dich-vu\" style=\"box-sizing:border-box; color:#337ab7; text-decoration:none; margin:0px; padding:0px; border:0px; font-size:14px; vertical-align:baseline\"><span style=\"font-size:14px\"><span style=\"color:#2980b9\"><strong>越南贵宾休息室</strong></span></span></a>服务的新高一流的服务在由Vietnamfasttrack公司提供的越南国际机场的乘客。乘客可通过预订它与越南的机场贵宾服务的FastTrack陪采取充分利用这项服务。</span></span></span></span></span></span></span></p>\r\n\r\n<h2 dir=\"ltr\" style=\"margin-left:0px; margin-right:0px; text-align:justify\"><span style=\"font-size:24px\"><span style=\"font-family:Raleway,sans-serif\"><span style=\"color:#333333\"><span style=\"background-color:#ffffff\">&nbsp;</span></span></span></span></h2>\r\n\r\n<h2 dir=\"ltr\" style=\"margin-left:0px; margin-right:0px; text-align:justify\"><span style=\"font-size:24px\"><span style=\"font-family:Raleway,sans-serif\"><span style=\"color:#333333\"><span style=\"background-color:#ffffff\"><strong><span style=\"font-size:18px\"><span style=\"font-size:18px\"><span style=\"font-family:Arial,Helvetica,sans-serif\">关于Vietnamfasttrack的越南贵宾休息室服务介绍</span></span></span></strong></span></span></span></span></h2>\r\n\r\n<p dir=\"ltr\" style=\"text-align:justify\"><span style=\"font-size:14px\"><span style=\"color:#333333\"><span style=\"font-family:Raleway,sans-serif\"><span style=\"background-color:#ffffff\"><span style=\"font-size:14px\"><span style=\"font-size:14px\"><span style=\"font-family:Arial,Helvetica,sans-serif\">随着提供机场服务，在国际机场，如内排和新山一曾担任数千名客户的多年经验，Vietnamfasttrack意识到热烈欢迎，机场快程序是许多游客的需求，尤其是商人</span></span></span></span></span></span></span></p>\r\n\r\n<p dir=\"ltr\" style=\"text-align:justify\"><span style=\"font-size:14px\"><span style=\"color:#333333\"><span style=\"font-family:Raleway,sans-serif\"><span style=\"background-color:#ffffff\"><span style=\"font-size:14px\"><span style=\"font-size:14px\"><span style=\"font-family:Arial,Helvetica,sans-serif\">出于这个原因，Vietnamfasttrack已经推出了旅客的新服务：越南贵宾休息室服务。我们很自豪能成为领先的供应商之一，<a href=\"http://vietnamfasttrack.org/vietnam-visa-on-arrival\" style=\"box-sizing:border-box; color:#337ab7; text-decoration:none; margin:0px; padding:0px; border:0px; font-size:14px; vertical-align:baseline\"><span style=\"font-size:14px\"><span style=\"color:#2980b9\"><strong>越南贵宾休息室服务</strong></span></span></a>。随着高档皮卡的服务，我们的工作人员会去接你在飞机的门，我们提供私人贵宾车从飞机上运哟贵宾休息室。在等待过程中，客人休息的贵宾休息室，而我们在关闸的工作人员会为您完成入境手续</span></span></span></span></span></span></span></p>\r\n\r\n<p dir=\"ltr\" style=\"text-align:justify\"><span style=\"font-size:14px\"><span style=\"color:#333333\"><span style=\"font-family:Raleway,sans-serif\"><span style=\"background-color:#ffffff\"><span style=\"font-size:14px\"><span style=\"font-size:14px\"><span style=\"font-family:Arial,Helvetica,sans-serif\">一个正常的乘客和Vietnamfasttrack贵宾之间最大的区别是在机场的服务和个性化服务的质量。<a href=\"http://vietnamfasttrack.org/vietnam-vip-lounge-service\" style=\"box-sizing:border-box; color:#337ab7; text-decoration:none; margin:0px; padding:0px; border:0px; font-size:14px; vertical-align:baseline\"><span style=\"font-size:14px\"><span style=\"color:#2980b9\"><strong>越南贵宾休息室服务</strong></span></span></a>已被证明是在在岁月像假期繁忙时段是非常有用的。乘客人数显著增加，因此对于乘客的等待时间要长得多。通常情况下，乘客必须拿不下30分钟，排队和离开机场前完成所有通关手续。同时，与越南贵宾休息室服务，贵宾将由工作人员在电梯回升，有自己的清关和入境在我们的助理私人柜台完成，拿到自己的行李准备。我们所有的VIP客人需要做的就是等待和休息的贵宾休息室。所需要的时间欢迎和VIP服务用户手续齐全仅仅是从10到15分钟。</span></span></span></span></span></span></span></p>\r\n\r\n<p dir=\"ltr\" style=\"text-align:justify\"><span style=\"font-size:14px\"><span style=\"color:#333333\"><span style=\"font-family:Raleway,sans-serif\"><span style=\"background-color:#ffffff\"><span style=\"font-size:14px\"><span style=\"font-size:14px\"><span style=\"font-family:Arial,Helvetica,sans-serif\">不仅受到欢迎或欢送作为VIP客人带来便利，缩短时间越来越行李，通关，出口 - 入境手续，由Vietnamfasttrack提供越南贵宾休息室服务也满足客户与我们的友好和professtional服务，使最好的旅行为各类客户。</span></span></span></span></span></span></span></p>\r\n\r\n<p dir=\"ltr\" style=\"text-align:justify\"><span style=\"font-size:14px\"><span style=\"color:#333333\"><span style=\"font-family:Raleway,sans-serif\"><span style=\"background-color:#ffffff\">&nbsp;</span></span></span></span></p>\r\n\r\n<h2 dir=\"ltr\" style=\"margin-left:0px; margin-right:0px; text-align:justify\"><span style=\"font-size:24px\"><span style=\"font-family:Raleway,sans-serif\"><span style=\"color:#333333\"><span style=\"background-color:#ffffff\"><strong><span style=\"font-size:18px\"><span style=\"font-size:18px\"><span style=\"font-family:Arial,Helvetica,sans-serif\">越南贵宾休息室服务的过程</span></span></span></strong></span></span></span></span></h2>\r\n\r\n<h3 dir=\"ltr\" style=\"margin-left:0px; margin-right:0px; text-align:justify\"><span style=\"font-size:22px\"><span style=\"font-family:Raleway,sans-serif\"><span style=\"color:#333333\"><span style=\"background-color:#ffffff\">&nbsp;</span></span></span></span></h3>\r\n\r\n<h3 dir=\"ltr\" style=\"margin-left:0px; margin-right:0px; text-align:justify\"><span style=\"font-size:22px\"><span style=\"font-family:Raleway,sans-serif\"><span style=\"color:#333333\"><span style=\"background-color:#ffffff\"><strong><span style=\"font-size:14px\"><span style=\"font-size:14px\"><span style=\"font-family:Arial,Helvetica,sans-serif\">1.1。离境航班</span></span></span></strong></span></span></span></span></h3>\r\n\r\n<p dir=\"ltr\" style=\"text-align:justify\"><span style=\"font-size:14px\"><span style=\"color:#333333\"><span style=\"font-family:Raleway,sans-serif\"><span style=\"background-color:#ffffff\"><span style=\"font-size:14px\"><span style=\"font-size:14px\"><span style=\"font-family:Arial,Helvetica,sans-serif\">- 当客户到达机场，Vietnamfasttrack人员将欢迎客人在VIP A，VIP B的大厅和带领客人到贵宾休息室和接待客人的行李和护照。</span></span></span></span></span></span></span></p>\r\n\r\n<p dir=\"ltr\" style=\"text-align:justify\"><span style=\"font-size:14px\"><span style=\"color:#333333\"><span style=\"font-family:Raleway,sans-serif\"><span style=\"background-color:#ffffff\"><span style=\"font-size:14px\"><span style=\"font-size:14px\"><span style=\"font-family:Arial,Helvetica,sans-serif\">- 在一个VIP接待人员，VIP B就成为VIP客人提供茶水，矿泉水和水果。</span></span></span></span></span></span></span></p>\r\n\r\n<p dir=\"ltr\" style=\"text-align:justify\"><span style=\"font-size:14px\"><span style=\"color:#333333\"><span style=\"font-family:Raleway,sans-serif\"><span style=\"background-color:#ffffff\"><span style=\"font-size:14px\"><span style=\"font-size:14px\"><span style=\"font-family:Arial,Helvetica,sans-serif\">- Vietnamfasttrack人员将完成的程序，如检查机票，行李，安全检查，海关和冲压出口在客人的护照。</span></span></span></span></span></span></span></p>\r\n\r\n<p dir=\"ltr\" style=\"text-align:justify\"><span style=\"font-size:14px\"><span style=\"color:#333333\"><span style=\"font-family:Raleway,sans-serif\"><span style=\"background-color:#ffffff\"><span style=\"font-size:14px\"><span style=\"font-size:14px\"><span style=\"font-family:Arial,Helvetica,sans-serif\">- 4座车如奔驰，丰田凯美瑞将采取VIP乘客的私人飞机。</span></span></span></span></span></span></span></p>\r\n\r\n<p dir=\"ltr\" style=\"text-align:justify\"><span style=\"font-size:14px\"><span style=\"color:#333333\"><span style=\"font-family:Raleway,sans-serif\"><span style=\"background-color:#ffffff\"><span style=\"font-size:14px\"><span style=\"font-size:14px\"><span style=\"font-family:Arial,Helvetica,sans-serif\">- 特种车辆会把你的行李在飞机。</span></span></span></span></span></span></span></p>\r\n\r\n<p dir=\"ltr\" style=\"text-align:justify\"><span style=\"font-size:14px\"><span style=\"color:#333333\"><span style=\"font-family:Raleway,sans-serif\"><span style=\"background-color:#ffffff\"><span style=\"font-size:14px\"><span style=\"font-size:14px\"><span style=\"font-family:Arial,Helvetica,sans-serif\">- 完成了服务时，客户已经登上了飞机</span></span></span></span></span></span></span></p>\r\n\r\n<p dir=\"ltr\" style=\"text-align:justify\"><span style=\"font-size:14px\"><span style=\"color:#333333\"><span style=\"font-family:Raleway,sans-serif\"><span style=\"background-color:#ffffff\"><span style=\"font-size:14px\"><span style=\"font-size:14px\"><span style=\"font-family:Arial,Helvetica,sans-serif\">客户注意：</span></span></span></span></span></span></span></p>\r\n\r\n<p dir=\"ltr\" style=\"text-align:justify\"><span style=\"font-size:14px\"><span style=\"color:#333333\"><span style=\"font-family:Raleway,sans-serif\"><span style=\"background-color:#ffffff\"><span style=\"font-size:14px\"><span style=\"font-size:14px\"><span style=\"font-family:Arial,Helvetica,sans-serif\">- 该服务允许多达5位代表出席VIP A，VIP B和机场来到了飞机。</span></span></span></span></span></span></span></p>\r\n\r\n<h3 dir=\"ltr\" style=\"margin-left:0px; margin-right:0px; text-align:justify\"><span style=\"font-size:22px\"><span style=\"font-family:Raleway,sans-serif\"><span style=\"color:#333333\"><span style=\"background-color:#ffffff\">&nbsp;</span></span></span></span></h3>\r\n\r\n<h3 dir=\"ltr\" style=\"margin-left:0px; margin-right:0px; text-align:justify\"><span style=\"font-size:22px\"><span style=\"font-family:Raleway,sans-serif\"><span style=\"color:#333333\"><span style=\"background-color:#ffffff\"><strong><span style=\"font-size:14px\"><span style=\"font-size:14px\"><span style=\"font-family:Arial,Helvetica,sans-serif\">1.2。到达航班</span></span></span></strong></span></span></span></span></h3>\r\n\r\n<p dir=\"ltr\" style=\"text-align:justify\"><span style=\"font-size:14px\"><span style=\"color:#333333\"><span style=\"font-family:Raleway,sans-serif\"><span style=\"background-color:#ffffff\"><span style=\"font-size:14px\"><span style=\"font-size:14px\"><span style=\"font-family:Arial,Helvetica,sans-serif\">- 当飞机降落在机场，Vietnamfasttrack人员将在飞行甲板拿起客人。</span></span></span></span></span></span></span></p>\r\n\r\n<p dir=\"ltr\" style=\"text-align:justify\"><span style=\"font-size:14px\"><span style=\"color:#333333\"><span style=\"font-family:Raleway,sans-serif\"><span style=\"background-color:#ffffff\"><span style=\"font-size:14px\"><span style=\"font-size:14px\"><span style=\"font-family:Arial,Helvetica,sans-serif\">- 4座车，如奔驰，丰田凯美瑞将带给VIP乘客从飞机进入贵宾休息室。</span></span></span></span></span></span></span></p>\r\n\r\n<p dir=\"ltr\" style=\"text-align:justify\"><span style=\"font-size:14px\"><span style=\"color:#333333\"><span style=\"font-family:Raleway,sans-serif\"><span style=\"background-color:#ffffff\"><span style=\"font-size:14px\"><span style=\"font-size:14px\"><span style=\"font-family:Arial,Helvetica,sans-serif\">- 在一个VIP接待人员，VIP B就成为VIP客人提供茶水，矿泉水和水果。</span></span></span></span></span></span></span></p>\r\n\r\n<p dir=\"ltr\" style=\"text-align:justify\"><span style=\"font-size:14px\"><span style=\"color:#333333\"><span style=\"font-family:Raleway,sans-serif\"><span style=\"background-color:#ffffff\"><span style=\"font-size:14px\"><span style=\"font-size:14px\"><span style=\"font-family:Arial,Helvetica,sans-serif\">- Vietnamfasttrack人员会做处理，安全检查，海关并加盖入境客人的护照的程序，如行李，并把他们交给客人在贵宾休息室。</span></span></span></span></span></span></span></p>\r\n\r\n<p dir=\"ltr\" style=\"text-align:justify\"><span style=\"font-size:14px\"><span style=\"color:#333333\"><span style=\"font-family:Raleway,sans-serif\"><span style=\"background-color:#ffffff\"><span style=\"font-size:14px\"><span style=\"font-size:14px\"><span style=\"font-family:Arial,Helvetica,sans-serif\">- 票价客人并完成服务。</span></span></span></span></span></span></span></p>\r\n\r\n<p dir=\"ltr\" style=\"text-align:justify\"><span style=\"font-size:14px\"><span style=\"color:#333333\"><span style=\"font-family:Raleway,sans-serif\"><span style=\"background-color:#ffffff\"><span style=\"font-size:14px\"><span style=\"font-size:14px\"><span style=\"font-family:Arial,Helvetica,sans-serif\">客户注意：</span></span></span></span></span></span></span></p>\r\n\r\n<p dir=\"ltr\" style=\"text-align:justify\"><span style=\"font-size:14px\"><span style=\"color:#333333\"><span style=\"font-family:Raleway,sans-serif\"><span style=\"background-color:#ffffff\"><span style=\"font-size:14px\"><span style=\"font-size:14px\"><span style=\"font-family:Arial,Helvetica,sans-serif\">- 该服务允许多达5名代表在飞机在机场和VIP A，VIP B.脚欢迎代表团的到来</span></span></span></span></span></span></span></p>\r\n\r\n<h2 dir=\"ltr\" style=\"margin-left:0px; margin-right:0px; text-align:justify\"><span style=\"font-size:24px\"><span style=\"font-family:Raleway,sans-serif\"><span style=\"color:#333333\"><span style=\"background-color:#ffffff\">&nbsp;</span></span></span></span></h2>\r\n\r\n<h2 dir=\"ltr\" style=\"margin-left:0px; margin-right:0px; text-align:justify\"><span style=\"font-size:24px\"><span style=\"font-family:Raleway,sans-serif\"><span style=\"color:#333333\"><span style=\"background-color:#ffffff\"><strong><span style=\"font-size:18px\"><span style=\"font-size:18px\"><span style=\"font-family:Arial,Helvetica,sans-serif\">我们的越南贵宾休息室服务包括</span></span></span></strong></span></span></span></span></h2>\r\n\r\n<p dir=\"ltr\" style=\"text-align:justify\"><span style=\"font-size:14px\"><span style=\"color:#333333\"><span style=\"font-family:Raleway,sans-serif\"><span style=\"background-color:#ffffff\"><span style=\"font-size:14px\"><span style=\"font-size:14px\"><span style=\"font-family:Arial,Helvetica,sans-serif\">- 一个身穿制服的助手拿着有您名字的招牌上，在门到站</span></span></span></span></span></span></span></p>\r\n\r\n<p dir=\"ltr\" style=\"text-align:justify\"><span style=\"font-size:14px\"><span style=\"color:#333333\"><span style=\"font-family:Raleway,sans-serif\"><span style=\"background-color:#ffffff\"><span style=\"font-size:14px\"><span style=\"font-size:14px\"><span style=\"font-family:Arial,Helvetica,sans-serif\">- 一个汽车运输您与我们的工作人员直接到VIP休息室。</span></span></span></span></span></span></span></p>\r\n\r\n<p dir=\"ltr\" style=\"text-align:justify\"><span style=\"font-size:14px\"><span style=\"color:#333333\"><span style=\"font-family:Raleway,sans-serif\"><span style=\"background-color:#ffffff\"><span style=\"font-size:14px\"><span style=\"font-size:14px\"><span style=\"font-family:Arial,Helvetica,sans-serif\">- 机场程序是由我们的工作人员完成，而你在贵宾休息室等候</span></span></span></span></span></span></span></p>\r\n\r\n<p dir=\"ltr\" style=\"text-align:justify\"><span style=\"font-size:14px\"><span style=\"color:#333333\"><span style=\"font-family:Raleway,sans-serif\"><span style=\"background-color:#ffffff\"><span style=\"font-size:14px\"><span style=\"font-size:14px\"><span style=\"font-family:Arial,Helvetica,sans-serif\">Vietnamfasttrack有信心，我们的VIP贵宾室的服务能为您带来最佳的体验在越南机场，满足您的需求。要预订我们的服务，你可以去我们的网站在线预订或联系我们的热线电话。我们接受国际信用卡在线支付，如VISA卡和万事达卡。</span></span></span></span></span></span></span></p>\r\n', '', '', '', '', '', 1, 'vietnam-airport-vip-lounge-service', '越南机场贵宾休息室服务', '我们在飞机门口欢迎客人，引导客人到贵宾休息室，同时我们办理入境手续，在私人柜台办理海关手续，提前收取行李并提前转机，..越南贵宾休息室服务是一个新的高度 越南国际机场为Vietnamfasttrack公司提供的乘客服务。 乘客可以在越南Vip机场快速列车服务的同时预订，充分利用这项服务。', 'Vietnam VIP lounge service'),
(131, 66, 'vn', 'Vietnam Airport Transfer Service From Vietnamfasttrack', 'Almost the airports in Vietnam are far from the city center, and at the same time, the airport transfer service at airports usually do not meet the guest’s requirements because there are usually taxi drivers who pick up the guests lately or charge unsuitable prices. Vietnamfasttrack provides Vietnam airport transfer service with reasonable price, dedicated service for you to use, contributing to a enjoyable and succesful trip for our customers.', '<p dir=\"ltr\" style=\"text-align:justify\"><span style=\"font-size:14px\"><span style=\"font-family:Arial,Helvetica,sans-serif\">Almost the airports in Vietnam are far from the city center, and at the same time, the airport transfer service at airports usually do not meet the guest&rsquo;s requirements because there are usually taxi drivers who pick up the guests lately or charge unsuitable prices. Vietnamfasttrack provides <a href=\"http://vietnamfasttrack.org/vietnam-airport-transfer-service-from-vietnamfasttrack\"><span style=\"color:#2980b9\"><strong>Vietnam airport transfer service</strong></span></a> with reasonable price, dedicated service for you to use, contributing to a enjoyable and succesful trip for our customers.</span></span></p>\r\n\r\n<h2 dir=\"ltr\" style=\"text-align:justify\">&nbsp;</h2>\r\n\r\n<h2 dir=\"ltr\" style=\"text-align:justify\"><strong><span style=\"font-size:18px\"><span style=\"font-family:Arial,Helvetica,sans-serif\">Overview of Vietnam airport transfer service by Vietnamfasttrack</span></span></strong></h2>\r\n\r\n<p dir=\"ltr\" style=\"text-align:justify\"><span style=\"font-size:14px\"><span style=\"font-family:Arial,Helvetica,sans-serif\"><a href=\"http://vietnamfasttrack.org/dich-vu\"><span style=\"color:#2980b9\"><strong>Vietnam airport transfer service</strong></span></a> is for both business and leisure travelers who want to arrange a trip to or from the airport in advance. It differs from normal taxi service by having high quality cars with highly skilled professional drivers who are fluent in English and possess wide knowledge of culture. Our service include:</span></span></p>\r\n\r\n<p dir=\"ltr\" style=\"text-align:justify\"><span style=\"font-size:14px\"><span style=\"font-family:Arial,Helvetica,sans-serif\">- Transportation from the airport to the city center and vice versa.</span></span></p>\r\n\r\n<p dir=\"ltr\" style=\"text-align:justify\"><span style=\"font-size:14px\"><span style=\"font-family:Arial,Helvetica,sans-serif\">- Transportation from the airport to the provinces and vice versa.</span></span></p>\r\n\r\n<p dir=\"ltr\" style=\"text-align:justify\"><span style=\"font-size:14px\"><span style=\"font-family:Arial,Helvetica,sans-serif\">- Transportation by tour</span></span></p>\r\n\r\n<p dir=\"ltr\" style=\"text-align:justify\"><span style=\"font-size:14px\"><span style=\"font-family:Arial,Helvetica,sans-serif\">- Two-way Transportation between airport and hotel</span></span></p>\r\n\r\n<p dir=\"ltr\" style=\"text-align:justify\"><span style=\"font-size:14px\"><span style=\"font-family:Arial,Helvetica,sans-serif\"><a href=\"http://vietnamfasttrack.org/vietnam-vip-lounge-service\"><span style=\"color:#2980b9\"><strong>Vietnam airport transfer service</strong></span></a> operates in less than 24 hours of every trip, is contracted according to the transportation way, and is charged in km, running time, standby time (reservation can be made before or immediately)</span></span></p>\r\n\r\n<p dir=\"ltr\" style=\"text-align:justify\"><span style=\"font-size:14px\"><span style=\"font-family:Arial,Helvetica,sans-serif\">Currently Vietnam airport transfer service of Vietnamfasttrack is popular with some of the following vehicles:</span></span></p>\r\n\r\n<p style=\"text-align:justify\"><span style=\"font-size:14px\"><span style=\"font-family:Arial,Helvetica,sans-serif\">&bull; Vietnam airport transfer service from 4 seats to 7 seats.</span></span></p>\r\n\r\n<p style=\"text-align:justify\"><span style=\"font-size:14px\"><span style=\"font-family:Arial,Helvetica,sans-serif\">&bull; Vietnam airport transfer service 16 seats to 45 seats.</span></span></p>\r\n\r\n<h2 dir=\"ltr\" style=\"text-align:justify\">&nbsp;</h2>\r\n\r\n<h2 dir=\"ltr\" style=\"text-align:justify\"><strong><span style=\"font-size:18px\"><span style=\"font-family:Arial,Helvetica,sans-serif\">Why should you book Vietnam airport transfer service from Vietnamfasttrack?</span></span></strong></h2>\r\n\r\n<p dir=\"ltr\" style=\"text-align:justify\"><span style=\"font-size:14px\"><span style=\"font-family:Arial,Helvetica,sans-serif\">- Absolute safety: For each reservation request, customers will be provided with information about the license plate number, driver&#39;s name + phone number of the driver. In addition, the customer is also updated with the contact details of the service provider. Thus, in case of forgetting the property, or not being happy about the service attitude of the driver, not satisfied with the quality of the car, the customer can absolutely contact the Executive Department to be supported in fastest time.</span></span></p>\r\n\r\n<p dir=\"ltr\" style=\"text-align:justify\"><span style=\"font-size:14px\"><span style=\"font-family:Arial,Helvetica,sans-serif\">- Fixed payment amount: When confirming the reservation request, customers will be notified about the fee to be paid. In addition to the amount announced, customers will not have to pay any additional costs.</span></span></p>\r\n\r\n<p dir=\"ltr\" style=\"text-align:justify\"><span style=\"font-size:14px\"><span style=\"font-family:Arial,Helvetica,sans-serif\">- Convenience: Limitation of waiting time for passengers. Vehicles and drivers will be available at the airport (or hotel) to pick you up at the agreed time. For airport transfers, if the flight is late or if the passenger needs time to complete the customs formalities, the vehicle and driver will continue to wait and pick up passengers within a two-hour period. In this case, you can actively contact the driver to report the situation and ask the car to wait at the airport.</span></span></p>\r\n\r\n<p dir=\"ltr\" style=\"text-align:justify\">&nbsp;</p>\r\n\r\n<h2 dir=\"ltr\" style=\"text-align:justify\"><strong><span style=\"font-size:18px\"><span style=\"font-family:Arial,Helvetica,sans-serif\">Benefit when customers use Vietnam airport transfer service of Vietnamfasttrack</span></span></strong></h2>\r\n\r\n<p dir=\"ltr\" style=\"text-align:justify\"><span style=\"font-size:14px\"><span style=\"font-family:Arial,Helvetica,sans-serif\">- Pick up and meet the guests on time, at the location chosen by and most suitable for guests.</span></span></p>\r\n\r\n<p dir=\"ltr\" style=\"text-align:justify\"><span style=\"font-size:14px\"><span style=\"font-family:Arial,Helvetica,sans-serif\">- You can choose from a wide variety of luxury cars ranging from medium to high-class on demand. Vietnamfasttrack owns more than 200 luxury cars, ranging from 4 to 45 seats with comfortable interior, modern like Mitsubishi Attrage, Ford Transit, Mercedes E-class, Mercedes S-class, Toyota Camry ... We have the vehicles to satify the demand for transportation and travel of various classes of passengers.</span></span></p>\r\n\r\n<p dir=\"ltr\" style=\"text-align:justify\"><span style=\"font-size:14px\"><span style=\"font-family:Arial,Helvetica,sans-serif\">- Vietnamfasttrack understands that for any flight, time is the most important and should be top priority. The staff of Vietnamfasttrack will advise you the most suitable time to start the transportation, and our professional process ensure customers can optimize their time spent on the vehicles</span></span></p>\r\n\r\n<p dir=\"ltr\" style=\"text-align:justify\"><span style=\"font-size:14px\"><span style=\"font-family:Arial,Helvetica,sans-serif\">- At each airport, Vietnamfasttrack has its own service desk to assist customers. Staff will pick you up and guide you to the necessary procedures.</span></span></p>\r\n\r\n<p dir=\"ltr\" style=\"text-align:justify\"><span style=\"font-size:14px\"><span style=\"font-family:Arial,Helvetica,sans-serif\">- Coordinate the receipt and transportation of luggage in fastest time</span></span></p>\r\n\r\n<p dir=\"ltr\" style=\"text-align:justify\"><span style=\"font-size:14px\"><span style=\"font-family:Arial,Helvetica,sans-serif\">- Professional customers service with 24/7 hotline support, and friendly and enthusiast staffs</span></span></p>\r\n\r\n<p dir=\"ltr\" style=\"text-align:justify\"><span style=\"font-size:14px\"><span style=\"font-family:Arial,Helvetica,sans-serif\">- Drivers are recruited and trained professionally. In particular, they are able to communicate well in English, with enough international driver safety certificates.</span></span></p>\r\n\r\n<p dir=\"ltr\" style=\"text-align:justify\"><span style=\"font-size:14px\"><span style=\"font-family:Arial,Helvetica,sans-serif\">- Easy booking: Just go to our website, fill in the name, phone number, email, date and time, place of pick up and press to book the car. The staff of Vietnamfasttrack will quickly contact and advise the schedule as well as the best price list with each type of car for you to choose.</span></span></p>\r\n\r\n<p dir=\"ltr\" style=\"text-align:justify\"><span style=\"font-size:14px\"><span style=\"font-family:Arial,Helvetica,sans-serif\">This is one of the main services of Vietnamfasttrack. Vietnamfasttrack is constantly striving, aiming to bring passengers maximum convenience. Only by booking a service by telephone or online, when the passengers land on the Airport, they will be greeted by Vietnamfasttrack staffs. In addition, passengers will be served with cold towels, mineral water and take luggage to the waiting car.</span></span></p>\r\n\r\n<p dir=\"ltr\" style=\"text-align:justify\"><span style=\"font-size:14px\"><span style=\"font-family:Arial,Helvetica,sans-serif\">With the motto of putting the benefits of customers as our top priority, when using any service of Vietnamfasttrack, customers will be completely assured by the prestige and quality of our company. Vietnamfasttrack is confident in bringing you the best experience at Vietnam airport.</span></span></p>\r\n', '', '', '', '', '', 1, 'vietnam-airport-transfer-service-from-vietnamfasttrack', 'Vietnam Airport Transfer Service From Vietnamfasttrack', 'Almost the airports in Vietnam are far from the city center, and at the same time, the airport transfer service at airports usually do not meet the guest’s requirements because there are usually taxi drivers who pick up the guests lately or charge unsuitable prices. Vietnamfasttrack provides Vietnam airport transfer service with reasonable price, dedicated service for you to use, contributing to a enjoyable and succesful trip for our customers.', 'Vietnam airport transfer service');
INSERT INTO `news_languages` (`id`, `news_id`, `languages_code`, `lang_news_name`, `lang_news_des`, `lang_news_content`, `lang_news_sub_info1`, `lang_news_sub_info2`, `lang_news_sub_info3`, `lang_news_sub_info4`, `lang_news_sub_info5`, `edit_state`, `friendly_url`, `title_seo`, `des_seo`, `keyword`) VALUES
(132, 66, 'en', '越南机场接送服务Vietnamfasttrack', '越南的机场几乎都远离市中心，与此同时，机场的机场接送服务通常不符合客人的要求，因为通常有出租车司机最近接客人或收取不合适的价格。 Vietnamfasttrack提供越南机场接送服务，价格合理，为您提供专门的服务，为客户提供愉快和成功的旅行。', '<p dir=\"ltr\" style=\"text-align:justify\"><span style=\"font-size:14px\"><span style=\"color:#333333\"><span style=\"font-family:Raleway,sans-serif\"><span style=\"background-color:#ffffff\"><span style=\"font-size:14px\"><span style=\"font-size:14px\"><span style=\"font-family:Arial,Helvetica,sans-serif\">几乎在越南机场远离市中心，并在同一时间，在机场的机场接送服务，通常不会因为通常出租车司机谁最近拿起客人或收取不合适的价格满足客户的需求。Vietnamfasttrack提供了<a href=\"http://vietnamfasttrack.org/vietnam-airport-transfer-service-from-vietnamfasttrack\" style=\"box-sizing:border-box; color:#337ab7; text-decoration:none; margin:0px; padding:0px; border:0px; font-size:14px; vertical-align:baseline\"><span style=\"font-size:14px\"><span style=\"color:#2980b9\"><strong>越南的机场接送服务</strong></span></span></a>，合理的价格，热诚的服务为您的使用，有助于为我们的客户愉快和成功的旅程。</span></span></span></span></span></span></span></p>\r\n\r\n<h2 dir=\"ltr\" style=\"margin-left:0px; margin-right:0px; text-align:justify\"><span style=\"font-size:24px\"><span style=\"font-family:Raleway,sans-serif\"><span style=\"color:#333333\"><span style=\"background-color:#ffffff\">&nbsp;</span></span></span></span></h2>\r\n\r\n<h2 dir=\"ltr\" style=\"margin-left:0px; margin-right:0px; text-align:justify\"><span style=\"font-size:24px\"><span style=\"font-family:Raleway,sans-serif\"><span style=\"color:#333333\"><span style=\"background-color:#ffffff\"><strong><span style=\"font-size:18px\"><span style=\"font-size:18px\"><span style=\"font-family:Arial,Helvetica,sans-serif\">通过Vietnamfasttrack越南机场接送服务的概述</span></span></span></strong></span></span></span></span></h2>\r\n\r\n<p dir=\"ltr\" style=\"text-align:justify\"><span style=\"font-size:14px\"><span style=\"color:#333333\"><span style=\"font-family:Raleway,sans-serif\"><span style=\"background-color:#ffffff\"><span style=\"font-size:14px\"><span style=\"font-size:14px\"><span style=\"font-family:Arial,Helvetica,sans-serif\"><a href=\"http://vietnamfasttrack.org/dich-vu\" style=\"box-sizing:border-box; color:#337ab7; text-decoration:none; margin:0px; padding:0px; border:0px; font-size:14px; vertical-align:baseline\"><span style=\"font-size:14px\"><span style=\"color:#2980b9\"><strong>越南机场接送服务</strong></span></span></a>是谁想要一个行程安排或从机场事先商务和休闲旅客。它通过具有高技能的专业司机谁一口流利的英语，并具有文化广为传播高品质的汽车从正常的出租车服务不同。我们的服务包括：</span></span></span></span></span></span></span></p>\r\n\r\n<p dir=\"ltr\" style=\"text-align:justify\"><span style=\"font-size:14px\"><span style=\"color:#333333\"><span style=\"font-family:Raleway,sans-serif\"><span style=\"background-color:#ffffff\"><span style=\"font-size:14px\"><span style=\"font-size:14px\"><span style=\"font-family:Arial,Helvetica,sans-serif\">- 从机场到市中心，反之亦然运输。</span></span></span></span></span></span></span></p>\r\n\r\n<p dir=\"ltr\" style=\"text-align:justify\"><span style=\"font-size:14px\"><span style=\"color:#333333\"><span style=\"font-family:Raleway,sans-serif\"><span style=\"background-color:#ffffff\"><span style=\"font-size:14px\"><span style=\"font-size:14px\"><span style=\"font-family:Arial,Helvetica,sans-serif\">- 交通从机场到各省，反之亦然。</span></span></span></span></span></span></span></p>\r\n\r\n<p dir=\"ltr\" style=\"text-align:justify\"><span style=\"font-size:14px\"><span style=\"color:#333333\"><span style=\"font-family:Raleway,sans-serif\"><span style=\"background-color:#ffffff\"><span style=\"font-size:14px\"><span style=\"font-size:14px\"><span style=\"font-family:Arial,Helvetica,sans-serif\">- 交通运输由游</span></span></span></span></span></span></span></p>\r\n\r\n<p dir=\"ltr\" style=\"text-align:justify\"><span style=\"font-size:14px\"><span style=\"color:#333333\"><span style=\"font-family:Raleway,sans-serif\"><span style=\"background-color:#ffffff\"><span style=\"font-size:14px\"><span style=\"font-size:14px\"><span style=\"font-family:Arial,Helvetica,sans-serif\">- 机场和酒店之间的双向交通</span></span></span></span></span></span></span></p>\r\n\r\n<p dir=\"ltr\" style=\"text-align:justify\"><span style=\"font-size:14px\"><span style=\"color:#333333\"><span style=\"font-family:Raleway,sans-serif\"><span style=\"background-color:#ffffff\"><span style=\"font-size:14px\"><span style=\"font-size:14px\"><span style=\"font-family:Arial,Helvetica,sans-serif\"><a href=\"http://vietnamfasttrack.org/vietnam-vip-lounge-service\" style=\"box-sizing:border-box; color:#337ab7; text-decoration:none; margin:0px; padding:0px; border:0px; font-size:14px; vertical-align:baseline\"><span style=\"font-size:14px\"><span style=\"color:#2980b9\"><strong>越南机场接送服务，</strong></span></span></a>在不到24小时内每行的运作，根据运输方式签约，并负责在千米，运行时间，待机时间（预约可前或立即进行）</span></span></span></span></span></span></span></p>\r\n\r\n<p dir=\"ltr\" style=\"text-align:justify\"><span style=\"font-size:14px\"><span style=\"color:#333333\"><span style=\"font-family:Raleway,sans-serif\"><span style=\"background-color:#ffffff\"><span style=\"font-size:14px\"><span style=\"font-size:14px\"><span style=\"font-family:Arial,Helvetica,sans-serif\">目前Vietnamfasttrack的越南机场接送服务深受一些以下车辆：</span></span></span></span></span></span></span></p>\r\n\r\n<p style=\"text-align:justify\"><span style=\"font-size:14px\"><span style=\"color:#333333\"><span style=\"font-family:Raleway,sans-serif\"><span style=\"background-color:#ffffff\"><span style=\"font-size:14px\"><span style=\"font-size:14px\"><span style=\"font-family:Arial,Helvetica,sans-serif\">从4席至7个席位&bull;越南机场接送服务。</span></span></span></span></span></span></span></p>\r\n\r\n<p style=\"text-align:justify\"><span style=\"font-size:14px\"><span style=\"color:#333333\"><span style=\"font-family:Raleway,sans-serif\"><span style=\"background-color:#ffffff\"><span style=\"font-size:14px\"><span style=\"font-size:14px\"><span style=\"font-family:Arial,Helvetica,sans-serif\">&bull;越南机场接送服务，16席至45席。</span></span></span></span></span></span></span></p>\r\n\r\n<h2 dir=\"ltr\" style=\"margin-left:0px; margin-right:0px; text-align:justify\"><span style=\"font-size:24px\"><span style=\"font-family:Raleway,sans-serif\"><span style=\"color:#333333\"><span style=\"background-color:#ffffff\">&nbsp;</span></span></span></span></h2>\r\n\r\n<h2 dir=\"ltr\" style=\"margin-left:0px; margin-right:0px; text-align:justify\"><span style=\"font-size:24px\"><span style=\"font-family:Raleway,sans-serif\"><span style=\"color:#333333\"><span style=\"background-color:#ffffff\"><strong><span style=\"font-size:18px\"><span style=\"font-size:18px\"><span style=\"font-family:Arial,Helvetica,sans-serif\">为什么要预订从Vietnamfasttrack越南机场接送服务？</span></span></span></strong></span></span></span></span></h2>\r\n\r\n<p dir=\"ltr\" style=\"text-align:justify\"><span style=\"font-size:14px\"><span style=\"color:#333333\"><span style=\"font-family:Raleway,sans-serif\"><span style=\"background-color:#ffffff\"><span style=\"font-size:14px\"><span style=\"font-size:14px\"><span style=\"font-family:Arial,Helvetica,sans-serif\">- 绝对的安全性：对于每一个预约请求，客户将提供关于车牌号，司机的司机的姓名+电话号码信息。此外，客户也更新与服务提供商的联系方式。因此，在遗忘的财产，或不幸福对司机的服务态度的情况下，不满意车的质量，客户完全可以联系行政部门在最快的时间内得到支持。</span></span></span></span></span></span></span></p>\r\n\r\n<p dir=\"ltr\" style=\"text-align:justify\"><span style=\"font-size:14px\"><span style=\"color:#333333\"><span style=\"font-family:Raleway,sans-serif\"><span style=\"background-color:#ffffff\"><span style=\"font-size:14px\"><span style=\"font-size:14px\"><span style=\"font-family:Arial,Helvetica,sans-serif\">- 固定支付金额：当确认预订请求，客户将被通知将要支付的费用。除了公布的金额，客户将不必支付任何额外费用。</span></span></span></span></span></span></span></p>\r\n\r\n<p dir=\"ltr\" style=\"text-align:justify\"><span style=\"font-size:14px\"><span style=\"color:#333333\"><span style=\"font-family:Raleway,sans-serif\"><span style=\"background-color:#ffffff\"><span style=\"font-size:14px\"><span style=\"font-size:14px\"><span style=\"font-family:Arial,Helvetica,sans-serif\">- 便利：等待时间，乘客限制。车辆和司机将可在（酒店或）到机场接你约定的时间。机场接送，如果飞机晚到，或者如果乘客需要时间来完成海关手续，车辆和驾驶员将继续等待，并在两小时内接客。在这种情况下，你可以积极联系司机反映情况，要求汽车在机场等候。</span></span></span></span></span></span></span></p>\r\n\r\n<p dir=\"ltr\" style=\"text-align:justify\"><span style=\"font-size:14px\"><span style=\"color:#333333\"><span style=\"font-family:Raleway,sans-serif\"><span style=\"background-color:#ffffff\">&nbsp;</span></span></span></span></p>\r\n\r\n<h2 dir=\"ltr\" style=\"margin-left:0px; margin-right:0px; text-align:justify\"><span style=\"font-size:24px\"><span style=\"font-family:Raleway,sans-serif\"><span style=\"color:#333333\"><span style=\"background-color:#ffffff\"><strong><span style=\"font-size:18px\"><span style=\"font-size:18px\"><span style=\"font-family:Arial,Helvetica,sans-serif\">好处，当客户使用Vietnamfasttrack的越南机场接送服务</span></span></span></strong></span></span></span></span></h2>\r\n\r\n<p dir=\"ltr\" style=\"text-align:justify\"><span style=\"font-size:14px\"><span style=\"color:#333333\"><span style=\"font-family:Raleway,sans-serif\"><span style=\"background-color:#ffffff\"><span style=\"font-size:14px\"><span style=\"font-size:14px\"><span style=\"font-family:Arial,Helvetica,sans-serif\">- 拿起并满足客人的时间，通过选择最适合客人的位置。</span></span></span></span></span></span></span></p>\r\n\r\n<p dir=\"ltr\" style=\"text-align:justify\"><span style=\"font-size:14px\"><span style=\"color:#333333\"><span style=\"font-family:Raleway,sans-serif\"><span style=\"background-color:#ffffff\"><span style=\"font-size:14px\"><span style=\"font-size:14px\"><span style=\"font-family:Arial,Helvetica,sans-serif\">- 可以从各种各样的豪华车，从媒体到按需高档的选择。Vietnamfasttrack拥有超过200辆豪华轿车，从4到45个座位有舒适的内饰，现代像三菱Attrage，福特全顺，奔驰E级，奔驰S级，丰田凯美瑞......我们有车satify的需求交通和各类乘客的出行。</span></span></span></span></span></span></span></p>\r\n\r\n<p dir=\"ltr\" style=\"text-align:justify\"><span style=\"font-size:14px\"><span style=\"color:#333333\"><span style=\"font-family:Raleway,sans-serif\"><span style=\"background-color:#ffffff\"><span style=\"font-size:14px\"><span style=\"font-size:14px\"><span style=\"font-family:Arial,Helvetica,sans-serif\">- Vietnamfasttrack理解，对于任何飞行，时间是最重要的，应该是当务之急。Vietnamfasttrack的工作人员会告诉你最适合的时间来启动运输，我们的专业工艺保证客户能够优化他们的时间花在车辆</span></span></span></span></span></span></span></p>\r\n\r\n<p dir=\"ltr\" style=\"text-align:justify\"><span style=\"font-size:14px\"><span style=\"color:#333333\"><span style=\"font-family:Raleway,sans-serif\"><span style=\"background-color:#ffffff\"><span style=\"font-size:14px\"><span style=\"font-size:14px\"><span style=\"font-family:Arial,Helvetica,sans-serif\">- 在每个机场，Vietnamfasttrack有自己的服务台，以协助客户。工作人员将接你，引导你到必要的程序。</span></span></span></span></span></span></span></p>\r\n\r\n<p dir=\"ltr\" style=\"text-align:justify\"><span style=\"font-size:14px\"><span style=\"color:#333333\"><span style=\"font-family:Raleway,sans-serif\"><span style=\"background-color:#ffffff\"><span style=\"font-size:14px\"><span style=\"font-size:14px\"><span style=\"font-family:Arial,Helvetica,sans-serif\">- 协调在最快的时间内收到和行李运输</span></span></span></span></span></span></span></p>\r\n\r\n<p dir=\"ltr\" style=\"text-align:justify\"><span style=\"font-size:14px\"><span style=\"color:#333333\"><span style=\"font-family:Raleway,sans-serif\"><span style=\"background-color:#ffffff\"><span style=\"font-size:14px\"><span style=\"font-size:14px\"><span style=\"font-family:Arial,Helvetica,sans-serif\">- 专业为客户提供24/7热线支持，友好和热心服务人员</span></span></span></span></span></span></span></p>\r\n\r\n<p dir=\"ltr\" style=\"text-align:justify\"><span style=\"font-size:14px\"><span style=\"color:#333333\"><span style=\"font-family:Raleway,sans-serif\"><span style=\"background-color:#ffffff\"><span style=\"font-size:14px\"><span style=\"font-size:14px\"><span style=\"font-family:Arial,Helvetica,sans-serif\">- 司机被招募和受过专业训练的。特别是，他们能够用英语进行良好的沟通，有足够的国际驾驶安全证书。</span></span></span></span></span></span></span></p>\r\n\r\n<p dir=\"ltr\" style=\"text-align:justify\"><span style=\"font-size:14px\"><span style=\"color:#333333\"><span style=\"font-family:Raleway,sans-serif\"><span style=\"background-color:#ffffff\"><span style=\"font-size:14px\"><span style=\"font-size:14px\"><span style=\"font-family:Arial,Helvetica,sans-serif\">- 轻松预订：只要进入我们的网站，填写姓名，电话号码，电子邮件地址，日期和时间，地点拿起并按预订了车。Vietnamfasttrack的工作人员会迅速联系并告知调度以及最优惠的价格列表，每个类型的车供您选择。</span></span></span></span></span></span></span></p>\r\n\r\n<p dir=\"ltr\" style=\"text-align:justify\"><span style=\"font-size:14px\"><span style=\"color:#333333\"><span style=\"font-family:Raleway,sans-serif\"><span style=\"background-color:#ffffff\"><span style=\"font-size:14px\"><span style=\"font-size:14px\"><span style=\"font-family:Arial,Helvetica,sans-serif\">这是Vietnamfasttrack的主要服务之一。Vietnamfasttrack不断努力，旨在为乘客带来最大的便利。只有通过预约电话或在线服务，当乘客在机场的土地，他们将Vietnamfasttrack人员的欢迎。此外，乘客将与冷毛巾，矿泉水送达和拿行李到等候的汽车。</span></span></span></span></span></span></span></p>\r\n\r\n<p dir=\"ltr\" style=\"text-align:justify\"><span style=\"font-size:14px\"><span style=\"color:#333333\"><span style=\"font-family:Raleway,sans-serif\"><span style=\"background-color:#ffffff\"><span style=\"font-size:14px\"><span style=\"font-size:14px\"><span style=\"font-family:Arial,Helvetica,sans-serif\">随着把用户的利益作为我们的首要任务的座右铭，用Vietnamfasttrack的任何服务时，客户将完全由我们公司的信誉和质量保证。Vietnamfasttrack是为您带来在越南机场最佳体验充满信心。</span></span></span></span></span></span></span></p>\r\n', '', '', '', '', '', 1, 'vietnam-airport-transfer-service-from-vietnamfasttrack', '越南机场接送服务Vietnamfasttrack', '越南的机场几乎都远离市中心，与此同时，机场的机场接送服务通常不符合客人的要求，因为通常有出租车司机最近接客人或收取不合适的价格。 Vietnamfasttrack提供越南机场接送服务，价格合理，为您提供专门的服务，为客户提供愉快和成功的旅行。', '');

-- --------------------------------------------------------

--
-- Cấu trúc bảng cho bảng `optionsQ1`
--

CREATE TABLE `optionsQ1` (
  `optionsQ1_id` int(11) NOT NULL,
  `optionsQ1_value` varchar(255) COLLATE utf8_unicode_ci DEFAULT NULL
) ENGINE=InnoDB DEFAULT CHARSET=utf8 COLLATE=utf8_unicode_ci;

--
-- Đang đổ dữ liệu cho bảng `optionsQ1`
--

INSERT INTO `optionsQ1` (`optionsQ1_id`, `optionsQ1_value`) VALUES
(1, 'Đau rát'),
(2, 'Chảy máu khi đi vệ sinh'),
(3, 'Ngứa ngáy, khó chịu, ẩm ướt có mùi khó chịu'),
(4, 'Búi trĩ sa ra ngoài (nhìn hoặc sờ)'),
(5, 'Không có biểu hiện nào như trên');

-- --------------------------------------------------------

--
-- Cấu trúc bảng cho bảng `optionsQ2`
--

CREATE TABLE `optionsQ2` (
  `optionsQ2_id` int(11) NOT NULL,
  `optionsQ2_value` varchar(255) COLLATE utf8_unicode_ci DEFAULT NULL
) ENGINE=InnoDB DEFAULT CHARSET=utf8 COLLATE=utf8_unicode_ci;

--
-- Đang đổ dữ liệu cho bảng `optionsQ2`
--

INSERT INTO `optionsQ2` (`optionsQ2_id`, `optionsQ2_value`) VALUES
(1, 'Có'),
(2, 'Không');

-- --------------------------------------------------------

--
-- Cấu trúc bảng cho bảng `optionsQ3`
--

CREATE TABLE `optionsQ3` (
  `optionsQ3_id` int(11) NOT NULL,
  `optionsQ3_value` varchar(255) COLLATE utf8_unicode_ci DEFAULT NULL
) ENGINE=InnoDB DEFAULT CHARSET=utf8 COLLATE=utf8_unicode_ci;

--
-- Đang đổ dữ liệu cho bảng `optionsQ3`
--

INSERT INTO `optionsQ3` (`optionsQ3_id`, `optionsQ3_value`) VALUES
(1, 'Mới (đang bị)'),
(2, 'Lâu, tái đi tái lại'),
(3, 'Lâu, nhưng giờ đang bình thường');

-- --------------------------------------------------------

--
-- Cấu trúc bảng cho bảng `optionsQ4`
--

CREATE TABLE `optionsQ4` (
  `optionsQ4_id` int(11) NOT NULL,
  `optionsQ4_value` varchar(255) COLLATE utf8_unicode_ci DEFAULT NULL
) ENGINE=InnoDB DEFAULT CHARSET=utf8 COLLATE=utf8_unicode_ci;

--
-- Đang đổ dữ liệu cho bảng `optionsQ4`
--

INSERT INTO `optionsQ4` (`optionsQ4_id`, `optionsQ4_value`) VALUES
(1, 'Máu dính trên giấy vệ sinh'),
(2, 'Máu dính trên phân hoặc nhỏ giọt'),
(3, 'Máu chảy thành tia'),
(4, 'Không thấy máu');

-- --------------------------------------------------------

--
-- Cấu trúc bảng cho bảng `optionsQ5`
--

CREATE TABLE `optionsQ5` (
  `optionsQ5_id` int(11) NOT NULL,
  `optionsQ5_value` varchar(255) COLLATE utf8_unicode_ci DEFAULT NULL
) ENGINE=InnoDB DEFAULT CHARSET=utf8 COLLATE=utf8_unicode_ci;

--
-- Đang đổ dữ liệu cho bảng `optionsQ5`
--

INSERT INTO `optionsQ5` (`optionsQ5_id`, `optionsQ5_value`) VALUES
(1, 'Hơi đau, tức hậu môn, khó chịu'),
(2, 'Đau nhiều, rát. đỡ khi nằm'),
(3, 'Rất đau rát, đứng ngồi, nằm không yên'),
(4, 'Không đau, bình thường');

-- --------------------------------------------------------

--
-- Cấu trúc bảng cho bảng `optionsQ6`
--

CREATE TABLE `optionsQ6` (
  `optionsQ6_id` int(11) NOT NULL,
  `optionsQ6_value` varchar(255) COLLATE utf8_unicode_ci DEFAULT NULL
) ENGINE=InnoDB DEFAULT CHARSET=utf8 COLLATE=utf8_unicode_ci;

--
-- Đang đổ dữ liệu cho bảng `optionsQ6`
--

INSERT INTO `optionsQ6` (`optionsQ6_id`, `optionsQ6_value`) VALUES
(1, 'Ít, lồi ra như hạt ngô'),
(2, 'Nhiều, lồi ra bằng 1/3 đốt ngón tay'),
(3, 'Rất nhiều, dài >2.5cm'),
(4, 'Không sa, bình thường');

-- --------------------------------------------------------

--
-- Cấu trúc bảng cho bảng `optionsQ7`
--

CREATE TABLE `optionsQ7` (
  `optionsQ7_id` int(11) NOT NULL,
  `optionsQ7_value` varchar(255) COLLATE utf8_unicode_ci DEFAULT NULL
) ENGINE=InnoDB DEFAULT CHARSET=utf8 COLLATE=utf8_unicode_ci;

--
-- Đang đổ dữ liệu cho bảng `optionsQ7`
--

INSERT INTO `optionsQ7` (`optionsQ7_id`, `optionsQ7_value`) VALUES
(1, 'Không tự co vào được, ấn vào lại sa ra, hoặc rặn nhẹ là sa ra'),
(2, 'Tự co lên được sau khi ấn vào nhẹ');

-- --------------------------------------------------------

--
-- Cấu trúc bảng cho bảng `optionsQ8`
--

CREATE TABLE `optionsQ8` (
  `optionsQ8_id` int(11) NOT NULL,
  `optionsQ8_value` varchar(255) COLLATE utf8_unicode_ci DEFAULT NULL
) ENGINE=InnoDB DEFAULT CHARSET=utf8 COLLATE=utf8_unicode_ci;

--
-- Đang đổ dữ liệu cho bảng `optionsQ8`
--

INSERT INTO `optionsQ8` (`optionsQ8_id`, `optionsQ8_value`) VALUES
(1, 'Khô, thoáng bình thường, không có dịch'),
(2, 'Hơi ẩm, ít mùi'),
(3, 'Ướt, có dịch vào đồ lót, mùi khó chịu');

-- --------------------------------------------------------

--
-- Cấu trúc bảng cho bảng `optionsQ9`
--

CREATE TABLE `optionsQ9` (
  `optionsQ9_id` int(11) NOT NULL,
  `optionsQ9_value` varchar(255) COLLATE utf8_unicode_ci DEFAULT NULL
) ENGINE=InnoDB DEFAULT CHARSET=utf8 COLLATE=utf8_unicode_ci;

--
-- Đang đổ dữ liệu cho bảng `optionsQ9`
--

INSERT INTO `optionsQ9` (`optionsQ9_id`, `optionsQ9_value`) VALUES
(1, 'Có'),
(2, 'Không'),
(3, 'Có nhưng mức độ 3-4h/ngày');

-- --------------------------------------------------------

--
-- Cấu trúc bảng cho bảng `orders`
--

CREATE TABLE `orders` (
  `orders_id` int(11) NOT NULL,
  `users_id` int(11) DEFAULT NULL,
  `session_id` varchar(255) COLLATE utf8_unicode_ci DEFAULT NULL,
  `orders_receiver_name` text COLLATE utf8_unicode_ci,
  `orders_receiver_email` text COLLATE utf8_unicode_ci,
  `orders_receiver_phone` text COLLATE utf8_unicode_ci,
  `orders_receiver_address` text COLLATE utf8_unicode_ci,
  `orders_receiver_note` text COLLATE utf8_unicode_ci,
  `orders_total_price` float DEFAULT NULL,
  `currency_id` int(11) DEFAULT NULL,
  `orders_created_date` datetime DEFAULT NULL,
  `orders_state` int(11) NOT NULL DEFAULT '1'
) ENGINE=InnoDB DEFAULT CHARSET=utf8 COLLATE=utf8_unicode_ci;

-- --------------------------------------------------------

--
-- Cấu trúc bảng cho bảng `order_detail`
--

CREATE TABLE `order_detail` (
  `order_detail_id` int(11) NOT NULL,
  `order_id` int(11) DEFAULT NULL,
  `session_id` varchar(255) COLLATE utf8_unicode_ci DEFAULT NULL,
  `product_id` int(11) DEFAULT NULL,
  `order_detail_quantity` int(11) DEFAULT NULL,
  `order_detail_price` double DEFAULT NULL,
  `order_detail_note` text COLLATE utf8_unicode_ci,
  `state` int(11) NOT NULL DEFAULT '0',
  `product_name` text COLLATE utf8_unicode_ci,
  `currency_id` int(11) DEFAULT NULL
) ENGINE=InnoDB DEFAULT CHARSET=utf8 COLLATE=utf8_unicode_ci;

-- --------------------------------------------------------

--
-- Cấu trúc bảng cho bảng `order_state`
--

CREATE TABLE `order_state` (
  `order_state_id` int(11) NOT NULL,
  `order_state_name` text COLLATE utf8_unicode_ci,
  `state` int(11) NOT NULL
) ENGINE=InnoDB DEFAULT CHARSET=utf8 COLLATE=utf8_unicode_ci;

--
-- Đang đổ dữ liệu cho bảng `order_state`
--

INSERT INTO `order_state` (`order_state_id`, `order_state_name`, `state`) VALUES
(1, 'Chờ xác nhận', 0),
(2, 'Đã xác nhận', 0),
(3, 'Chờ thanh toán', 0),
(4, 'Đã thanh toán', 0),
(5, 'Chờ gửi hàng', 0),
(6, '	\r\nHủy đơn hàng', 0),
(7, '	\r\nĐã chuyển hàng', 0);

-- --------------------------------------------------------

--
-- Cấu trúc bảng cho bảng `page`
--

CREATE TABLE `page` (
  `page_id` int(11) NOT NULL,
  `page_name` text COLLATE utf8_unicode_ci,
  `page_des` text COLLATE utf8_unicode_ci,
  `page_content` text COLLATE utf8_unicode_ci,
  `page_img` text COLLATE utf8_unicode_ci,
  `page_created_date` datetime DEFAULT NULL,
  `page_update_date` datetime DEFAULT NULL,
  `state` int(11) NOT NULL DEFAULT '0',
  `page_sub_info1` text COLLATE utf8_unicode_ci,
  `page_sub_info2` text COLLATE utf8_unicode_ci,
  `page_sub_info3` text COLLATE utf8_unicode_ci,
  `page_sub_info4` text COLLATE utf8_unicode_ci,
  `page_sub_info5` text COLLATE utf8_unicode_ci,
  `keyword` text COLLATE utf8_unicode_ci,
  `title_seo` text COLLATE utf8_unicode_ci,
  `des_seo` text COLLATE utf8_unicode_ci,
  `friendly_url` text COLLATE utf8_unicode_ci,
  `created_id` int(11) DEFAULT NULL
) ENGINE=InnoDB DEFAULT CHARSET=utf8 COLLATE=utf8_unicode_ci;

--
-- Đang đổ dữ liệu cho bảng `page`
--

INSERT INTO `page` (`page_id`, `page_name`, `page_des`, `page_content`, `page_img`, `page_created_date`, `page_update_date`, `state`, `page_sub_info1`, `page_sub_info2`, `page_sub_info3`, `page_sub_info4`, `page_sub_info5`, `keyword`, `title_seo`, `des_seo`, `friendly_url`, `created_id`) VALUES
(35, 'Giới thiệu vn', 'Lĩnh vực hoạt động: Marketing Online toàn diện - quảng cáo, seo, thiết kế website, email marketing, thiết kế đồ họa, quản trị mạng xã hội, quản trị website,…..', '<p><img alt=\"\" src=\"../image/slide1.jpg\" /></p>\r\n\r\n<p>C&ocirc;ng ty cổ phần DP GREEN- PHAR được th&agrave;nh lập bởi Dược sĩ Đai học Dược H&agrave; Nội Trần Kh&aacute;nh H&ograve;a từ 2015. Trải qua qu&aacute; tr&igrave;nh nghi&ecirc;n cứu &amp; tư vấn điều trị bệnh ngo&agrave;i c&ocirc;ng đồng, DP GREEN- PHAR được th&agrave;nh lập với mục ti&ecirc;u:</p>\r\n\r\n<p>DP GREEN-PHAR trung t&acirc;m tư vấn &amp; t&igrave;m giải ph&aacute;p xử l&yacute; c&aacute;c bệnh ngo&agrave;i cộng đồng.<br />\r\nƯu ti&ecirc;n giải quyết c&aacute;c vấn đề về sức khỏe cho qu&yacute; kh&aacute;ch h&agrave;ng l&agrave; số 1.<br />\r\nKết hợp với đội ngũ Dược Sĩ của nh&agrave; m&aacute;y Armephaco 12- x&iacute; nghiệp dược phẩm 120- Qu&acirc;n đội, nghi&ecirc;n cứu đưa ra những sản phẩm, giải ph&aacute;p chất lượng cao: HIỆU QUẢ- AN TO&Agrave;N với người sử dụng.</p>\r\n\r\n<h2>Th&ocirc;ng tin c&ocirc;ng ty:</h2>\r\n\r\n<p><strong>C&Ocirc;NG TY CỔ PHẦN DP GREEN-PHAR</strong><br />\r\nĐược cấp giấy chứng nhận ĐKKD số 0106800687 do Sở Kế Hoạch v&agrave; Đầu Tư H&agrave; Nội cấp ng&agrave;y 25/04/2015, c&oacute; trụ sở ch&iacute;nh đặt tại số 19, ng&otilde; 4, phố Văn La, H&agrave; Đ&ocirc;ng, H&agrave; Nội</p>\r\n\r\n<h2>C&aacute;c lĩnh vực hoạt động</h2>\r\n\r\n<p>Tư vấn &amp; t&igrave;m giải ph&aacute;p cho c&aacute;c bệnh tại c&ocirc;ng đồng<br />\r\nTham gia nghi&ecirc;n cứu c&ugrave;ng Armephaco 120, t&igrave;m ra c&aacute;c sản phẩm c&oacute; hiệu quả cao, an to&agrave;n với người sử dụng.<br />\r\nTrồng &amp; ph&aacute;t triển v&ugrave;ng dược liệu</p>\r\n\r\n<h2>Sau hơn 2 năm nghi&ecirc;n cứu &amp; s&agrave;ng lọc DP GREEN- PHAR đ&atilde; c&oacute; giải ph&aacute;p cho c&aacute;c vấn đề:</h2>\r\n\r\n<p>Bệnh trĩ, đi cầu ra m&aacute;u, bệnh trĩ sau sinh, Suy gi&atilde;n tĩnh mạch.<br />\r\nTiền đ&igrave;nh, đau đầu, ch&oacute;ng mặt, ngủ kh&ocirc;ng ngon.<br />\r\nBệnh đại tr&agrave;ng cấp, m&atilde;n &amp; đại tr&agrave;ng co thắt.<br />\r\nBệnh vi&ecirc;m gan, tăng men gan do rượu. chức năng gan suy giảm do thuốc, h&oacute;a chất...<br />\r\nC&aacute;c sản phẩm bổ sung yếu tố vi lượng: Ca++, Mg ++, Spirulina, men vi sinh...<br />\r\nĐến với DP GREEN- PHAR qu&yacute; kh&aacute;ch h&agrave;ng sẽ được đội ngũ B&aacute;c sĩ, Dược sĩ Đại học Dược H&agrave; Nội tư vấn &amp; t&igrave;m giải ph&aacute;p cho vấn đề sức khỏe của qu&yacute; kh&aacute;ch h&agrave;ng.</p>\r\n\r\n<h2>Đội ngũ bao gồm:</h2>\r\n\r\n<p>B&aacute;c Sĩ, Thạc Sĩ: Nguyễn Văn Quyết.<br />\r\nDược sĩ Đại Học Dược H&agrave; Nội: Trần Kh&aacute;nh H&ograve;a.<br />\r\nDược sĩ Đại Học Dược H&agrave; Nội: Đo&agrave;n Xu&acirc;n Phan.<br />\r\nDược sĩ Đại Học Dược H&agrave; Nội: L&ecirc; Thị Đĩnh.<br />\r\nDược sĩ Đại Học Dược H&agrave; Nội: L&ecirc; Quang H&ograve;a.<br />\r\nC&aacute;c dược sĩ kh&aacute;c: Nguyễn th&igrave; Dơn, L&ecirc; Thị Gi&aacute;ng Hương, L&ecirc; Thị Th&uacute;y, Nguyễn Thị Nh&agrave;n.<br />\r\nVới mục ti&ecirc;u ưu ti&ecirc;n giải quyết c&aacute;c vấn đề về sức khỏe cho qu&yacute; kh&aacute;ch l&agrave; số 1, DP GREEN-PHAR đ&atilde; v&agrave; đang l&agrave;m tốt. Ch&uacute;ng t&ocirc;i cam kết lu&ocirc;n lu&ocirc;n cố gắng nghi&ecirc;n cứu, ho&agrave;n thiện ch&iacute;nh m&igrave;nh để đem lại những sản phẩm, dịch vụ v&agrave; giải ph&aacute;p tốt nhất cho qu&yacute; kh&aacute;ch h&agrave;ng.</p>\r\n\r\n<h2>C&aacute;c chứng chỉ c&ocirc;ng ty đ&atilde; đạt được do bộ y tế cấp.</h2>\r\n\r\n<p>Nh&agrave; m&aacute;y Armepharco 120: GMP- WHO ( Thực h&agrave;nh sản xuất tốt).<br />\r\nDP GREEN- PHAR: GSP- WHO ( Thực h&agrave;nh bảo quản tốt).<br />\r\nDP GREEN &ndash; PHAR: GDP &ndash; WHO ( Thực h&agrave;nh ph&acirc;n phối tốt.<br />\r\nCảm ơn qu&yacute; kh&aacute;ch đ&atilde; tin d&ugrave;ng dịch vụ của ch&uacute;ng t&ocirc;i, DP GREEN- PHAR cam kết sẽ lu&ocirc;n đưa ra c&aacute;c sản phẩm, dịch vụ v&agrave; giải ph&aacute;p hiệu quả, an to&agrave;n cho qu&yacute; kh&aacute;ch.</p>\r\n', 'pa5.jpg', '2017-05-11 16:05:22', '2018-03-27 14:03:29', 1, '', '', '', '', '', 'Goldbridge Việt Nam', 'Giới thiệu', 'Lĩnh vực hoạt động: Marketing Online toàn diện - quảng cáo, seo, thiết kế website, email marketing, thiết kế đồ họa, quản trị mạng xã hội, quản trị website,…..', 'gioi-thieu-vn', 1),
(36, 'Báo giá', 'Bảng giá dịch thuật công chứng Giá tốt, chất lượng cao, dịch ngay\r\nHơn 8000 CTV Dịch thuật · Hơn 10 năm kinh nghiệm · 100% khách hàng hài lòng', '<h2><strong>PHƯƠNG THỨC GIAO DỊCH ĐỐI VỚI B&Aacute;O GI&Aacute; DỊCH THUẬT</strong></h2>\r\n\r\n<p>1. Ch&uacute;ng t&ocirc;i sẽ giao nhận t&agrave;i liệu tận nơi với những đơn đặt h&agrave;ng tr&ecirc;n 50 trang t&agrave;i liệu.<br />\r\n2. Để tiến h&agrave;nh c&ocirc;ng t&aacute;c dịch thuật v&agrave; phi&ecirc;n dịch Hợp đồng Qu&yacute; kh&aacute;ch cần đặt trước 30% gi&aacute; trị hợp đồng.<br />\r\n3. Nếu qu&yacute; kh&aacute;ch l&agrave; c&ocirc;ng ty c&oacute; nhu cầu dịch thuật dưới 10 trang, Qu&yacute; kh&aacute;ch chỉ cần fax x&aacute;c nhận y&ecirc;u cầu c&oacute; đầy đủ th&ocirc;ng tin li&ecirc;n quan k&egrave;m con dấu, ch&uacute;ng t&ocirc;i sẽ tiến h&agrave;nh thực hiện y&ecirc;u cầu dịch m&agrave; kh&ocirc;ng cần tiền đặt cọc hợp đồng.<br />\r\n4. Đối với kh&aacute;ch h&agrave;ng thường xuy&ecirc;n dịch tại C&ocirc;ng ty dịch thuật Ch&acirc;u &Aacute;, ch&uacute;ng t&ocirc;i sẽ giao nhận tận nơi miễn ph&iacute;.</p>\r\n\r\n<p><strong>Phần ưu ti&ecirc;n kh&aacute;ch h&agrave;ng dịch với số lượng lớn</strong><br />\r\n1. Giảm 5% với số lượng từ 100 &ndash; 500 trang<br />\r\n2. Giảm 10% với số lượng từ 500 &ndash; 1000 trang<br />\r\n3. Giảm 15% với số lượng 1000 trang trở l&ecirc;n</p>\r\n\r\n<p><strong>Lưu &yacute; quan trọng:</strong></p>\r\n\r\n<ul>\r\n	<li>Gi&aacute; dịch chưa bao gồm VAT (10%).</li>\r\n	<li>Mức gi&aacute; tr&ecirc;n kh&ocirc;ng &aacute;p dụng đối với Kh&aacute;ch h&agrave;ng dịch chuy&ecirc;n ng&agrave;nh, dịch gấp, c&ocirc;ng chứng gấp.</li>\r\n	<li>Văn bản hiệu đ&iacute;nh: Hiệu đ&iacute;nh = 50% tiền dịch. Nếu t&agrave;i liệu hiệu đ&iacute;nh sai tr&ecirc;n 30% th&igrave; bản hiệu đ&iacute;nh đ&oacute; được t&iacute;nh bằng tiền dịch.</li>\r\n	<li>Số lượng từ tr&ecirc;n một trang được quy định dưới 300 từ (D&ugrave;ng hệ thống đếm từ tự động Word Count), trường hợp t&agrave;i liệu của qu&yacute; kh&aacute;ch l&agrave; bản cứng kh&ocirc;ng thể đếm từ được sẽ t&iacute;nh x&aacute;c xuất hoặc t&iacute;nh theo bản dịch l&uacute;c n&agrave;y số lượng từ tr&ecirc;n trang sản phẩm c&oacute; thể quy định lại, th&ocirc;ng thường sẽ giao động 10-20%.</li>\r\n	<li>Gi&aacute; dịch từ tiếng nước ngo&agrave;i n&agrave;y sang tiếng nước ngo&agrave;i kh&aacute;c sẽ bằng chi ph&iacute; dịch từ tiếng nước ngo&agrave;i n&agrave;y ra tiếng Việt cộng với từ tiếng Việt sang tiếng nước ngo&agrave;i thứ hai hoặc sẽ t&iacute;nh ph&iacute; dịch trực tiếp nếu c&oacute; y&ecirc;u cầu người bản địa dịch thuật lại</li>\r\n	<li>Nếu qu&yacute; kh&aacute;ch y&ecirc;u cầu dịch gấp, dịch v&agrave;o ng&agrave;y nghỉ, ng&agrave;y lễ gi&aacute; dịch sẽ tăng 25 %, th&ocirc;ng thường đơn đặt h&agrave;ng tr&ecirc;n 20 trang lấy trong ng&agrave;y được coi l&agrave; gấp. Nếu l&agrave; kh&aacute;ch h&agrave;ng thường xuy&ecirc;n của Dịch thuật v&agrave; Phi&ecirc;n dịch Ch&acirc;u &Aacute; qu&yacute; kh&aacute;ch sẽ được miễn ph&iacute; dịch vụ cộng th&ecirc;m n&agrave;y.</li>\r\n	<li>Đối với t&agrave;i liệu chuy&ecirc;n ng&agrave;nh như: Hợp đồng kinh tế, kỹ thuật, thương mại, t&agrave;i ch&iacute;nh,y học, dược phẩm... th&igrave; ngo&agrave;i tiền dịch + 30% tiền dịch chuy&ecirc;n ng&agrave;nh.</li>\r\n</ul>\r\n\r\n<h3>BẢNG GI&Aacute; DỊCH THUẬT N&Agrave;Y C&Oacute; THỂ THAY ĐỔI PHỤ THUỘC V&Agrave;O NHU CẦU THỰC TẾ CỦA DỰ &Aacute;N, HỢP ĐỒNG V&Agrave; SỰ THỎA THUẬN GIỮA HAI B&Ecirc;N !</h3>\r\n\r\n<p>Chuyển ngữ v&agrave; địa phương h&oacute;a t&agrave;i liệu rất quan trọng n&oacute; c&oacute; ảnh hưởng rất lớn đến c&ocirc;ng việc v&agrave; quyết định trong dự &aacute;n của bạn. Qu&yacute; kh&aacute;ch đang t&igrave;m một đơn vị&nbsp;<a href=\"https://www.dichthuatchaua.com/bien-phien-dich/dich-thuat/dich-thuat-cong-chung.html\" title=\"Dịch thuật công chứng\">Dịch Thuật</a>&nbsp;chuy&ecirc;n nghiệp v&agrave; gi&agrave;u kinh nghiệm trong việc Địa phương h&oacute;a t&agrave;i liệu, đảm bảo thời gian ch&iacute;nh x&aacute;c v&agrave; chất lượng tuyệt đối, chi ph&iacute; hợp l&yacute; nhất. H&atilde;y li&ecirc;n hệ ngay với&nbsp;<a href=\"https://www.dichthuatchaua.com/gioi-thieu-cong-ty-dich-thuat.html\" title=\"Công ty dịch thuật chuyên nghiệp\">C&ocirc;ng ty dịch thuật Ch&acirc;u &Aacute;</a>&nbsp;để được nhưng chuy&ecirc;n gia tư vấn chuy&ecirc;n nghiệp, gi&agrave;u kinh nghiệm gi&uacute;p Qu&yacute; kh&aacute;ch.</p>\r\n\r\n<p><img alt=\"\" height=\"800\" src=\"/image/images/55e7557453f13-sierra-fig2.jpg\" width=\"1600\" /></p>\r\n\r\n<p>&nbsp;</p>\r\n\r\n<p>Dự &aacute;n, Hợp đồng của Qu&yacute; kh&aacute;ch h&agrave;ng rất quan trọng, Qu&yacute; kh&aacute;ch h&agrave;ng đang muốn t&igrave;m một đơn vị Dịch thuật c&oacute; thể đảm bảo về thời gian, chất lượng v&agrave; cung cấp gi&aacute; cả tốt nhất, h&atilde;y li&ecirc;n lạc với số Hotline: 0932232318 (H&agrave; Nội) hoặc 0932237939 (TP HCM) của Dich thuật v&agrave; Phi&ecirc;n dịch Ch&acirc;u &Aacute; sẽ l&agrave;m Qu&yacute; kh&aacute;ch h&agrave;i l&ograve;ng.</p>\r\n\r\n<p>Cảm ơn Qu&yacute; kh&aacute;ch đ&atilde; ngh&eacute; thăm website của Dịch thuật v&agrave; Phi&ecirc;n dịch Ch&acirc;u &Aacute;, ch&uacute;ng t&ocirc;i lu&ocirc;n cam kết đưa ra mức gi&aacute; cạnh tranh v&agrave; chất lương v&agrave; bảo mật bảo đảm tuyệt đối.</p>\r\n', 'pa4.jpg', '2017-05-11 16:05:03', '2017-12-03 17:12:55', 1, '', '', '', '', '', 'báo giá dịch vụ', 'Báo giá', '\"Làm kế toán phải có Tâm với Doanh nghiệp. Đang Tư vấn Miễn Phí. Tìm hiểu ngay!\r\nBảo hành trọn đời · Bảo vệ Doanh Nghiệp\"', 'bao-gia', 1),
(37, 'Tuyển Cộng Tác Viên', 'Việc làm Cộng Tác Viên tại Hà Nội - Hàng nghìn thông tin tuyển dụng Cộng Tác Viên tại Hà Nội từ những nhà tuyển dụng uy tín. Ứng tuyển ngay!', '<p>1. Nội dung c&ocirc;ng việc :<br />\r\n<br />\r\n. Triển khai c&aacute;c bản vẽ nội thất để sản xuất : tủ, giường, b&agrave;n, ghế.... bằng phần mềm autocad<br />\r\n<br />\r\n. Hỗ trợ kiểm tra đối chiếu bản vẽ với b&ecirc;n sản xuất hoặc tại c&ocirc;ng tr&igrave;nh<br />\r\n<br />\r\n2. Y&ecirc;u cầu :<br />\r\n<br />\r\n. Nam/ nữ c&oacute; kinh nghiệm tối thiểu 1 năm về họa vi&ecirc;n autocad cho c&aacute;c xưởng sản xuất nội thất<br />\r\n<br />\r\n. C&oacute; hiểu biết về kết cấu , kỹ thuật sản phẩm, thao t&aacute;c nhanh tr&ecirc;n phần mềm Autocad<br />\r\n<br />\r\n. C&oacute; phương tiện đi lại<br />\r\n<br />\r\n. C&oacute; thể đi c&ocirc;ng t&aacute;c ngắn hạn.<br />\r\n<br />\r\n. C&oacute; thể tăng ca theo y&ecirc;u cầu<br />\r\n<br />\r\n3. Chế độ :<br />\r\n<br />\r\n. Lương : 6.000.000 VND / th&aacute;ng hoặc thỏa thuận<br />\r\n<br />\r\n. L&agrave;m việc tại showroom 233B B&ugrave;i Thị Xu&acirc;n T&acirc;n B&igrave;nh HCM<br />\r\n<br />\r\n. Lương th&aacute;ng 13. ph&eacute;p năm, thưởng chuy&ecirc;n cần. thưởng lễ tết<br />\r\n<br />\r\n4. Th&ocirc;ng tin kh&aacute;c:<br />\r\n<br />\r\n. Nộp hồ sơ trực tiếp hoặc trực tuyến<br />\r\n<br />\r\n. Hồ sơ c&oacute; c&aacute;c bản vẽ đ&atilde; từng thực hiện<br />\r\n<br />\r\n. Tham khảo th&ecirc;m th&ocirc;ng tin c&ocirc;ng ty tại : www.zenhomes.vn<br />\r\n<br />\r\nLoại h&igrave;nh c&ocirc;ng việc: To&agrave;n thời gian<br />\r\n<br />\r\nLương: ₫6.000.000 /th&aacute;ng<br />\r\n<br />\r\nKinh nghiệm y&ecirc;u cầu:<br />\r\n<br />\r\nkhai triển autocad nội thất: 1 năm</p>\r\n', 'pa3.jpg', '2017-05-18 02:05:05', '2017-12-03 17:12:45', 1, '', '', '', '', '', 'tuyên cộng tác viên', 'Tuyển Cộng Tác Viên ', 'Việc làm Cộng Tác Viên tại Hà Nội - Hàng nghìn thông tin tuyển dụng Cộng Tác Viên tại Hà Nội từ những nhà tuyển dụng uy tín. Ứng tuyển ngay!', 'tuyen-cong-tac-vien', 1),
(39, 'Câu hỏi thường gặp', 'Mô tả ngắn của bài viết, mô tả ngắn của bài viết, mô tả ngắn của bài viết, mô tả ngắn của bài viết, mô tả ngắn của bài viết', '<h1>Ti&ecirc;u đề tin tức</h1>\r\n\r\n<p style=\"margin-left:0px; margin-right:0px\">M&ocirc; tả ngắn của b&agrave;i viết, m&ocirc; tả ngắn của b&agrave;i viết, m&ocirc; tả ngắn của b&agrave;i viết, m&ocirc; tả ngắn của b&agrave;i viết, m&ocirc; tả ngắn của b&agrave;i viết</p>\r\n\r\n<p><img alt=\"\" src=\"../image/slide1.jpg\" /></p>\r\n\r\n<h2>Thẻ h2</h2>\r\n\r\n<p>Nội dung b&agrave;i viết, nội dung b&agrave;i viết, nội dung b&agrave;i viết, nội dung b&agrave;i viết, nội dung b&agrave;i viết, nội dung b&agrave;i viết, nội dung b&agrave;i viết, nội dung b&agrave;i viết. Nội dung b&agrave;i viết, nội dung b&agrave;i viết, nội dung b&agrave;i viết, nội dung b&agrave;i viết, nội dung b&agrave;i viết, nội dung b&agrave;i viết, nội dung b&agrave;i viết, nội dung b&agrave;i viết</p>\r\n\r\n<h2>Thẻ h2</h2>\r\n\r\n<p>Nội dung b&agrave;i viết, nội dung b&agrave;i viết, nội dung b&agrave;i viết, nội dung b&agrave;i viết, nội dung b&agrave;i viết, nội dung b&agrave;i viết, nội dung b&agrave;i viết, nội dung b&agrave;i viết. Nội dung b&agrave;i viết, nội dung b&agrave;i viết, nội dung b&agrave;i viết, nội dung b&agrave;i viết, nội dung b&agrave;i viết, nội dung b&agrave;i viết, nội dung b&agrave;i viết, nội dung b&agrave;i viết</p>\r\n\r\n<p><img alt=\"\" src=\"../image/formImgCate.jpg\" /></p>\r\n', 'pa2.jpg', '2017-07-10 15:07:50', '2017-12-03 17:12:33', 1, '', '', '', '', '', '', 'Câu hỏi thường gặp', 'Mô tả ngắn của bài viết, mô tả ngắn của bài viết, mô tả ngắn của bài viết, mô tả ngắn của bài viết, mô tả ngắn của bài viế', 'cau-hoi-thuong-gap', 1),
(40, 'Chính sách bảo mật', '', '<h2>DP GREEN-PHAR cam kết bảo mật th&ocirc;ng tin c&aacute; nh&acirc;n của tất cả kh&aacute;ch h&agrave;ng.</h2>\r\n\r\n<p>Cảm ơn bạn đ&atilde; truy cập website: www.greenphar.com<br />\r\nCh&uacute;ng t&ocirc;i hiểu r&otilde; tầm quan trọng của sự ri&ecirc;ng tư v&agrave; sẽ giữ b&iacute; mật th&ocirc;ng tin c&aacute; nh&acirc;n của bạn. Xin vui l&ograve;ng đọc bản Ch&iacute;nh s&aacute;ch bảo mật th&ocirc;ng tin n&agrave;y v&agrave; hiểu c&aacute;c h&agrave;nh động li&ecirc;n quan về th&ocirc;ng tin c&aacute; nh&acirc;n của bạn. Ch&iacute;nh s&aacute;ch bảo mật th&ocirc;ng tin n&agrave;y c&oacute; thể thay đổi m&agrave; kh&ocirc;ng th&ocirc;ng b&aacute;o trước, do đ&oacute; bạn vui l&ograve;ng thường xuy&ecirc;n r&agrave; so&aacute;t, cập nhật c&aacute;c điều khoản để biết những thay đổi.</p>\r\n\r\n<h2>Điều 1. Mục đ&iacute;ch v&agrave; phạm vi thu thập th&ocirc;ng tin</h2>\r\n\r\n<h3>1.1. Mục đ&iacute;ch thu thập th&ocirc;ng tin:</h3>\r\n\r\n<p>Ch&uacute;ng t&ocirc;i thực hiện việc thu thập th&ocirc;ng tin của bạn th&ocirc;ng qua website n&agrave;y nhằm:<br />\r\nDP GREEN-PHAR trung t&acirc;m tư vấn &amp; t&igrave;m giải ph&aacute;p xử l&yacute; c&aacute;c bệnh ngo&agrave;i cộng đồng.<br />\r\nGiải đ&aacute;p thắc mắc của bạn về vấn đề c&aacute;c bệnh m&agrave; bạn thắc mắc v&agrave; quan t&acirc;m.<br />\r\nGiới thiệu c&aacute;c h&agrave;ng h&oacute;a v&agrave; dịch vụ c&oacute; thể ph&ugrave; hợp với c&aacute;c nhu cầu v&agrave; sở th&iacute;ch của bạn.<br />\r\nCung cấp những th&ocirc;ng tin mới nhất của website.<br />\r\nXem x&eacute;t v&agrave; n&acirc;ng cấp nội dung, giao diện của website.<br />\r\nThực hiện hoạt động khảo s&aacute;t kh&aacute;ch h&agrave;ng.<br />\r\nThực hiện c&aacute;c hoạt động quảng b&aacute; sản phẩm v&agrave; giới thiệu những chương tr&igrave;nh khuyến m&atilde;i.<br />\r\nGiải quyết c&aacute;c vấn đề, tranh chấp ph&aacute;t sinh li&ecirc;n quan đến việc sử dụng website.<br />\r\nCh&uacute;ng t&ocirc;i bảo lưu quyền từ chối tr&aacute;ch nhiệm về bất kỳ thiệt hại n&agrave;o ph&aacute;t sinh nếu th&ocirc;ng tin c&aacute; nh&acirc;n của bạn bị đ&aacute;nh cắp, bị mất hoặc bị thiệt hại do sự cố hoặc bằng bất kỳ c&aacute;ch n&agrave;o kh&aacute;c.</p>\r\n\r\n<h3>1.2. Phạm vi thu thập th&ocirc;ng tin c&aacute; nh&acirc;n:</h3>\r\n\r\n<p>Th&ocirc;ng tin c&aacute; nh&acirc;n m&agrave; ch&uacute;ng t&ocirc;i thu thập của bạn khi bạn gửi thắc mắc về cho ch&uacute;ng t&ocirc;i, bao gồm:<br />\r\nHọ, t&ecirc;n, Năm sinh.<br />\r\nĐịa chỉ li&ecirc;n hệ.<br />\r\nĐiện thoại li&ecirc;n hệ.<br />\r\nEmail.<br />\r\nTh&ocirc;ng tin bệnh l&yacute; v&agrave; những thắc mắc về bệnh học li&ecirc;n quan.</p>\r\n\r\n<h2>Điều 2. Phạm vi sử dụng th&ocirc;ng tin</h2>\r\n\r\n<p>Th&ocirc;ng tin của bạn được sử dụng để ch&uacute;ng t&ocirc;i hoặc c&aacute;c b&ecirc;n c&oacute; li&ecirc;n quan kh&aacute;c c&oacute; thể thực hiện c&aacute;c y&ecirc;u cầu của bạn.<br />\r\nCh&uacute;ng t&ocirc;i c&oacute; thể li&ecirc;n hệ với bạn hoặc giới thiệu bạn đến c&aacute;c cuộc nghi&ecirc;n cứu bao gồm nghi&ecirc;n cứu sự h&agrave;i l&ograve;ng của kh&aacute;ch h&agrave;ng, thị trường, nội dung c&aacute; nh&acirc;n kh&aacute;c, hoặc c&oacute; li&ecirc;n quan đến một số giao dịch nhất định.<br />\r\nCh&uacute;ng t&ocirc;i thu thập th&ocirc;ng tin về truy cập website của bạn gồm những th&ocirc;ng tin c&oacute; thể nhận biết v&agrave; kh&ocirc;ng thể nhận biết để ph&acirc;n t&iacute;ch (v&iacute; dụ: dữ liệu ph&acirc;n t&iacute;ch việc truy cập website, &hellip;).<br />\r\nTh&ocirc;ng tin của bạn được sử dụng để gi&uacute;p cung cấp cho c&aacute;c dịch vụ của ch&uacute;ng t&ocirc;i v&agrave; ch&uacute;ng t&ocirc;i c&oacute; thể cung cấp th&ocirc;ng tin cho c&aacute;c c&ocirc;ng ty đại diện ch&uacute;ng t&ocirc;i. Những c&ocirc;ng ty n&agrave;y cũng chịu sự r&agrave;ng buộc nghi&ecirc;m ngặt bởi Ch&iacute;nh s&aacute;ch Bảo mật của ch&uacute;ng t&ocirc;i.</p>\r\n\r\n<h2>Điều 3. Thời gian lưu trữ th&ocirc;ng tin</h2>\r\n\r\n<p>Ch&uacute;ng t&ocirc;i sẽ lưu trữ c&aacute;c th&ocirc;ng tin c&aacute; nh&acirc;n do kh&aacute;ch h&agrave;ng cung cấp tr&ecirc;n c&aacute;c hệ thống quản l&yacute;, lưu trữ dữ liệu của ch&uacute;ng t&ocirc;i hoặc ch&uacute;ng t&ocirc;i thu&ecirc; trong qu&aacute; tr&igrave;nh cung cấp dịch vụ cho kh&aacute;ch h&agrave;ng cho đến khi ho&agrave;n th&agrave;nh mục đ&iacute;ch thu thập hoặc khi bạn c&oacute; y&ecirc;u cầu hủy c&aacute;c th&ocirc;ng tin đ&atilde; cung cấp.</p>\r\n\r\n<h2>Điều 4. Địa chỉ của đơn vị thu thập v&agrave; quản l&yacute; th&ocirc;ng tin c&aacute; nh&acirc;n</h2>\r\n\r\n<p><strong>C&Ocirc;NG TY CỔ PHẦN DP GREEN-PHAR</strong><br />\r\nĐịa chỉ: Số 19, Ng&otilde; 4, phố Văn La, H&agrave; Đ&ocirc;ng, H&agrave; Nội.<br />\r\nĐiện thoại: (024) 6262.7731<br />\r\nEmail: dpgreenphar@gmail.com</p>\r\n\r\n<h2>Điều 5. Phương tiện v&agrave; c&ocirc;ng cụ để người d&ugrave;ng tiếp cận v&agrave; chỉnh sửa dữ liệu c&aacute; nh&acirc;n của m&igrave;nh.</h2>\r\n\r\n<p>Bạn c&oacute; thể tự đăng nhập v&agrave;o website qua link www.greenphar.com &nbsp;v&agrave; chỉnh sửa c&aacute;c th&ocirc;ng tin c&aacute; nh&acirc;n như: t&ecirc;n, số điện thoại, địa chỉ giao-nhận h&agrave;ng, ...<br />\r\nNếu bạn kh&ocirc;ng quan t&acirc;m hoặc kh&ocirc;ng muốn nhận tin tức, th&ocirc;ng tin, bạn c&oacute; thể thay đổi th&ocirc;ng tin của bạn v&agrave;o bất kỳ l&uacute;c n&agrave;o bằng c&aacute;ch gửi email về cho ch&uacute;ng t&ocirc;i qua địa chỉ email: cskh@greenphar.com</p>\r\n\r\n<h2>Điều 6. Cam kết bảo mật th&ocirc;ng tin c&aacute; nh&acirc;n kh&aacute;ch h&agrave;ng</h2>\r\n\r\n<p>Ngo&agrave;i việc sử dụng c&aacute;c th&ocirc;ng tin của bạn v&agrave;o c&aacute;c mục đ&iacute;ch n&ecirc;u tại Khoản 1.1 Điều 1 của Ch&iacute;nh s&aacute;ch bảo mật n&agrave;y v&agrave; phạm vi n&ecirc;u tại Điều 2 của Ch&iacute;nh s&aacute;ch bảo mật n&agrave;y, Ch&uacute;ng t&ocirc;i sẽ giữ b&iacute; mật th&ocirc;ng tin c&aacute; nh&acirc;n của bạn.&nbsp;Xin vui l&ograve;ng đọc bản Ch&iacute;nh s&aacute;ch bảo mật th&ocirc;ng tin n&agrave;y v&agrave; hiểu c&aacute;c h&agrave;nh động li&ecirc;n quan về th&ocirc;ng tin c&aacute; nh&acirc;n của bạn. Ch&iacute;nh s&aacute;ch bảo mật th&ocirc;ng tin n&agrave;y c&oacute; thể thay đổi m&agrave; kh&ocirc;ng th&ocirc;ng b&aacute;o trước, do đ&oacute; bạn vui l&ograve;ng thường xuy&ecirc;n r&agrave; so&aacute;t, cập nhật c&aacute;c điều khoản n&agrave;y để biết những thay đổi.<br />\r\n<strong>Ch&iacute;nh s&aacute;ch bảo mật tại DP GREEN- PHAR</strong><br />\r\n- DP GREEN-PHAR c&oacute; thể thay đổi ch&iacute;nh s&aacute;ch bảo mật v&agrave; mọi thay đổi sẽ được c&ocirc;ng khai tr&ecirc;n website www.greenphar.com<br />\r\n- Tất cả c&aacute;c thay đổi về ch&iacute;nh s&aacute;ch bảo mật ch&uacute;ng t&ocirc;i đều tu&acirc;n thủ theo quy định của Ph&aacute;p Luật Nh&agrave; Nước hiện h&agrave;nh.<br />\r\n- Mọi &yacute; kiến thắc mắc, khiếu nại v&agrave; tranh chấp vui l&ograve;ng li&ecirc;n hệ với ch&uacute;ng t&ocirc;i qua hotline Chăm s&oacute;c kh&aacute;ch h&agrave;ng:&nbsp;<strong>(024) 6262. 7731</strong><br />\r\n<br />\r\nTr&acirc;n trọng,<br />\r\n<strong>DP GREEN- PHAR: Chu Đ&aacute;o, Tin Cậy!</strong></p>\r\n', 'pa1.jpg', '2017-07-10 22:07:44', '2017-12-03 17:12:20', 1, '', '', '', '', '', '', 'Chính sách bảo mật', '', 'chinh-sach-bao-mat', 1),
(41, 'Chính sách đổi - trả', '', '<p>Qu&yacute; kh&aacute;ch vui l&ograve;ng chắc chắn rằng sản phẩm y&ecirc;u cầu đổi (trả) thỏa m&atilde;n điều kiện đổi trả h&agrave;ng của DP GREEN- PHAR tại ch&iacute;nh s&aacute;ch đổi trả h&agrave;ng h&oacute;a như sau:<br />\r\n<strong><em>C&aacute;c trường hợp được quyền đổi - trả sản phẩm:</em></strong><br />\r\nĐổi - trả do đơn h&agrave;ng sai hoặc thiếu sản phẩm so với th&ocirc;ng tin đặt h&agrave;ng.<br />\r\nTrả h&agrave;ng - ho&agrave;n tiền sản phẩm lỗi do qu&aacute; tr&igrave;nh vận chuyển (hộp thuốc bị bể, ẩm mốc,&hellip;).<br />\r\nTrả h&agrave;ng - ho&agrave;n tiền sản phẩm lỗi sản xuất (nh&atilde;n m&aacute;c kh&ocirc;ng r&otilde; chữ, th&ocirc;ng tin tr&ecirc;n bao b&igrave; sản phẩm kh&ocirc;ng ch&iacute;nh x&aacute;c, sản phẩm đ&atilde; bị mở trước khi đến tay kh&aacute;ch h&agrave;ng...).<br />\r\nTrả h&agrave;ng - ho&agrave;n tiền do lỗi giao h&agrave;ng sản phẩm hết hạn sử dụng.<br />\r\n<strong><em>Điều kiện bắt buộc:</em></strong><br />\r\nSản phẩm kh&ocirc;ng c&oacute; dấu hiệu đ&atilde; qua sử dụng, c&ograve;n nguy&ecirc;n hộp, tem, m&aacute;c, seal (seal vỏ hộp v&agrave; seal chai thuốc).<br />\r\nTrong trường hợp Kh&aacute;ch h&agrave;ng đ&atilde; khui seal vỏ hộp v&agrave; ph&aacute;t hiện chai thuốc c&oacute; lỗi sản xuất, vui l&ograve;ng chụp h&igrave;nh v&agrave; gọi Hotline để BP CSKH hướng dẫn th&ecirc;m.<br />\r\nĐối với c&aacute;c sản phẩm đ&atilde; khui seal chai thuốc, DP GREEN- PHAR xin được từ chối đổi trả.<br />\r\nQu&yacute; kh&aacute;ch h&agrave;ng lưu &yacute; lu&ocirc;n lu&ocirc;n kiểm tra kĩ t&igrave;nh trạng sản phẩm sau khi nhận được ngay tại thời điểm nhận h&agrave;ng v&agrave; c&oacute; sự chứng kiến của nh&acirc;n vi&ecirc;n giao h&agrave;ng. C&aacute;c vấn đề như bể vỡ, vỏ hộp chai thuốc bị r&aacute;ch n&aacute;t hoặc seal đ&atilde; bị mở, &hellip; Tất cả những sự cố n&agrave;y sẽ chỉ được đổi trả nếu do lỗi từ ph&iacute;a nh&acirc;n vi&ecirc;n của DP GREEN- PHAR v&agrave; đơn vị vận chuyển ViettelPost.</p>\r\n\r\n<h2>Thời hạn đổi trả h&agrave;ng</h2>\r\n\r\n<p>Sau khi nhận được sản phẩm của kh&aacute;ch h&agrave;ng gửi trả, Bộ phận Chăm s&oacute;c Kh&aacute;ch h&agrave;ng sẽ tiến h&agrave;nh kiểm tra chất lượng sản phẩm ngay lập tức. Quy tr&igrave;nh kiểm tra h&agrave;ng đổi trả được thực hiện trong v&ograve;ng từ 1-3 ng&agrave;y l&agrave;m việc, kết quả kiểm tra sẽ được th&ocirc;ng b&aacute;o đến kh&aacute;ch h&agrave;ng qua email v&agrave; tin nhắn điện thoại sau khi ho&agrave;n tất.<br />\r\nSau khi nhận được email hoặc tin nhắn th&ocirc;ng b&aacute;o từ DP GREEN- PHAR, kh&aacute;ch h&agrave;ng c&oacute; thể kiểm tra t&igrave;nh trạng đổi trả hoặc ho&agrave;n tiền th&ocirc;ng qua c&ocirc;ng cụ kiểm tra đơn h&agrave;ng của&nbsp;<strong>DP GREEN-PHAR</strong>.</p>\r\n\r\n<h2>Phương thức đổi trả h&agrave;ng đ&atilde; mua</h2>\r\n\r\n<p><strong><em>Bước 1:</em></strong> Đăng k&iacute;<br />\r\nKh&aacute;ch h&agrave;ng c&oacute; thể li&ecirc;n hệ với bộ phận chăm s&oacute;c kh&aacute;ch h&agrave;ng của DP GREEN-PHAR qua hotline (024) 6262.7731 hoặc truy cập trang web: WWW.GREENPHAR.COM &nbsp;v&agrave; cung cấp th&ocirc;ng tin chi tiết về sản phẩm lỗi gồm:<br />\r\n- T&ecirc;n sản phẩm<br />\r\n- M&atilde; số đơn h&agrave;ng, l&ocirc; sản xuất, hạn sử dụng<br />\r\n- Lỗi sản phẩm (m&ocirc; tả chi tiết v&agrave; k&egrave;m ảnh chụp)<br />\r\n<strong><em>Bước 2:</em></strong> Nhận tin nhắn x&aacute;c nhận đ&atilde; đăng k&yacute; đổi/trả th&agrave;nh c&ocirc;ng v&agrave; email hướng dẫn đ&oacute;ng g&oacute;i sản phẩm ho&agrave;n trả.<br />\r\nSau khi y&ecirc;u cầu đổi/trả được chấp nhận, DP GREEN-PHAR sẽ gửi đến qu&yacute; kh&aacute;ch một tin nhắn v&agrave; email hướng dẫn c&aacute;ch gửi trả sản phẩm.<br />\r\n<strong><em>Bước 3:</em></strong> Đ&oacute;ng g&oacute;i theo hướng dẫn v&agrave; mang sản phẩm đến Bưu Điện<br />\r\n<strong><em>Bước 4:</em></strong> Gửi trả sản phẩm về DP GREEN-PHAR<br />\r\nKh&aacute;ch h&agrave;ng vui l&ograve;ng gửi sản phẩm qua đường Bưu Điện về DP GREEN-PHAR trong v&ograve;ng 3 ng&agrave;y l&agrave;m việc kể từ khi th&ocirc;ng b&aacute;o với bộ phận Chăm S&oacute;c Kh&aacute;ch H&agrave;ng v&agrave; gửi k&egrave;m:<br />\r\n- H&oacute;a đơn mua h&agrave;ng hoặc đ&iacute;nh k&egrave;m giấy ghi ch&uacute; c&oacute; m&atilde; đơn h&agrave;ng<br />\r\n- H&oacute;a đơn gi&aacute; trị gia tăng (nếu c&oacute;)<br />\r\n- Phụ kiện đi k&egrave;m sản phẩm v&agrave; tặng khuyến m&atilde;i k&egrave;m theo (nếu c&oacute;)<br />\r\n<strong><em>Một số lưu &yacute; khi gửi h&agrave;ng đến bưu điện:</em></strong><br />\r\n- Kh&ocirc;ng ni&ecirc;m phong bề mặt th&ugrave;ng ​trước khi ho&agrave;n tất qu&aacute; tr&igrave;nh gửi h&agrave;ng ​v&igrave; c&oacute; thể bưu điện cần kiểm tra trước khi nhận h&agrave;ng. Đ&oacute;ng g&oacute;i, ch&egrave;n l&oacute;t sản phẩm như ban đầu.<br />\r\n- Cung cấp cho nh&acirc;n vi&ecirc;n bưu điện m&atilde; đơn h&agrave;ng v&agrave; m&atilde; gửi h&agrave;ng b&ecirc;n DP GREEN-PHAR đ&atilde; cung cấp. - Lưu &yacute; kh&ocirc;ng d&aacute;n băng keo trực tiếp l&ecirc;n hộp sản phẩm v&igrave; y&ecirc;u cầu đổi/trả c&oacute; thể sẽ bị từ chối nếu hộp sản phẩm bị hư hỏng.<br />\r\n- Vui l&ograve;ng li&ecirc;n hệ Bộ phận Chăm s&oacute;c Kh&aacute;ch h&agrave;ng của DP GREEN-PHAR &nbsp;(024) 6262. 7731&nbsp;khi c&oacute; bất cứ kh&oacute; khăn xảy ra trong qu&aacute; tr&igrave;nh l&agrave;m việc với bưu điện.<br />\r\n- Điền th&ocirc;ng tin m&atilde; số đơn h&agrave;ng l&ecirc;n th&ugrave;ng h&agrave;ng v&agrave; gửi về DP GREEN- PHAR theo địa chỉ nh&acirc;n vi&ecirc;n chăm s&oacute;c kh&aacute;ch h&agrave;ng đ&atilde; cung cấp.<br />\r\n<strong>Note:</strong>&nbsp;<em>Trong trường hợp kh&ocirc;ng nhớ th&ocirc;ng tin ở bước số 4, qu&yacute; kh&aacute;ch c&oacute; thể xuất tr&igrave;nh tin nhắn hoặc email nhận được từ DP GREEN- PHAR đ&atilde; gửi (ở bước 2) cho nh&acirc;n vi&ecirc;n bưu điện v&agrave; l&agrave;m theo hướng dẫn.</em><br />\r\n<span style=\"color:#cc0000\">Lưu &yacute;:</span> Kh&aacute;ch h&agrave;ng trong qu&aacute; tr&igrave;nh gửi trả sản phẩm về DP GREEN-PHAR sẽ chịu ho&agrave;n to&agrave;n tr&aacute;ch nhiệm về trạng th&aacute;i nguy&ecirc;n vẹn của sản phẩm.<br />\r\nSau khi nhận được sản phẩm kh&aacute;ch h&agrave;ng gửi trả về, DP GREEN- PHAR sẽ phản hồi v&agrave; cập nhật th&ocirc;ng tin tr&ecirc;n từng giai đoạn xử l&yacute; đến kh&aacute;ch h&agrave;ng qua email hoặc sms.</p>\r\n\r\n<h2>C&aacute;ch thức nhận lại tiền khi mua h&agrave;ng online</h2>\r\n\r\n<h3>Kh&aacute;ch h&agrave;ng sẽ nhận được số tiền ho&agrave;n trả sau bao l&acirc;u?</h3>\r\n\r\n<p>DP GREEN- PHAR sẽ ho&agrave;n tiền cho kh&aacute;ch h&agrave;ng trong trường hợp kh&aacute;ch h&agrave;ng trả hay hủy đơn h&agrave;ng.<br />\r\nPhương thức ho&agrave;n tiền bằng c&aacute;ch chuyển khoản ng&acirc;n h&agrave;ng.<br />\r\nTh&ocirc;ng tin sẽ được cập nhật đến cho qu&yacute; kh&aacute;ch bằng email hoặc SMS khi thủ tục ho&agrave;n tiền được tiến h&agrave;nh.<br />\r\n<strong>Phương thức ho&agrave;n tiền:</strong> Chuyển khoản ng&acirc;n h&agrave;ng<br />\r\n<strong>Thời gian ho&agrave;n tiền:</strong> 3 - 5 ng&agrave;y l&agrave;m việc<br />\r\nTrong trường hợp đ&atilde; vượt qu&aacute; c&aacute;c khoảng thời gian ho&agrave;n tiền tr&ecirc;n nhưng kh&aacute;ch h&agrave;ng vẫn chưa nhận được tiền, xin vui l&ograve;ng li&ecirc;n hệ với ng&acirc;n h&agrave;ng để được hỗ trợ hoặc Tổng đ&agrave;i Chăm s&oacute;c Kh&aacute;ch h&agrave;ng của DP GREEN-PHAR&nbsp;<strong>(024) 6262.7731</strong></p>\r\n\r\n<h3>Chi ph&iacute; cho việc đổi trả h&agrave;ng</h3>\r\n\r\n<p>Qu&yacute; Kh&aacute;ch h&agrave;ng vui l&ograve;ng thanh to&aacute;n tiền ph&iacute; vận chuyển khi Kh&aacute;ch h&agrave;ng thực hiện gửi h&agrave;ng tại bưu điện. DP GREEN- PHAR sẽ kh&ocirc;ng ho&agrave;n trả chi ph&iacute; n&agrave;y. Tuy nhi&ecirc;n sẽ giao h&agrave;ng miễn ph&iacute; đối với những đơn h&agrave;ng thuộc nh&oacute;m &ldquo;Đổi h&agrave;ng&quot;. Nếu c&oacute; bất k&igrave; vấn đề g&igrave; ph&aacute;t sinh, qu&yacute; kh&aacute;ch c&oacute; thể li&ecirc;n hệ với bộ phận CSKH của DP GREEN-PHAR theo Hotline&nbsp;<strong>(024) 6262.7731</strong></p>\r\n', 'pa5.jpg', '2017-07-10 22:07:03', '2017-12-03 17:12:06', 1, '', '', '', '', '', '', 'Chính sách đổi - trả', '', 'chinh-sach-doi-tra', 1),
(42, 'Hệ thống nhà thuốc', '', '<p>T&acirc;t cả c&aacute;c sản phẩm của DP GREEN-PHAR&nbsp;đ&atilde; được ph&acirc;n phối tại hơn 1000 nh&agrave; thuốc tại c&aacute;c tỉnh th&agrave;nh tr&ecirc;n khắp miền bắc<br />\r\nVui l&ograve;ng li&ecirc;n hệ tổng đ&agrave;i CSKH: <em><strong>024. 6262.7731</strong></em> để biết địa chỉ nh&agrave; thuốc gần nhất nơi bạn ở.<br />\r\nXin ch&acirc;n th&agrave;nh cảm ơn qu&yacute; kh&aacute;ch đ&atilde; tin d&ugrave;ng sản phẩm của <strong>DP GREEN-PHAR</strong>.</p>\r\n', 'pa4.jpg', '2017-07-10 22:07:22', '2017-12-03 17:12:52', 1, '', '', '', '', '', '', 'Hệ thống nhà thuốc', '', 'he-thong-nha-thuoc', 1),
(43, 'Hình thức giao hàng', '', '<p>Sau khi đặt h&agrave;ng th&agrave;nh c&ocirc;ng, Bộ phận Chăm s&oacute;c Kh&aacute;ch h&agrave;ng của DP GREEN- PHAR sẽ li&ecirc;n hệ với Qu&yacute; kh&aacute;ch để x&aacute;c nhận v&agrave; gửi email/sms về th&ocirc;ng tin đơn h&agrave;ng trong thời gian sớm nhất. Hiện tại DP GREEN-PHAR hợp t&aacute;c với ViettelPost - đơn vị chuyển ph&aacute;t h&agrave;ng đầu tại Việt Nam để thực hiện chuyển ph&aacute;t c&aacute;c sản phẩm tới Qu&yacute; kh&aacute;ch h&agrave;ng.<br />\r\nSau khi x&aacute;c nhận th&agrave;nh c&ocirc;ng, đơn h&agrave;ng sẽ được giao đến Qu&yacute; kh&aacute;ch trong khoảng thời gian sau đ&acirc;y: <strong>Tại Th&agrave;nh phố Hồ Ch&iacute; Minh v&agrave; H&agrave; Nội:</strong> Giao h&agrave;ng sau 1 - 4h l&agrave;m việc<br />\r\n<strong>C&aacute;c khu vực tỉnh, th&agrave;nh c&ograve;n lại:</strong> Giao h&agrave;ng sau 1 - 2 ng&agrave;y l&agrave;m việc<br />\r\n<em>*Lưu &yacute;: thời gian giao h&agrave;ng dự kiến ở tr&ecirc;n chỉ &aacute;p dụng cho c&aacute;c đơn h&agrave;ng trong nước.</em> Tất cả c&aacute;c đơn h&agrave;ng từ khắp cả nước sẽ được chia l&agrave;m 2 khu vực v&agrave; ph&iacute; vận chuyển &aacute;p dụng cho tất cả c&aacute;c đơn h&agrave;ng của Qu&yacute; kh&aacute;ch (trong đ&oacute;, DP GREEN-PHAR đ&atilde; hỗ trợ 50-70% chi ph&iacute; giao h&agrave;ng v&agrave; ph&iacute; thu tiền hộ):<br />\r\n<strong>Khu vực 1:</strong>&nbsp;Th&agrave;nh phố Hồ Ch&iacute; Minh v&agrave; H&agrave; Nội l&agrave; 10.000đ/đơn h&agrave;ng bất kỳ<br />\r\n<strong>Khu vực 2:</strong>&nbsp;C&aacute;c tỉnh, th&agrave;nh phố c&ograve;n lại tr&ecirc;n to&agrave;n quốc l&agrave; 20.000đ/đơn h&agrave;ng bất kỳ<br />\r\n<strong>FREE SHIP NẾU ĐƠN H&Agrave;NG TR&Ecirc;N 600.000 VNĐ.</strong></p>\r\n\r\n<p>Qu&yacute; kh&aacute;ch h&agrave;ng lưu &yacute; lu&ocirc;n lu&ocirc;n kiểm tra kĩ t&igrave;nh trạng sản phẩm sau khi nhận được ngay tại thời điểm nhận h&agrave;ng v&agrave; c&oacute; sự chứng kiến của nh&acirc;n vi&ecirc;n giao h&agrave;ng. C&aacute;c vấn đề như bể vỡ, vỏ hộp chai thuốc bị r&aacute;ch n&aacute;t hoặc seal đ&atilde; bị mở, &hellip; Tất cả những sự cố n&agrave;y sẽ chỉ được đổi trả nếu do lỗi từ ph&iacute;a nh&acirc;n vi&ecirc;n của DP GREEN-PHAR v&agrave; đơn vị vận chuyển ViettelPost.</p>\r\n\r\n<p>Trong qu&aacute; tr&igrave;nh giao h&agrave;ng c&oacute; thể ph&aacute;t sinh những vấn đề ngo&agrave;i &yacute; muốn về ph&iacute;a Kh&aacute;ch h&agrave;ng khiến việc giao h&agrave;ng bị chậm trễ. DP GREEN-PHAR sẽ linh động giải quyết cho Kh&aacute;ch h&agrave;ng trong từng trường hợp như sau:<br />\r\n- Kh&aacute;ch h&agrave;ng kh&ocirc;ng cung cấp ch&iacute;nh x&aacute;c v&agrave; đầy đủ địa chỉ giao h&agrave;ng v&agrave; số điện thoại li&ecirc;n lạc.<br />\r\n- Kh&aacute;ch h&agrave;ng kh&ocirc;ng sẵn s&agrave;ng để nhận h&agrave;ng v&agrave;o thời điểm giao h&agrave;ng.<br />\r\n- DP GREEN- PHAR đ&atilde; giao h&agrave;ng đ&uacute;ng hẹn theo th&ocirc;ng tin giao h&agrave;ng nhưng kh&ocirc;ng li&ecirc;n lạc được với Kh&aacute;ch h&agrave;ng v&agrave; chờ tại địa điểm giao h&agrave;ng qu&aacute; 15 ph&uacute;t, mọi nỗ lực của nh&acirc;n vi&ecirc;n giao h&agrave;ng nhằm li&ecirc;n hệ với Kh&aacute;ch h&agrave;ng đều kh&ocirc;ng th&agrave;nh c&ocirc;ng.<br />\r\n- Những trường hợp bất khả kh&aacute;ng như thi&ecirc;n tai, tai nạn giao th&ocirc;ng, gi&aacute;n đoạn mạng lưới giao th&ocirc;ng, đứt c&aacute;p, hệ thống bị tấn c&ocirc;ng.<br />\r\nC&aacute;c trường hợp kh&aacute;c: Trong trường hợp xảy ra sự cố phức tạp hơn, DP GREEN- PHAR bảo đảm quyền lợi lớn nhất thuộc về Kh&aacute;ch h&agrave;ng.</p>\r\n', 'pa3.jpg', '2017-07-10 22:07:41', '2017-12-03 17:12:42', 1, '', '', '', '', '', '', 'Hình thức giao hàng', '', 'hinh-thuc-giao-hang', 1),
(44, 'Hình thức thanh toán', '', '<h2>DP GREEN- PHAR hỗ trợ 4 phương thức thanh to&aacute;n cho tất cả c&aacute;c đơn h&agrave;ng tr&ecirc;n hệ thống.</h2>\r\n\r\n<p><strong>1. Thanh to&aacute;n khi nhận h&agrave;ng (COD): </strong>Qu&yacute; kh&aacute;ch sẽ thanh to&aacute;n tiền mặt cho nh&acirc;n vi&ecirc;n giao h&agrave;ng ngay sau khi nhận được h&agrave;ng.<br />\r\n<strong>2. Thanh to&aacute;n bằng Internet Banking:</strong> Thẻ/t&agrave;i khoản ATM của qu&yacute; kh&aacute;ch c&oacute; đăng k&iacute; sử dụng dịch vụ internet banking, DP GREEN- PHAR hiện hỗ trợ thanh to&aacute;n cho phần lớn c&aacute;c ng&acirc;n h&agrave;ng tại Việt Nam:<br />\r\n<img alt=\"\" src=\"../image/pay.jpg\" /> <strong>3. Thanh to&aacute;n bằng thẻ quốc tế Visa, Master Card:</strong>&nbsp;Ph&iacute; thanh to&aacute;n t&ugrave;y thuộc v&agrave;o từng loại thẻ qu&yacute; kh&aacute;ch d&ugrave;ng v&agrave; ng&acirc;n h&agrave;ng ph&aacute;t h&agrave;nh thẻ. Vui l&ograve;ng li&ecirc;n hệ với ng&acirc;n h&agrave;ng ph&aacute;t h&agrave;nh thẻ để biết r&otilde; ph&iacute; thanh to&aacute;n ph&aacute;t sinh.<br />\r\n<strong>4. Chuyển khoản trực tiếp tại ng&acirc;n h&agrave;ng:<br />\r\nCHỦ T&Agrave;I KHOẢN: CT CỔ PHẦN DP GREEN PHAR<br />\r\nSTK: 0691000342789<br />\r\nchi nh&aacute;nh h&agrave; t&acirc;y, Vietcombank.</strong><br />\r\n&quot;T&ecirc;n người mua h&agrave;ng, Tỉnh/th&agrave;nh phố&quot; chuyển tiền cho đơn h&agrave;ng ng&agrave;y ... th&aacute;ng ... năm ...<br />\r\n<em>Mọi thắc mắc v&agrave; g&oacute;p &yacute; vui l&ograve;ng li&ecirc;n hệ Hotline Chăm s&oacute;c kh&aacute;ch h&agrave;ng:&nbsp;<strong>(024) 6262.7731</strong></em></p>\r\n', 'pa2.jpg', '2017-07-10 22:07:55', '2017-12-03 17:12:31', 1, '', '', '', '', '', '', 'Hình thức thanh toán', '', 'hinh-thuc-thanh-toan', 1),
(45, 'Điều khoản sử dụng', '', '<h2>1. Giới thiệu</h2>\r\n\r\n<p>Ch&agrave;o mừng bạn đến với trang Thương mại điện tử DP GREEN-PHAR<br />\r\nGREENPHAR.COM l&agrave; trang Thương mại điện tử của C&ocirc;ng ty Cổ phần DP GREEN- PHAR - chuy&ecirc;n ph&acirc;n phối độc quyền c&aacute;c sản phẩm do Armephaco 120- x&iacute; nghiệp dược phẩm 120, qu&acirc;n đội, nghi&ecirc;n cứu v&agrave; sản xuất, được cấp giấy chứng nhận ĐKKD số 0106800687 do Sở Kế Hoạch v&agrave; Đầu Tư H&agrave; Nội cấp ng&agrave;y 25/4/2015<br />\r\nC&ocirc;ng ty CPDP GREEN- PHAR c&oacute; trụ sở ch&iacute;nh đặt tại 19, Ng&otilde; 4, Phố Văn La- H&agrave; Đ&ocirc;ng- H&agrave; Nội.<br />\r\nKhi bạn truy cập v&agrave;o website greenphar.com của ch&uacute;ng t&ocirc;i c&oacute; nghĩa l&agrave; bạn đồng &yacute; với c&aacute;c điều khoản n&agrave;y. Website c&oacute; quyền chỉnh sửa, thay đổi, th&ecirc;m hoặc lược bỏ bất kỳ phần n&agrave;o trong Điều khoản mua b&aacute;n h&agrave;ng h&oacute;a n&agrave;y v&agrave;o bất cứ l&uacute;c n&agrave;o. C&aacute;c thay đổi c&oacute; hiệu lực ngay khi được đăng tr&ecirc;n website m&agrave; kh&ocirc;ng cần th&ocirc;ng b&aacute;o trước. V&agrave; khi bạn tiếp tục sử dụng website, sau khi c&aacute;c thay đổi về Điều khoản n&agrave;y được đăng tải, c&oacute; nghĩa l&agrave; bạn chấp nhận với những thay đổi đ&oacute; của ch&uacute;ng t&ocirc;i.<br />\r\nV&igrave; vậy, bạn vui l&ograve;ng kiểm tra thường xuy&ecirc;n v&agrave; cập nhật những thay đổi trong Điều khoản mua b&aacute;n tr&ecirc;n website của ch&uacute;ng t&ocirc;i để đảm bảo quyền lợi của m&igrave;nh.</p>\r\n\r\n<h2>2. Hướng dẫn sử dụng website</h2>\r\n\r\n<p style=\"text-align:center\"><img alt=\"\" height=\"450\" src=\"/image/images/Hydrangeas.jpg\" width=\"600\" /></p>\r\n\r\n<p>Khi truy cập v&agrave;o website của DP GREEN-PHAR, bạn phải đảm bảo đủ 18 tuổi, hoặc c&oacute; sự gi&aacute;m s&aacute;t của cha mẹ hay người gi&aacute;m hộ hợp ph&aacute;p. Vui l&ograve;ng đảm bảo bạn c&oacute; đầy đủ h&agrave;nh vi d&acirc;n sự để thực hiện c&aacute;c giao dịch mua b&aacute;n h&agrave;ng h&oacute;a theo quy định hiện h&agrave;nh của ph&aacute;p luật Việt Nam.<br />\r\nCh&uacute;ng t&ocirc;i sẽ cũng cấp cho bạn một t&agrave;i khoản (Account) sử dụng để bạn c&oacute; thể mua sắm tr&ecirc;n website greenphar.com trong khu&ocirc;n khổ Điều khoản v&agrave; Điều kiện sử dụng đ&atilde; đề ra.<br />\r\nBạn sẽ phải đăng k&yacute; t&agrave;i khoản với th&ocirc;ng tin c&aacute; nh&acirc;n x&aacute;c thực v&agrave; phải cập nhật nếu c&oacute; bất kỳ thay đổi n&agrave;o trong qu&aacute; tr&igrave;nh sử dụng. Mỗi c&aacute; nh&acirc;n khi truy cập v&agrave;o website của DP GREEN- PHAR phải c&oacute; tr&aacute;ch nhiệm với mật khẩu, t&agrave;i khoản v&agrave; hoạt động của m&igrave;nh tr&ecirc;n web. B&ecirc;n cạnh đ&oacute;, bạn phải th&ocirc;ng b&aacute;o ngay cho ch&uacute;ng t&ocirc;i biết khi t&agrave;i khoản bị truy cập tr&aacute;i ph&eacute;p. Đối với những thiệt hại hoặc mất m&aacute;t g&acirc;y ra do bạn kh&ocirc;ng tu&acirc;n thủ quy định v&agrave; c&aacute;c điều khoản mua b&aacute;n đ&atilde; cam kết ph&iacute;a DP GREEN-PHAR sẽ kh&ocirc;ng chịu bất kỳ tr&aacute;ch nhiệm n&agrave;o, d&ugrave; trực tiếp hay gi&aacute;n tiếp.</p>\r\n\r\n<p style=\"text-align:center\"><img alt=\"\" height=\"221\" src=\"/image/images/Cataloge%20Rem-File%20OK%2003.jpg\" width=\"600\" /></p>\r\n\r\n<p><img alt=\"\" height=\"900\" src=\"/image/images/11___.png\" width=\"900\" /><br />\r\nNghi&ecirc;m cấm sử dụng bất kỳ phần n&agrave;o của website n&agrave;y dưới mọi h&igrave;nh thức với mục đ&iacute;ch thương mại hoặc nh&acirc;n danh bất kỳ đối t&aacute;c thứ ba n&agrave;o nếu kh&ocirc;ng được sự cho ph&eacute;p bằng văn bản từ ph&iacute;a DP GREEN- PHAR. Nếu vi phạm bất cứ điều n&agrave;o trong đ&acirc;y, ch&uacute;ng t&ocirc;i sẽ hủy t&agrave;i khoản của bạn m&agrave; kh&ocirc;ng cần b&aacute;o trước.<br />\r\nBạn sẽ nhận được email quảng c&aacute;o từ website GREENPHAR.COM của ch&uacute;ng t&ocirc;i trong suốt qu&aacute; tr&igrave;nh đăng k&iacute;. Nếu cảm thấy bị l&agrave;m phiền, bạn c&oacute; thể từ chối nhận email bằng c&aacute;ch nhấp v&agrave;o đường link ở dưới c&ugrave;ng trong mọi email quảng c&aacute;o.</p>\r\n\r\n<h2>3. &Yacute; kiến của kh&aacute;ch h&agrave;ng</h2>\r\n\r\n<p>Tất cả nội dung tr&ecirc;n website v&agrave; những &yacute; kiến, nhận x&eacute;t ph&ecirc; b&igrave;nh của qu&yacute; kh&aacute;ch h&agrave;ng đều l&agrave; t&agrave;i sản của DP GREEN-PHAR ch&uacute;ng t&ocirc;i. Nếu ph&aacute;t hiện bất kỳ th&ocirc;ng tin giả mạo n&agrave;o, ch&uacute;ng t&ocirc;i sẽ v&ocirc; hiệu h&oacute;a t&agrave;i khoản của bạn ngay lập tức hoặc &aacute;p dụng c&aacute;c biện ph&aacute;p kh&aacute;c theo quy định của ph&aacute;p luật Việt Nam.</p>\r\n\r\n<h2>4. Chấp nhận đơn h&agrave;ng v&agrave; gi&aacute; cả</h2>\r\n\r\n<p>Với bất kỳ l&yacute; do g&igrave; li&ecirc;n quan đến lỗi kỹ thuật, hệ thống một c&aacute;ch kh&aacute;ch quan v&agrave;o bất kỳ l&uacute;c n&agrave;o, ph&iacute;a DP GREEN-PHAR ch&uacute;ng t&ocirc;i c&oacute; quyền từ chối hoặc hủy đơn h&agrave;ng của qu&yacute; kh&aacute;ch.<br />\r\nTrong qu&aacute; tr&igrave;nh x&aacute;c nhận đơn h&agrave;ng, ch&uacute;ng t&ocirc;i c&oacute; thể hỏi th&ecirc;m về số điện thoại v&agrave; địa chỉ của bạn để thuận tiện cho giao dịch.<br />\r\nDP GREEN-PHAR cam kết sẽ cung cấp th&ocirc;ng tin gi&aacute; cả ch&iacute;nh x&aacute;c nhất cho người ti&ecirc;u d&ugrave;ng. Tuy nhi&ecirc;n, đ&ocirc;i l&uacute;c vẫn c&oacute; sai s&oacute;t xảy ra, v&iacute; dụ như trường hợp gi&aacute; sản phẩm kh&ocirc;ng hiển thị ch&iacute;nh x&aacute;c tr&ecirc;n website hoặc sai gi&aacute;, t&ugrave;y theo từng trường hợp ph&iacute;a DP GREEN-PHAR ch&uacute;ng t&ocirc;i sẽ li&ecirc;n hệ hướng dẫn hoặc th&ocirc;ng b&aacute;o hủy đơn h&agrave;ng đ&oacute; cho qu&yacute; kh&aacute;ch.<br />\r\nDP GREEN-PHAR cũng c&oacute; quyền từ chối hoặc hủy bỏ bất kỳ đơn h&agrave;ng n&agrave;o của qu&yacute; kh&aacute;ch d&ugrave; đơn h&agrave;ng đ&oacute; đ&atilde; hay chưa được x&aacute;c nhận hoặc đ&atilde; thanh to&aacute;n.</p>\r\n\r\n<h2>5. Thay đổi hoặc hủy bỏ giao dịch</h2>\r\n\r\n<p>Trong mọi trường hợp, kh&aacute;ch h&agrave;ng đều c&oacute; quyền chấm dứt giao dịch nếu đ&atilde; thực hiện c&aacute;c biện ph&aacute;p sau đ&acirc;y:<br />\r\nTh&ocirc;ng b&aacute;o cho bộ phận chăm s&oacute;c kh&aacute;ch h&agrave;ng của DP GREEN-PHAR về việc hủy giao dịch qua hotline (024) 6262. 7731</p>\r\n\r\n<h2>6. Giải quyết lỗi nhập sai th&ocirc;ng tin</h2>\r\n\r\n<p>Kh&aacute;ch h&agrave;ng c&oacute; tr&aacute;ch nhiệm cung cấp th&ocirc;ng tin đầy đủ v&agrave; ch&iacute;nh x&aacute;c khi tham gia giao dịch tại website greenphar.com. Trong trường hợp kh&aacute;ch h&agrave;ng nhập sai th&ocirc;ng tin v&agrave; gửi v&agrave;o site thương mại điện tử greenphar.com, ch&uacute;ng t&ocirc;i c&oacute; quyền từ chối thực hiện giao dịch. Ngo&agrave;i ra, trong mọi trường hợp, kh&aacute;ch h&agrave;ng đều c&oacute; quyền đơn phương chấm dứt giao dịch nếu đ&atilde; thực hiện c&aacute;c biện ph&aacute;p sau đ&acirc;y: Li&ecirc;n hệ với bộ phậm CSKH của DP GREEN-PHAR qua hotline (024) 6262. 7731<br />\r\nTrả lại sản phẩm đ&atilde; nhận v&agrave; kh&ocirc;ng c&oacute; dấu hiệu khui mở hoặc đ&atilde; sử dụng.<br />\r\nTrong trường hợp sai th&ocirc;ng tin ph&aacute;t sinh từ ph&iacute;a DP GREEN-PHAR m&agrave; DP GREEN-PHAR c&oacute; thể chứng minh đ&oacute; l&agrave; lỗi của hệ thống, ch&uacute;ng t&ocirc;i sẽ chịu ho&agrave;n to&agrave;n tr&aacute;ch nhiệm v&agrave; đền b&ugrave; cho kh&aacute;ch h&agrave;ng.</p>\r\n\r\n<h2>7. Quyền ph&aacute;p l&yacute;</h2>\r\n\r\n<p>C&aacute;c điều kiện, điều khoản v&agrave; nội dung của website n&agrave;y được điều chỉnh bởi luật ph&aacute;p Việt Nam. T&ograve;a &aacute;n c&oacute; thẩm quyền tại Việt Nam sẽ giải quyết bất kỳ tranh chấp n&agrave;o ph&aacute;t sinh từ việc sử dụng tr&aacute;i ph&eacute;p trang web n&agrave;y.</p>\r\n\r\n<h2>8. Quy định về bảo mật</h2>\r\n\r\n<p>Website GREENPHAR.COM của ch&uacute;ng t&ocirc;i xem trọng việc bảo mật th&ocirc;ng tin, sử dụng c&aacute;c biện ph&aacute;p tốt nhất để bảo mật th&ocirc;ng tin v&agrave; việc thanh to&aacute;n của qu&yacute; kh&aacute;ch. Trong qu&aacute; tr&igrave;nh thanh to&aacute;n, th&ocirc;ng tin của qu&yacute; kh&aacute;ch sẽ được m&atilde; h&oacute;a để đảm bảo an to&agrave;n. Bạn sẽ tho&aacute;t khỏi chế độ an to&agrave;n sau khi ho&agrave;n th&agrave;nh qu&aacute; tr&igrave;nh đặt h&agrave;ng.<br />\r\nQu&yacute; kh&aacute;ch kh&ocirc;ng được sử dụng bất kỳ chương tr&igrave;nh, c&ocirc;ng cụ hay h&igrave;nh thức n&agrave;o kh&aacute;c để can thiệp v&agrave;o hệ thống hay l&agrave;m thay đổi cấu tr&uacute;c dữ liệu. Website greenphar.com cũng nghi&ecirc;m cấm việc ph&aacute;t t&aacute;n, truyền b&aacute; hay cổ vũ cho bất kỳ hoạt động n&agrave;o nhằm can thiệp, ph&aacute; hoại hay x&acirc;m nhập v&agrave;o dữ liệu của hệ thống. C&aacute; nh&acirc;n hay tổ chức vi phạm sẽ bị tước bỏ mọi quyền lợi cũng như sẽ bị truy tố trước ph&aacute;p luật nếu cần thiết.<br />\r\nMọi th&ocirc;ng tin giao dịch sẽ được bảo mật ngoại trừ trong trường hợp cơ quan ph&aacute;p luật y&ecirc;u cầu.</p>\r\n\r\n<h2>9. C&aacute;c phương thức thanh to&aacute;n &aacute;p dụng tại GREENPHAR.COM</h2>\r\n\r\n<p>Qu&yacute; kh&aacute;ch c&oacute; thể tham khảo c&aacute;c phương thức thanh to&aacute;n sau đ&acirc;y v&agrave; lựa chọn &aacute;p dụng phương thức ph&ugrave; hợp:</p>\r\n\r\n<h3>C&aacute;ch 1: Thanh to&aacute;n trực tiếp (T&igrave;m đến chuỗi nh&agrave; thuốc b&aacute;n lẻ)</h3>\r\n\r\n<p>Bước 1: T&igrave;m hiểu th&ocirc;ng tin về sản phẩm<br />\r\nBước 2: Đến địa chỉ nh&agrave; thuốc b&aacute;n lẻ<br />\r\nBước 3: Người mua thanh to&aacute;n v&agrave; nhận h&agrave;ng</p>\r\n\r\n<h3>C&aacute;ch 2: Nhận h&agrave;ng thanh to&aacute;n tiền - COD</h3>\r\n\r\n<p>Bước 1: T&igrave;m hiểu th&ocirc;ng tin về sản phẩm<br />\r\nBước 2: X&aacute;c thực đơn h&agrave;ng (qua điện thoại, tin nhắn, email)<br />\r\nBước 3: Bộ phận CSKH của DP GREEN-PHAR sẽ li&ecirc;n hệ với qu&yacute; kh&aacute;ch để x&aacute;c nhận th&ocirc;ng tin v&agrave; đơn h&agrave;ng, đủ điều kiện đơn h&agrave;ng sẽ được chuyển qua cho bộ phận giao h&agrave;ng<br />\r\nBước 4: Giao h&agrave;ng<br />\r\nBước 5: Nhận h&agrave;ng v&agrave; thanh to&aacute;n</p>\r\n\r\n<h3>C&aacute;ch 3: Thanh to&aacute;n online qua thẻ t&iacute;n dụng, chuyển khoản</h3>\r\n\r\n<p>Bước 1: T&igrave;m hiểu th&ocirc;ng tin về sản phẩm<br />\r\nBước 2: X&aacute;c thực đơn h&agrave;ng (qua điện thoại, tin nhắn, email)<br />\r\nBước 3: Kh&aacute;ch h&agrave;ng thực hiện thanh to&aacute;n 100% gi&aacute; trị đơn h&agrave;ng (đơn h&agrave;ng thanh to&aacute;n th&agrave;nh c&ocirc;ng sẽ b&aacute;o qua điện thoại, tin nhắn, email)<br />\r\nBước 4: Bộ phận CSKH của DP GREEN-PHAR sẽ li&ecirc;n hệ với qu&yacute; kh&aacute;ch để x&aacute;c nhận th&ocirc;ng tin v&agrave; đơn h&agrave;ng, đủ điều kiện đơn h&agrave;ng sẽ được chuyển qua cho bộ phận giao h&agrave;ng<br />\r\nBước 5: Giao h&agrave;ng<br />\r\nBước 6: Kh&aacute;ch h&agrave;ng nhận h&agrave;ng.</p>\r\n\r\n<h2>10. Giải quyết tranh chấp</h2>\r\n\r\n<p>Bất kỳ tranh c&atilde;i, khiếu nại hoặc tranh chấp ph&aacute;t sinh từ hoặc li&ecirc;n quan đến giao dịch tại greenphar.com hoặc c&aacute;c Quy định v&agrave; Điều kiện n&agrave;y đều sẽ được giải quyết bằng h&igrave;nh thức thương lượng, h&ograve;a giải, trọng t&agrave;i v&agrave;/hoặc T&ograve;a &aacute;n theo Luật bảo vệ Người ti&ecirc;u d&ugrave;ng Chương 4 về Giải quyết tranh chấp giữa người ti&ecirc;u d&ugrave;ng v&agrave; tổ chức, c&aacute; nh&acirc;n kinh doanh h&agrave;ng h&oacute;a, dịch vụ.</p>\r\n\r\n<h2>11. Luật ph&aacute;p v&agrave; thẩm quyền tại L&atilde;nh thổ Việt Nam</h2>\r\n\r\n<p>Tất cả c&aacute;c Điều Khoản, Điều Kiện v&agrave; Hợp Đồng n&agrave;y (v&agrave; tất cả nghĩa vụ ph&aacute;t sinh ngo&agrave;i hợp đồng hoặc c&oacute; li&ecirc;n quan) sẽ bị chi phối v&agrave; được hiểu theo luật ph&aacute;p của Việt Nam. Nếu c&oacute; tranh chấp ph&aacute;t sinh bởi c&aacute;c Quy định Sử dụng n&agrave;y, qu&yacute; kh&aacute;ch h&agrave;ng c&oacute; quyền gửi khiếu nại/khiếu kiện l&ecirc;n T&ograve;a &aacute;n c&oacute; thẩm quyền tại Việt Nam để giải quyết.</p>\r\n', 'pa1.jpg', '2017-07-10 22:07:51', '2017-12-03 17:12:21', 1, '', '', '', '', '', '', 'Điều khoản sử dụng', '', 'dieu-khoan-su-dung', 1),
(46, 'page test 1', '', '', '', '2017-12-08 14:12:11', NULL, 1, '', '', '', '', '', '', 'page test 1', '', 'page-test-1', 1),
(47, 'page test 2', '', '', '', '2017-12-08 14:12:24', NULL, 1, '', '', '', '', '', '', 'page test 2', '', 'page-test-2', 1),
(48, 'page test 3', '', '', '', '2017-12-08 14:12:34', NULL, 1, '', '', '', '', '', '', 'page test 3', '', 'page-test-3', 1),
(49, 'page test 4', '', '', '', '2017-12-08 14:12:56', NULL, 1, '', '', '', '', '', '', 'page test 4', '', 'page-test-4', 1),
(50, 'page test 5', '', '', '', '2017-12-08 14:12:09', NULL, 1, '', '', '', '', '', '', 'page test 5', '', 'page-test-5', 1),
(51, 'page test 6', '', '', '', '2017-12-08 14:12:24', NULL, 1, '', '', '', '', '', '', 'page test 6', '', 'page-test-6', 1),
(52, 'page test 7', '', '', '', '2017-12-08 14:12:35', NULL, 1, '', '', '', '', '', '', 'page test 7', '', 'page-test-7', 1),
(53, 'page test 8', '', '', '', '2017-12-08 14:12:46', NULL, 1, '', '', '', '', '', '', 'page test 8', '', 'page-test-8', 1),
(54, 'page test 9', '', '', '', '2017-12-08 14:12:56', NULL, 1, '', '', '', '', '', '', 'page test 9', '', 'page-test-9', 1),
(55, 'page test 10', '', '', '', '2017-12-08 14:12:06', NULL, 1, '', '', '', '', '', '', 'page test 10', '', 'page-test-10', 1);
INSERT INTO `page` (`page_id`, `page_name`, `page_des`, `page_content`, `page_img`, `page_created_date`, `page_update_date`, `state`, `page_sub_info1`, `page_sub_info2`, `page_sub_info3`, `page_sub_info4`, `page_sub_info5`, `keyword`, `title_seo`, `des_seo`, `friendly_url`, `created_id`) VALUES
(56, 'payment online', '', '<p><span style=\"font-size:14.0pt\"><span style=\"font-family:&quot;Times New Roman&quot;,&quot;serif&quot;\">Payment online is extremely useful service for every the customers using the service at Vietnam fast track. To book you only need to fill a form. We will process the verification information then you will receive a successful payment confirmation email. </span></span></p>\r\n', NULL, '2017-12-08 14:12:15', '2018-08-23 15:08:59', 1, '', '', '', '', '', '', 'payment online', '', 'payment-online-page', 1),
(57, ' Hướng dẫn mua hàng', '', '<h1 style=\"margin-left:0px; margin-right:0px; text-align:start\"><span style=\"font-size:13px\"><span style=\"color:#333333\"><span style=\"font-family:&quot;Open Sans&quot;,sans-serif\"><span style=\"background-color:#ffffff\"><strong>SPRO.VN</strong>&nbsp;- L&agrave; 1 giải ph&aacute;p mua h&agrave;ng tuyệt vời đối với qu&yacute; kh&aacute;ch h&agrave;ng xa gần, bởi n&oacute; được đảm bảo t&iacute;nh ph&aacute;p l&yacute; của 1 c&ocirc;ng ty thiết bị l&acirc;u năm trong l&atilde;nh vực.</span></span></span></span></h1>\r\n\r\n<p style=\"margin-left:0px; margin-right:0px; text-align:start\"><span style=\"font-size:13px\"><span style=\"color:#333333\"><span style=\"font-family:&quot;Open Sans&quot;,sans-serif\"><span style=\"background-color:#ffffff\">Thị trường rộng lớn đ&atilde; v&agrave; đang li&ecirc;n kết được với nhiều đối t&aacute;c giao h&agrave;ng, tiện lợi, uy t&iacute;nh v&agrave; chuy&ecirc;n nghiệp.</span></span></span></span></p>\r\n\r\n<p style=\"margin-left:0px; margin-right:0px; text-align:start\"><span style=\"font-size:13px\"><span style=\"color:#333333\"><span style=\"font-family:&quot;Open Sans&quot;,sans-serif\"><span style=\"background-color:#ffffff\">Vận chuyển h&agrave;ng h&oacute;a tận nơi, đối với những sản phẩm kh&oacute; lắp đặt đ&atilde; c&oacute; đội ngũ kỹ thuật lắp đặt hướng dẫn ngay tại nh&agrave; m&agrave; kh&ocirc;ng cần mất th&ecirc;m chi ph&iacute;.</span></span></span></span></p>\r\n\r\n<p style=\"margin-left:0px; margin-right:0px; text-align:start\"><span style=\"font-size:13px\"><span style=\"color:#333333\"><span style=\"font-family:&quot;Open Sans&quot;,sans-serif\"><span style=\"background-color:#ffffff\">Điều đ&oacute; đồng nghĩa với việc kh&aacute;ch h&agrave;ng c&oacute; thể mua h&agrave;ng ngay khi ngồi tại nh&agrave; m&agrave; vẫn đảm bảo 100% những m&ocirc; tả của ch&uacute;ng t&ocirc;i l&agrave; ch&iacute;nh x&aacute;c, h&igrave;nh ảnh v&agrave; video l&agrave; x&aacute;c thực.</span></span></span></span></p>\r\n\r\n<p style=\"margin-left:0px; margin-right:0px; text-align:start\"><span style=\"font-size:13px\"><span style=\"color:#333333\"><span style=\"font-family:&quot;Open Sans&quot;,sans-serif\"><span style=\"background-color:#ffffff\"><strong>C&Aacute;CH MUA H&Agrave;NG NHƯ THẾ N&Agrave;O?</strong></span></span></span></span></p>\r\n\r\n<p style=\"margin-left:0px; margin-right:0px; text-align:start\"><span style=\"font-size:13px\"><span style=\"color:#333333\"><span style=\"font-family:&quot;Open Sans&quot;,sans-serif\"><span style=\"background-color:#ffffff\"><strong><u>Mua h&agrave;ng tại cửa h&agrave;ng:&nbsp;</u>&nbsp;</strong>143 B&igrave;nh Lợi, Phường 13, Quận B&igrave;nh Thạnh</span></span></span></span><br />\r\n&nbsp;</p>\r\n\r\n<p style=\"margin-left:0px; margin-right:0px; text-align:start\"><span style=\"font-size:13px\"><span style=\"color:#333333\"><span style=\"font-family:&quot;Open Sans&quot;,sans-serif\"><span style=\"background-color:#ffffff\"><strong>Bước 1:</strong>&nbsp;Li&ecirc;n hệ với số&nbsp;<strong>Hotline</strong>:&nbsp;<strong>028.35.534.298</strong>&nbsp;&nbsp;của cửa h&agrave;ng để biết ch&iacute;nh x&aacute;c về t&igrave;nh trạng h&agrave;ng h&oacute;a &ndash; Địa chỉ x&aacute;c thực v&agrave; t&ecirc;n người phụ tr&aacute;ch b&aacute;n h&agrave;ng.</span></span></span></span></p>\r\n\r\n<p style=\"margin-left:0px; margin-right:0px; text-align:start\"><span style=\"font-size:13px\"><span style=\"color:#333333\"><span style=\"font-family:&quot;Open Sans&quot;,sans-serif\"><span style=\"background-color:#ffffff\"><strong>Bước 2:</strong>&nbsp;Mua h&agrave;ng + Đặt cọc + l&ecirc;n lịch giao h&agrave;ng (thỏa thuận)</span></span></span></span></p>\r\n\r\n<p style=\"margin-left:0px; margin-right:0px; text-align:start\"><span style=\"font-size:13px\"><span style=\"color:#333333\"><span style=\"font-family:&quot;Open Sans&quot;,sans-serif\"><span style=\"background-color:#ffffff\"><strong>Bước 3:</strong>&nbsp;Nhận h&agrave;ng tại nh&agrave;, kiểm tra đầy đủ phụ kiện, thanh to&aacute;n cho nh&acirc;n vi&ecirc;n giao h&agrave;ng số tiền c&ograve;n lại.</span></span></span></span></p>\r\n\r\n<p style=\"margin-left:0px; margin-right:0px; text-align:start\"><span style=\"font-size:13px\"><span style=\"color:#333333\"><span style=\"font-family:&quot;Open Sans&quot;,sans-serif\"><span style=\"background-color:#ffffff\"><strong><u>Mua h&agrave;ng online:</u></strong></span></span></span></span></p>\r\n\r\n<p style=\"margin-left:0px; margin-right:0px; text-align:start\"><span style=\"font-size:13px\"><span style=\"color:#333333\"><span style=\"font-family:&quot;Open Sans&quot;,sans-serif\"><span style=\"background-color:#ffffff\"><strong>Bước 1:</strong>&nbsp;Truy cập v&agrave;o website&nbsp;<strong>SPRO.VN</strong>&nbsp;t&igrave;m sản phẩm tr&ecirc;n menu hoặc tr&ecirc;n c&ocirc;ng cụ t&igrave;m kiếm</span></span></span></span></p>\r\n\r\n<p style=\"margin-left:72pt; margin-right:0px; text-align:start\"><span style=\"font-size:13px\"><span style=\"color:#333333\"><span style=\"font-family:&quot;Open Sans&quot;,sans-serif\"><span style=\"background-color:#ffffff\"><span style=\"font-family:&quot;Courier New&quot;\">o&nbsp;&nbsp;&nbsp;</span>V&iacute; dụ: mua m&aacute;y gia xe gia đ&igrave;nh chỉ cần g&otilde; v&agrave;o thanh t&igrave;m kiếm &ldquo;M&aacute;y rửa xe gia đ&igrave;nh&rdquo; hoặc &ldquo;may rua xe gia dinh&rdquo; hoặc &ldquo;gia đ&igrave;nh&rdquo;, &ldquo;gia dinh&rdquo; tuy nhi&ecirc;n t&igrave;m c&agrave;ng chi tiết th&igrave; c&agrave;ng dễ chọn được sản phẩm ph&ugrave; hợp. Hoặc t&igrave;m theo m&atilde; sản phẩm v&iacute; dụ: &ldquo;k2 360&rdquo;...</span></span></span></span></p>\r\n\r\n<p style=\"margin-left:0px; margin-right:0px; text-align:start\"><span style=\"font-size:13px\"><span style=\"color:#333333\"><span style=\"font-family:&quot;Open Sans&quot;,sans-serif\"><span style=\"background-color:#ffffff\"><strong>Bước 2:</strong>&nbsp; Gọi điện thoại tr&ecirc;n website để được nh&acirc;n vi&ecirc;n tư vấn v&agrave; mua h&agrave;ng lu&ocirc;n qua điện thoại, hoặc click v&agrave;o n&uacute;t đặt h&agrave;ng l&agrave;m theo hướng dẫn sau đ&acirc;y để mua h&agrave;ng:</span></span></span></span></p>\r\n\r\n<p style=\"margin-left:0px; margin-right:0px; text-align:start\"><span style=\"font-size:13px\"><span style=\"color:#333333\"><span style=\"font-family:&quot;Open Sans&quot;,sans-serif\"><span style=\"background-color:#ffffff\"><strong>Bước 3:</strong>&nbsp;Tiếp nhận điện thoại x&aacute;c nhận đơn h&agrave;ng của c&aacute;c tổng đ&agrave;i vi&ecirc;n &ndash; Thỏa thuận c&aacute;c phương thức vận chuyển thanh to&aacute;n sao cho ph&ugrave; hợp nhất.</span></span></span></span></p>\r\n\r\n<p style=\"margin-left:0px; margin-right:0px; text-align:start\"><span style=\"font-size:13px\"><span style=\"color:#333333\"><span style=\"font-family:&quot;Open Sans&quot;,sans-serif\"><span style=\"background-color:#ffffff\"><strong>Bước 4:</strong>&nbsp;Nhận h&agrave;ng v&agrave; kiểm tra h&agrave;ng h&oacute;a tại nh&agrave;, li&ecirc;n hệ số điện thoại kỹ thuật để nhận được tư vấn khi sử dụng hoặc thắc mắc về sự cố: 0961.958.460 (Mr. Tuấn).</span></span></span></span></p>\r\n\r\n<p style=\"margin-left:0px; margin-right:0px; text-align:start\"><span style=\"font-size:13px\"><span style=\"color:#333333\"><span style=\"font-family:&quot;Open Sans&quot;,sans-serif\"><span style=\"background-color:#ffffff\"><strong><u>Mua h&agrave;ng qua điện thoại:</u></strong></span></span></span></span></p>\r\n\r\n<p style=\"margin-left:0px; margin-right:0px; text-align:start\"><span style=\"font-size:13px\"><span style=\"color:#333333\"><span style=\"font-family:&quot;Open Sans&quot;,sans-serif\"><span style=\"background-color:#ffffff\"><strong><u>Hồ Ch&iacute; Minh:</u></strong><br />\r\n<br />\r\n<strong>&nbsp;Hotline</strong>: 0835.534.298</span></span></span></span></p>\r\n\r\n<p style=\"margin-left:0px; margin-right:0px; text-align:start\"><span style=\"font-size:13px\"><span style=\"color:#333333\"><span style=\"font-family:&quot;Open Sans&quot;,sans-serif\"><span style=\"background-color:#ffffff\">Mr.Ph&uacute;: 0986.954.423</span></span></span></span></p>\r\n\r\n<p style=\"margin-left:0px; margin-right:0px; text-align:start\"><span style=\"font-size:13px\"><span style=\"color:#333333\"><span style=\"font-family:&quot;Open Sans&quot;,sans-serif\"><span style=\"background-color:#ffffff\">Ms.Hường: 0909.115.704</span></span></span></span></p>\r\n\r\n<p style=\"margin-left:0px; margin-right:0px; text-align:start\"><span style=\"font-size:13px\"><span style=\"color:#333333\"><span style=\"font-family:&quot;Open Sans&quot;,sans-serif\"><span style=\"background-color:#ffffff\">Mr.Biển: 0965.570.643</span></span></span></span></p>\r\n\r\n<p style=\"margin-left:0px; margin-right:0px; text-align:start\"><span style=\"font-size:13px\"><span style=\"color:#333333\"><span style=\"font-family:&quot;Open Sans&quot;,sans-serif\"><span style=\"background-color:#ffffff\">Mr.Hưng: 0962.073.945 (Tiếp nhận kh&aacute;ch h&agrave;ng c&oacute; nhu cầu l&agrave;m đại l&yacute;)</span></span></span></span></p>\r\n\r\n<p style=\"margin-left:0px; margin-right:0px; text-align:start\"><span style=\"font-size:13px\"><span style=\"color:#333333\"><span style=\"font-family:&quot;Open Sans&quot;,sans-serif\"><span style=\"background-color:#ffffff\"><strong><u>H&agrave; Nội:</u></strong></span></span></span></span></p>\r\n\r\n<p style=\"margin-left:0px; margin-right:0px; text-align:start\"><span style=\"font-size:13px\"><span style=\"color:#333333\"><span style=\"font-family:&quot;Open Sans&quot;,sans-serif\"><span style=\"background-color:#ffffff\"><strong>Hotline</strong>: 0976.666.906 Mr.Hưng</span></span></span></span></p>\r\n\r\n<p style=\"margin-left:0px; margin-right:0px; text-align:start\"><span style=\"font-size:13px\"><span style=\"color:#333333\"><span style=\"font-family:&quot;Open Sans&quot;,sans-serif\"><span style=\"background-color:#ffffff\">Mr.Đạo: 0964.063.553</span></span></span></span></p>\r\n', NULL, '2018-03-31 10:03:16', '2018-03-31 10:03:38', 1, '', '', '', '', '', '', ' Hướng dẫn mua hàng', '', 'huong-dan-mua-hang', 1),
(58, 'Chính sách vận chuyển', '', '<p>&nbsp;Ch&iacute;nh s&aacute;ch vận chuyển</p>\r\n', '', '2018-03-31 10:03:47', NULL, 1, '', '', '', '', '', '', 'Chính sách vận chuyển', '', 'chinh-sach-van-chuyen', 1),
(59, 'ABOUT US', 'Vietnamfasttrack company is one of the most reputable and quality companies in the market. We specialize in transporting people and goods, both at domestic and abroad. With a team of staffs and professional drivers that work over 10 years, our company is confident to bring the best service to everyone. ', '<h2 dir=\"ltr\"><strong>The services of Vietnamfasttrack</strong></h2>\r\n\r\n<p dir=\"ltr\" style=\"text-align:justify\">We provide services at airports for all types of travelers, who don&rsquo;t want to &nbsp;have to queue for many hours to complete airport procedures. If you have an upcoming meeting or any other reason that you are in a hurry, you could book the services of our company to be served as a VIP guest at all Vietnam international airports. The services provided by <a href=\"http://vietnamfasttrack.org/\"><strong>Vietnam fast-track</strong></a> help customers no longer have to worry at any international airport in Vietnam. With our range of services, customers can leave the airport early and will no longer have to wait in long lines, because we will assist you and your luggage when you arrive at the airport. Our system includes a welcome airside at the air bridge, fast track and assistance through visa and border control. Booking and reservation systems will help you select and book the service accurately.</p>\r\n\r\n<p dir=\"ltr\" style=\"text-align:justify\"><a href=\"http://vietnamfasttrack.org/gioi-thieu\"><strong>Vietnam fast-track</strong></a> works with the motto: react fast, start smoothly, and connect successfully. We specialize in providing two main types of services: Vietnam VIP airport fast-track, and Vietnam visa on arrival.</p>\r\n\r\n<h2 dir=\"ltr\">&nbsp;</h2>\r\n\r\n<h2 dir=\"ltr\"><strong>1 Vietnam VIP airport fasttrack</strong></h2>\r\n\r\n<p dir=\"ltr\" style=\"text-align:justify\">Vietnam VIP airport fasttrack is the company&rsquo;s trademark service and the one that built our reputation as the leading company in airport services. Our staff will meet you at the air bridge. They will help you bypass the queue to check your visa or passport, escort you to the luggage area and customs. Before departure, they will contact your driver, assist you through booking and entry; and take you to the airline lounge and the port. Our strength lies in the fast, easy and professional process that help customers optimize their time at the airport, with high quality customer service, our will to provide service to all kinds of customers at a reasonable price</p>\r\n\r\n<h2 dir=\"ltr\">&nbsp;</h2>\r\n\r\n<h2 dir=\"ltr\"><strong>2. Vietnam visa on arrival</strong></h2>\r\n\r\n<p dir=\"ltr\" style=\"text-align:justify\">Another main service of Vietnamfasttrack, Vietnam visa on arrival works in harmony with the VIP airport fasttrack service to help customers accomplish the airport procedures the quickest way possible. To enter any country, the first step is to apply for a visa of that country. The visa application procedure has to go through many steps and take a lot of time. Understanding how this can be an inconvenience for customers, Visa on arrival is designed by Vietnamfasttrack to be the best option for those who are away from the embassy, or in urgent need of a visa to enter the country. The Vietnam Visa on Arrival service helps you get your entry visa right at the airport. This visa procedure is very simple, it costs almost no time and travel expenses.</p>\r\n\r\n<p dir=\"ltr\" style=\"text-align:justify\">Customers do not have to apply for a visa before flying, but only need a Visa approval letter, provided by Vietnamfasttrack, and get a visa on arrival at the airport. Guests can obtain their own visa at the airport with this letter. If you want to get the visa right after landing, Vietnam fast-track provides Vietnam VIP airport fast track service to ensure your wish.</p>\r\n\r\n<p dir=\"ltr\" style=\"text-align:justify\">Besides, we have additional services to give customers the best experience with Vietnam airport transfer and Vietnam VIP lounge.</p>\r\n\r\n<h2 dir=\"ltr\">&nbsp;</h2>\r\n\r\n<h2 dir=\"ltr\"><strong>3. Vietnam airport transfer</strong></h2>\r\n\r\n<p dir=\"ltr\" style=\"text-align:justify\">Aside from airport procedures, another thing that often take a lot of time and tire out foreign customers when coming to Vietnam is finding a suitable transportation means to the hotel or their accomodation. That is the reason for our Vietnam airport transfer service. We provide a fast and convenient transportation service that is ready right after you step out of the airport. Our booking processors and booking service allow you to enter details of your trip, it will list a variety of vehicles for you to choose from. We provide a list of vehicles, including group travel prices for arrivals and departures from the airport to convention centers or hotels.</p>\r\n\r\n<p dir=\"ltr\" style=\"text-align:justify\">Vietnam airport transfer always uses new high quality vehicles, professional drivers who have been trained with English skills and cultural knowledge.</p>\r\n\r\n<h2 dir=\"ltr\">&nbsp;</h2>\r\n\r\n<h2 dir=\"ltr\"><strong>4. Vietnam VIP lounge</strong></h2>\r\n\r\n<p dir=\"ltr\" style=\"text-align:justify\">A true feeling of comfort and luxury, the Vietnam VIP lounge serves to give you the best time at the airport. A private space when dropping a nap on a massage chair to prepare for a long flight; choose a menu that best suits you while enjoying the weather; using the Wi-Fi internet to work even before boarding a business center area is something your business is looking forward to.</p>\r\n\r\n<p dir=\"ltr\" style=\"text-align:justify\">There is a VIP lounge at each international airport, our staff will come to the airport welcome guests, and then VIP facilities will transfer guests into the VIP lounge and complete procedures for guests. You will enjoy the VIP service while we help you complete the procedure.</p>\r\n\r\n<h2 dir=\"ltr\">&nbsp;</h2>\r\n\r\n<h2 dir=\"ltr\"><strong>Our values</strong></h2>\r\n\r\n<p dir=\"ltr\" style=\"text-align:justify\">We always strive to improve the quality of our services such as the selection of modern vehicles, easy and flexible booking, language training and cultural understanding for the drivers as well as the professionalism of the service staff, we are even willing to provide tour guides if you have a need. In the future, the company will become the famous brand in Vietnam and abroad, so the customers can trust the price and quality of our services.</p>\r\n\r\n<p dir=\"ltr\" style=\"text-align:justify\">For over 10 years, Vietnam fast-track Company has assisted thousands of travelers over the airport. The fast track service applies to any traveler, on any airline brand, in any cabin class, and at all major airports. Our specialized staff will help you choose the most accurate service at the lowest cost. We always provide you with the best service, with special assistance to meet your needs at domestic and international airports.</p>\r\n', NULL, '2018-03-31 10:03:35', '2018-06-27 08:06:00', 1, '', '', '', '', '', 'Vietnam Airport Fast-Track', 'About Us', 'Vietnamfasttrack company is one of the most reputable and quality companies in the market. We specialize in transporting people and goods, both at domestic and abroad. With a team of staffs and professional drivers that work over 10 years, our company is confident to bring the best service to everyone. ', 'about-us', 1);

-- --------------------------------------------------------

--
-- Cấu trúc bảng cho bảng `page_languages`
--

CREATE TABLE `page_languages` (
  `id` bigint(20) NOT NULL,
  `page_id` int(11) DEFAULT NULL,
  `languages_code` varchar(255) COLLATE utf8_unicode_ci DEFAULT NULL,
  `lang_page_name` text COLLATE utf8_unicode_ci,
  `lang_page_des` text COLLATE utf8_unicode_ci,
  `lang_page_content` text COLLATE utf8_unicode_ci,
  `lang_page_sub_info1` text COLLATE utf8_unicode_ci,
  `lang_page_sub_info2` text COLLATE utf8_unicode_ci,
  `lang_page_sub_info3` text COLLATE utf8_unicode_ci,
  `lang_page_sub_info4` text COLLATE utf8_unicode_ci,
  `lang_page_sub_info5` text COLLATE utf8_unicode_ci,
  `edit_state` int(11) NOT NULL DEFAULT '0',
  `friendly_url` varchar(255) COLLATE utf8_unicode_ci DEFAULT NULL,
  `title_seo` varchar(255) COLLATE utf8_unicode_ci DEFAULT NULL,
  `keyword` text COLLATE utf8_unicode_ci,
  `des_seo` text COLLATE utf8_unicode_ci
) ENGINE=InnoDB DEFAULT CHARSET=utf8 COLLATE=utf8_unicode_ci;

--
-- Đang đổ dữ liệu cho bảng `page_languages`
--

INSERT INTO `page_languages` (`id`, `page_id`, `languages_code`, `lang_page_name`, `lang_page_des`, `lang_page_content`, `lang_page_sub_info1`, `lang_page_sub_info2`, `lang_page_sub_info3`, `lang_page_sub_info4`, `lang_page_sub_info5`, `edit_state`, `friendly_url`, `title_seo`, `keyword`, `des_seo`) VALUES
(35, 35, 'vn', 'Giới thiệu vn', 'Lĩnh vực hoạt động: Marketing Online toàn diện - quảng cáo, seo, thiết kế website, email marketing, thiết kế đồ họa, quản trị mạng xã hội, quản trị website,…..', '<p><img alt=\"\" src=\"../image/slide1.jpg\" /></p>\r\n\r\n<p>C&ocirc;ng ty cổ phần DP GREEN- PHAR được th&agrave;nh lập bởi Dược sĩ Đai học Dược H&agrave; Nội Trần Kh&aacute;nh H&ograve;a từ 2015. Trải qua qu&aacute; tr&igrave;nh nghi&ecirc;n cứu &amp; tư vấn điều trị bệnh ngo&agrave;i c&ocirc;ng đồng, DP GREEN- PHAR được th&agrave;nh lập với mục ti&ecirc;u:</p>\r\n\r\n<p>DP GREEN-PHAR trung t&acirc;m tư vấn &amp; t&igrave;m giải ph&aacute;p xử l&yacute; c&aacute;c bệnh ngo&agrave;i cộng đồng.<br />\r\nƯu ti&ecirc;n giải quyết c&aacute;c vấn đề về sức khỏe cho qu&yacute; kh&aacute;ch h&agrave;ng l&agrave; số 1.<br />\r\nKết hợp với đội ngũ Dược Sĩ của nh&agrave; m&aacute;y Armephaco 12- x&iacute; nghiệp dược phẩm 120- Qu&acirc;n đội, nghi&ecirc;n cứu đưa ra những sản phẩm, giải ph&aacute;p chất lượng cao: HIỆU QUẢ- AN TO&Agrave;N với người sử dụng.</p>\r\n\r\n<h2>Th&ocirc;ng tin c&ocirc;ng ty:</h2>\r\n\r\n<p><strong>C&Ocirc;NG TY CỔ PHẦN DP GREEN-PHAR</strong><br />\r\nĐược cấp giấy chứng nhận ĐKKD số 0106800687 do Sở Kế Hoạch v&agrave; Đầu Tư H&agrave; Nội cấp ng&agrave;y 25/04/2015, c&oacute; trụ sở ch&iacute;nh đặt tại số 19, ng&otilde; 4, phố Văn La, H&agrave; Đ&ocirc;ng, H&agrave; Nội</p>\r\n\r\n<h2>C&aacute;c lĩnh vực hoạt động</h2>\r\n\r\n<p>Tư vấn &amp; t&igrave;m giải ph&aacute;p cho c&aacute;c bệnh tại c&ocirc;ng đồng<br />\r\nTham gia nghi&ecirc;n cứu c&ugrave;ng Armephaco 120, t&igrave;m ra c&aacute;c sản phẩm c&oacute; hiệu quả cao, an to&agrave;n với người sử dụng.<br />\r\nTrồng &amp; ph&aacute;t triển v&ugrave;ng dược liệu</p>\r\n\r\n<h2>Sau hơn 2 năm nghi&ecirc;n cứu &amp; s&agrave;ng lọc DP GREEN- PHAR đ&atilde; c&oacute; giải ph&aacute;p cho c&aacute;c vấn đề:</h2>\r\n\r\n<p>Bệnh trĩ, đi cầu ra m&aacute;u, bệnh trĩ sau sinh, Suy gi&atilde;n tĩnh mạch.<br />\r\nTiền đ&igrave;nh, đau đầu, ch&oacute;ng mặt, ngủ kh&ocirc;ng ngon.<br />\r\nBệnh đại tr&agrave;ng cấp, m&atilde;n &amp; đại tr&agrave;ng co thắt.<br />\r\nBệnh vi&ecirc;m gan, tăng men gan do rượu. chức năng gan suy giảm do thuốc, h&oacute;a chất...<br />\r\nC&aacute;c sản phẩm bổ sung yếu tố vi lượng: Ca++, Mg ++, Spirulina, men vi sinh...<br />\r\nĐến với DP GREEN- PHAR qu&yacute; kh&aacute;ch h&agrave;ng sẽ được đội ngũ B&aacute;c sĩ, Dược sĩ Đại học Dược H&agrave; Nội tư vấn &amp; t&igrave;m giải ph&aacute;p cho vấn đề sức khỏe của qu&yacute; kh&aacute;ch h&agrave;ng.</p>\r\n\r\n<h2>Đội ngũ bao gồm:</h2>\r\n\r\n<p>B&aacute;c Sĩ, Thạc Sĩ: Nguyễn Văn Quyết.<br />\r\nDược sĩ Đại Học Dược H&agrave; Nội: Trần Kh&aacute;nh H&ograve;a.<br />\r\nDược sĩ Đại Học Dược H&agrave; Nội: Đo&agrave;n Xu&acirc;n Phan.<br />\r\nDược sĩ Đại Học Dược H&agrave; Nội: L&ecirc; Thị Đĩnh.<br />\r\nDược sĩ Đại Học Dược H&agrave; Nội: L&ecirc; Quang H&ograve;a.<br />\r\nC&aacute;c dược sĩ kh&aacute;c: Nguyễn th&igrave; Dơn, L&ecirc; Thị Gi&aacute;ng Hương, L&ecirc; Thị Th&uacute;y, Nguyễn Thị Nh&agrave;n.<br />\r\nVới mục ti&ecirc;u ưu ti&ecirc;n giải quyết c&aacute;c vấn đề về sức khỏe cho qu&yacute; kh&aacute;ch l&agrave; số 1, DP GREEN-PHAR đ&atilde; v&agrave; đang l&agrave;m tốt. Ch&uacute;ng t&ocirc;i cam kết lu&ocirc;n lu&ocirc;n cố gắng nghi&ecirc;n cứu, ho&agrave;n thiện ch&iacute;nh m&igrave;nh để đem lại những sản phẩm, dịch vụ v&agrave; giải ph&aacute;p tốt nhất cho qu&yacute; kh&aacute;ch h&agrave;ng.</p>\r\n\r\n<h2>C&aacute;c chứng chỉ c&ocirc;ng ty đ&atilde; đạt được do bộ y tế cấp.</h2>\r\n\r\n<p>Nh&agrave; m&aacute;y Armepharco 120: GMP- WHO ( Thực h&agrave;nh sản xuất tốt).<br />\r\nDP GREEN- PHAR: GSP- WHO ( Thực h&agrave;nh bảo quản tốt).<br />\r\nDP GREEN &ndash; PHAR: GDP &ndash; WHO ( Thực h&agrave;nh ph&acirc;n phối tốt.<br />\r\nCảm ơn qu&yacute; kh&aacute;ch đ&atilde; tin d&ugrave;ng dịch vụ của ch&uacute;ng t&ocirc;i, DP GREEN- PHAR cam kết sẽ lu&ocirc;n đưa ra c&aacute;c sản phẩm, dịch vụ v&agrave; giải ph&aacute;p hiệu quả, an to&agrave;n cho qu&yacute; kh&aacute;ch.</p>\r\n', '', '', '', '', '', 1, 'gioi-thieu-vn', 'Giới thiệu', 'Goldbridge Việt Nam', 'Lĩnh vực hoạt động: Marketing Online toàn diện - quảng cáo, seo, thiết kế website, email marketing, thiết kế đồ họa, quản trị mạng xã hội, quản trị website,…..'),
(36, 35, 'en', 'Giới thiệu en', 'Giới thiệu công ty. Được thành lập vào năm 1993, Công ty Cổ Phần Kỹ Thuật Toàn Thắng được biết đến như một nhà cung cấp chuyên nghiệp các giải pháp ...', '<p>Được th&agrave;nh lập v&agrave;o năm 1993, C&ocirc;ng ty Cổ Phần Kỹ Thuật To&agrave;n Thắng được biết đến như một&nbsp; nh&agrave; cung cấp chuy&ecirc;n nghiệp c&aacute;c giải ph&aacute;p thiết bị v&agrave; dịch vụ kỹ thuật chất lượng cao, c&ocirc;ng nghệ ti&ecirc;n tiến&nbsp;cho kh&aacute;ch h&agrave;ng ng&agrave;nh dầu kh&iacute;, điện lực v&agrave; một số ng&agrave;nh c&ocirc;ng nghiệp nặng kh&aacute;c.</p>\r\n\r\n<p>C&ocirc;ng ty c&oacute; văn ph&ograve;ng ch&iacute;nh tại TP. Hồ Ch&iacute; Minh v&agrave; một c&ocirc;ng ty con tại TP. Vũng T&agrave;u. Với đội ngũ chuy&ecirc;n gia, kỹ sư được đ&agrave;o tạo chuy&ecirc;n s&acirc;u, chuy&ecirc;n tr&aacute;ch từng mảng sản phẩm, ch&uacute;ng t&ocirc;i lu&ocirc;n đem đến cho kh&aacute;ch h&agrave;ng những giải ph&aacute;p kỹ thuật, thương mại đa dạng, đ&aacute;p ứng tốt nhu cầu ng&agrave;y c&agrave;ng cao của kh&aacute;ch h&agrave;ng.</p>\r\n\r\n<p><img alt=\"\" height=\"564\" src=\"/image/images/670px-conceptualmapfloss(1).png\" style=\"float:right\" width=\"670\" /></p>\r\n\r\n<p>Ch&uacute;ng t&ocirc;i cũng đảm nhận cung cấp c&aacute;c dịch vụ sau b&aacute;n h&agrave;ng như: Bảo tr&igrave;, đại tu, sửa chữa, đ&agrave;o tạo, hướng dẫn sử dụng, dịch vụ quản l&yacute; t&agrave;i sản &amp; hợp đồng v&agrave; c&aacute;c dịch vụ kh&aacute;c tại c&ocirc;ng trường cho kh&aacute;ch h&agrave;ng.</p>\r\n\r\n<p>&nbsp;</p>\r\n', '', '', '', '', '', 1, 'gioi-thieu-en', 'Giới thiệu', '', 'Mô tả cho bài viết giới thiệu'),
(37, 36, 'vn', 'Báo giá', 'Bảng giá dịch thuật công chứng Giá tốt, chất lượng cao, dịch ngay\r\nHơn 8000 CTV Dịch thuật · Hơn 10 năm kinh nghiệm · 100% khách hàng hài lòng', '<h2><strong>PHƯƠNG THỨC GIAO DỊCH ĐỐI VỚI B&Aacute;O GI&Aacute; DỊCH THUẬT</strong></h2>\r\n\r\n<p>1. Ch&uacute;ng t&ocirc;i sẽ giao nhận t&agrave;i liệu tận nơi với những đơn đặt h&agrave;ng tr&ecirc;n 50 trang t&agrave;i liệu.<br />\r\n2. Để tiến h&agrave;nh c&ocirc;ng t&aacute;c dịch thuật v&agrave; phi&ecirc;n dịch Hợp đồng Qu&yacute; kh&aacute;ch cần đặt trước 30% gi&aacute; trị hợp đồng.<br />\r\n3. Nếu qu&yacute; kh&aacute;ch l&agrave; c&ocirc;ng ty c&oacute; nhu cầu dịch thuật dưới 10 trang, Qu&yacute; kh&aacute;ch chỉ cần fax x&aacute;c nhận y&ecirc;u cầu c&oacute; đầy đủ th&ocirc;ng tin li&ecirc;n quan k&egrave;m con dấu, ch&uacute;ng t&ocirc;i sẽ tiến h&agrave;nh thực hiện y&ecirc;u cầu dịch m&agrave; kh&ocirc;ng cần tiền đặt cọc hợp đồng.<br />\r\n4. Đối với kh&aacute;ch h&agrave;ng thường xuy&ecirc;n dịch tại C&ocirc;ng ty dịch thuật Ch&acirc;u &Aacute;, ch&uacute;ng t&ocirc;i sẽ giao nhận tận nơi miễn ph&iacute;.</p>\r\n\r\n<p><strong>Phần ưu ti&ecirc;n kh&aacute;ch h&agrave;ng dịch với số lượng lớn</strong><br />\r\n1. Giảm 5% với số lượng từ 100 &ndash; 500 trang<br />\r\n2. Giảm 10% với số lượng từ 500 &ndash; 1000 trang<br />\r\n3. Giảm 15% với số lượng 1000 trang trở l&ecirc;n</p>\r\n\r\n<p><strong>Lưu &yacute; quan trọng:</strong></p>\r\n\r\n<ul>\r\n	<li>Gi&aacute; dịch chưa bao gồm VAT (10%).</li>\r\n	<li>Mức gi&aacute; tr&ecirc;n kh&ocirc;ng &aacute;p dụng đối với Kh&aacute;ch h&agrave;ng dịch chuy&ecirc;n ng&agrave;nh, dịch gấp, c&ocirc;ng chứng gấp.</li>\r\n	<li>Văn bản hiệu đ&iacute;nh: Hiệu đ&iacute;nh = 50% tiền dịch. Nếu t&agrave;i liệu hiệu đ&iacute;nh sai tr&ecirc;n 30% th&igrave; bản hiệu đ&iacute;nh đ&oacute; được t&iacute;nh bằng tiền dịch.</li>\r\n	<li>Số lượng từ tr&ecirc;n một trang được quy định dưới 300 từ (D&ugrave;ng hệ thống đếm từ tự động Word Count), trường hợp t&agrave;i liệu của qu&yacute; kh&aacute;ch l&agrave; bản cứng kh&ocirc;ng thể đếm từ được sẽ t&iacute;nh x&aacute;c xuất hoặc t&iacute;nh theo bản dịch l&uacute;c n&agrave;y số lượng từ tr&ecirc;n trang sản phẩm c&oacute; thể quy định lại, th&ocirc;ng thường sẽ giao động 10-20%.</li>\r\n	<li>Gi&aacute; dịch từ tiếng nước ngo&agrave;i n&agrave;y sang tiếng nước ngo&agrave;i kh&aacute;c sẽ bằng chi ph&iacute; dịch từ tiếng nước ngo&agrave;i n&agrave;y ra tiếng Việt cộng với từ tiếng Việt sang tiếng nước ngo&agrave;i thứ hai hoặc sẽ t&iacute;nh ph&iacute; dịch trực tiếp nếu c&oacute; y&ecirc;u cầu người bản địa dịch thuật lại</li>\r\n	<li>Nếu qu&yacute; kh&aacute;ch y&ecirc;u cầu dịch gấp, dịch v&agrave;o ng&agrave;y nghỉ, ng&agrave;y lễ gi&aacute; dịch sẽ tăng 25 %, th&ocirc;ng thường đơn đặt h&agrave;ng tr&ecirc;n 20 trang lấy trong ng&agrave;y được coi l&agrave; gấp. Nếu l&agrave; kh&aacute;ch h&agrave;ng thường xuy&ecirc;n của Dịch thuật v&agrave; Phi&ecirc;n dịch Ch&acirc;u &Aacute; qu&yacute; kh&aacute;ch sẽ được miễn ph&iacute; dịch vụ cộng th&ecirc;m n&agrave;y.</li>\r\n	<li>Đối với t&agrave;i liệu chuy&ecirc;n ng&agrave;nh như: Hợp đồng kinh tế, kỹ thuật, thương mại, t&agrave;i ch&iacute;nh,y học, dược phẩm... th&igrave; ngo&agrave;i tiền dịch + 30% tiền dịch chuy&ecirc;n ng&agrave;nh.</li>\r\n</ul>\r\n\r\n<h3>BẢNG GI&Aacute; DỊCH THUẬT N&Agrave;Y C&Oacute; THỂ THAY ĐỔI PHỤ THUỘC V&Agrave;O NHU CẦU THỰC TẾ CỦA DỰ &Aacute;N, HỢP ĐỒNG V&Agrave; SỰ THỎA THUẬN GIỮA HAI B&Ecirc;N !</h3>\r\n\r\n<p>Chuyển ngữ v&agrave; địa phương h&oacute;a t&agrave;i liệu rất quan trọng n&oacute; c&oacute; ảnh hưởng rất lớn đến c&ocirc;ng việc v&agrave; quyết định trong dự &aacute;n của bạn. Qu&yacute; kh&aacute;ch đang t&igrave;m một đơn vị&nbsp;<a href=\"https://www.dichthuatchaua.com/bien-phien-dich/dich-thuat/dich-thuat-cong-chung.html\" title=\"Dịch thuật công chứng\">Dịch Thuật</a>&nbsp;chuy&ecirc;n nghiệp v&agrave; gi&agrave;u kinh nghiệm trong việc Địa phương h&oacute;a t&agrave;i liệu, đảm bảo thời gian ch&iacute;nh x&aacute;c v&agrave; chất lượng tuyệt đối, chi ph&iacute; hợp l&yacute; nhất. H&atilde;y li&ecirc;n hệ ngay với&nbsp;<a href=\"https://www.dichthuatchaua.com/gioi-thieu-cong-ty-dich-thuat.html\" title=\"Công ty dịch thuật chuyên nghiệp\">C&ocirc;ng ty dịch thuật Ch&acirc;u &Aacute;</a>&nbsp;để được nhưng chuy&ecirc;n gia tư vấn chuy&ecirc;n nghiệp, gi&agrave;u kinh nghiệm gi&uacute;p Qu&yacute; kh&aacute;ch.</p>\r\n\r\n<p><img alt=\"\" height=\"800\" src=\"/image/images/55e7557453f13-sierra-fig2.jpg\" width=\"1600\" /></p>\r\n\r\n<p>&nbsp;</p>\r\n\r\n<p>Dự &aacute;n, Hợp đồng của Qu&yacute; kh&aacute;ch h&agrave;ng rất quan trọng, Qu&yacute; kh&aacute;ch h&agrave;ng đang muốn t&igrave;m một đơn vị Dịch thuật c&oacute; thể đảm bảo về thời gian, chất lượng v&agrave; cung cấp gi&aacute; cả tốt nhất, h&atilde;y li&ecirc;n lạc với số Hotline: 0932232318 (H&agrave; Nội) hoặc 0932237939 (TP HCM) của Dich thuật v&agrave; Phi&ecirc;n dịch Ch&acirc;u &Aacute; sẽ l&agrave;m Qu&yacute; kh&aacute;ch h&agrave;i l&ograve;ng.</p>\r\n\r\n<p>Cảm ơn Qu&yacute; kh&aacute;ch đ&atilde; ngh&eacute; thăm website của Dịch thuật v&agrave; Phi&ecirc;n dịch Ch&acirc;u &Aacute;, ch&uacute;ng t&ocirc;i lu&ocirc;n cam kết đưa ra mức gi&aacute; cạnh tranh v&agrave; chất lương v&agrave; bảo mật bảo đảm tuyệt đối.</p>\r\n', '', '', '', '', '', 0, 'bao-gia', 'Báo giá', 'báo giá dịch vụ', '\"Làm kế toán phải có Tâm với Doanh nghiệp. Đang Tư vấn Miễn Phí. Tìm hiểu ngay!\r\nBảo hành trọn đời · Bảo vệ Doanh Nghiệp\"'),
(38, 36, 'en', 'Báo giá', 'Bảng giá dịch thuật công chứng Giá tốt, chất lượng cao, dịch ngay\r\nHơn 8000 CTV Dịch thuật · Hơn 10 năm kinh nghiệm · 100% khách hàng hài lòng', '<h2><strong>PHƯƠNG THỨC GIAO DỊCH ĐỐI VỚI B&Aacute;O GI&Aacute; DỊCH THUẬT</strong></h2>\r\n\r\n<p>1. Ch&uacute;ng t&ocirc;i sẽ giao nhận t&agrave;i liệu tận nơi với những đơn đặt h&agrave;ng tr&ecirc;n 50 trang t&agrave;i liệu.<br />\r\n2. Để tiến h&agrave;nh c&ocirc;ng t&aacute;c dịch thuật v&agrave; phi&ecirc;n dịch Hợp đồng Qu&yacute; kh&aacute;ch cần đặt trước 30% gi&aacute; trị hợp đồng.<br />\r\n3. Nếu qu&yacute; kh&aacute;ch l&agrave; c&ocirc;ng ty c&oacute; nhu cầu dịch thuật dưới 10 trang, Qu&yacute; kh&aacute;ch chỉ cần fax x&aacute;c nhận y&ecirc;u cầu c&oacute; đầy đủ th&ocirc;ng tin li&ecirc;n quan k&egrave;m con dấu, ch&uacute;ng t&ocirc;i sẽ tiến h&agrave;nh thực hiện y&ecirc;u cầu dịch m&agrave; kh&ocirc;ng cần tiền đặt cọc hợp đồng.<br />\r\n4. Đối với kh&aacute;ch h&agrave;ng thường xuy&ecirc;n dịch tại C&ocirc;ng ty dịch thuật Ch&acirc;u &Aacute;, ch&uacute;ng t&ocirc;i sẽ giao nhận tận nơi miễn ph&iacute;.</p>\r\n\r\n<p><strong>Phần ưu ti&ecirc;n kh&aacute;ch h&agrave;ng dịch với số lượng lớn</strong><br />\r\n1. Giảm 5% với số lượng từ 100 &ndash; 500 trang<br />\r\n2. Giảm 10% với số lượng từ 500 &ndash; 1000 trang<br />\r\n3. Giảm 15% với số lượng 1000 trang trở l&ecirc;n</p>\r\n\r\n<p><strong>Lưu &yacute; quan trọng:</strong></p>\r\n\r\n<ul>\r\n	<li>Gi&aacute; dịch chưa bao gồm VAT (10%).</li>\r\n	<li>Mức gi&aacute; tr&ecirc;n kh&ocirc;ng &aacute;p dụng đối với Kh&aacute;ch h&agrave;ng dịch chuy&ecirc;n ng&agrave;nh, dịch gấp, c&ocirc;ng chứng gấp.</li>\r\n	<li>Văn bản hiệu đ&iacute;nh: Hiệu đ&iacute;nh = 50% tiền dịch. Nếu t&agrave;i liệu hiệu đ&iacute;nh sai tr&ecirc;n 30% th&igrave; bản hiệu đ&iacute;nh đ&oacute; được t&iacute;nh bằng tiền dịch.</li>\r\n	<li>Số lượng từ tr&ecirc;n một trang được quy định dưới 300 từ (D&ugrave;ng hệ thống đếm từ tự động Word Count), trường hợp t&agrave;i liệu của qu&yacute; kh&aacute;ch l&agrave; bản cứng kh&ocirc;ng thể đếm từ được sẽ t&iacute;nh x&aacute;c xuất hoặc t&iacute;nh theo bản dịch l&uacute;c n&agrave;y số lượng từ tr&ecirc;n trang sản phẩm c&oacute; thể quy định lại, th&ocirc;ng thường sẽ giao động 10-20%.</li>\r\n	<li>Gi&aacute; dịch từ tiếng nước ngo&agrave;i n&agrave;y sang tiếng nước ngo&agrave;i kh&aacute;c sẽ bằng chi ph&iacute; dịch từ tiếng nước ngo&agrave;i n&agrave;y ra tiếng Việt cộng với từ tiếng Việt sang tiếng nước ngo&agrave;i thứ hai hoặc sẽ t&iacute;nh ph&iacute; dịch trực tiếp nếu c&oacute; y&ecirc;u cầu người bản địa dịch thuật lại</li>\r\n	<li>Nếu qu&yacute; kh&aacute;ch y&ecirc;u cầu dịch gấp, dịch v&agrave;o ng&agrave;y nghỉ, ng&agrave;y lễ gi&aacute; dịch sẽ tăng 25 %, th&ocirc;ng thường đơn đặt h&agrave;ng tr&ecirc;n 20 trang lấy trong ng&agrave;y được coi l&agrave; gấp. Nếu l&agrave; kh&aacute;ch h&agrave;ng thường xuy&ecirc;n của Dịch thuật v&agrave; Phi&ecirc;n dịch Ch&acirc;u &Aacute; qu&yacute; kh&aacute;ch sẽ được miễn ph&iacute; dịch vụ cộng th&ecirc;m n&agrave;y.</li>\r\n	<li>Đối với t&agrave;i liệu chuy&ecirc;n ng&agrave;nh như: Hợp đồng kinh tế, kỹ thuật, thương mại, t&agrave;i ch&iacute;nh,y học, dược phẩm... th&igrave; ngo&agrave;i tiền dịch + 30% tiền dịch chuy&ecirc;n ng&agrave;nh.</li>\r\n</ul>\r\n\r\n<h3>BẢNG GI&Aacute; DỊCH THUẬT N&Agrave;Y C&Oacute; THỂ THAY ĐỔI PHỤ THUỘC V&Agrave;O NHU CẦU THỰC TẾ CỦA DỰ &Aacute;N, HỢP ĐỒNG V&Agrave; SỰ THỎA THUẬN GIỮA HAI B&Ecirc;N !</h3>\r\n\r\n<p>Chuyển ngữ v&agrave; địa phương h&oacute;a t&agrave;i liệu rất quan trọng n&oacute; c&oacute; ảnh hưởng rất lớn đến c&ocirc;ng việc v&agrave; quyết định trong dự &aacute;n của bạn. Qu&yacute; kh&aacute;ch đang t&igrave;m một đơn vị&nbsp;<a href=\"https://www.dichthuatchaua.com/bien-phien-dich/dich-thuat/dich-thuat-cong-chung.html\" title=\"Dịch thuật công chứng\">Dịch Thuật</a>&nbsp;chuy&ecirc;n nghiệp v&agrave; gi&agrave;u kinh nghiệm trong việc Địa phương h&oacute;a t&agrave;i liệu, đảm bảo thời gian ch&iacute;nh x&aacute;c v&agrave; chất lượng tuyệt đối, chi ph&iacute; hợp l&yacute; nhất. H&atilde;y li&ecirc;n hệ ngay với&nbsp;<a href=\"https://www.dichthuatchaua.com/gioi-thieu-cong-ty-dich-thuat.html\" title=\"Công ty dịch thuật chuyên nghiệp\">C&ocirc;ng ty dịch thuật Ch&acirc;u &Aacute;</a>&nbsp;để được nhưng chuy&ecirc;n gia tư vấn chuy&ecirc;n nghiệp, gi&agrave;u kinh nghiệm gi&uacute;p Qu&yacute; kh&aacute;ch.</p>\r\n\r\n<p><img alt=\"\" src=\"/image/images/55e7557453f13-sierra-fig2.jpg\" style=\"height:800px; width:1600px\" /></p>\r\n\r\n<p>&nbsp;</p>\r\n\r\n<p>Dự &aacute;n, Hợp đồng của Qu&yacute; kh&aacute;ch h&agrave;ng rất quan trọng, Qu&yacute; kh&aacute;ch h&agrave;ng đang muốn t&igrave;m một đơn vị Dịch thuật c&oacute; thể đảm bảo về thời gian, chất lượng v&agrave; cung cấp gi&aacute; cả tốt nhất, h&atilde;y li&ecirc;n lạc với số Hotline: 0932232318 (H&agrave; Nội) hoặc 0932237939 (TP HCM) của Dich thuật v&agrave; Phi&ecirc;n dịch Ch&acirc;u &Aacute; sẽ l&agrave;m Qu&yacute; kh&aacute;ch h&agrave;i l&ograve;ng.</p>\r\n\r\n<p>Cảm ơn Qu&yacute; kh&aacute;ch đ&atilde; ngh&eacute; thăm website của Dịch thuật v&agrave; Phi&ecirc;n dịch Ch&acirc;u &Aacute;, ch&uacute;ng t&ocirc;i lu&ocirc;n cam kết đưa ra mức gi&aacute; cạnh tranh v&agrave; chất lương v&agrave; bảo mật bảo đảm tuyệt đối.</p>\r\n', '', '', '', '', '', 0, 'bao-gia', 'Báo giá', '', 'thẻ mô tả của bài viết báo giá'),
(39, 37, 'vn', 'Tuyển Cộng Tác Viên', 'Việc làm Cộng Tác Viên tại Hà Nội - Hàng nghìn thông tin tuyển dụng Cộng Tác Viên tại Hà Nội từ những nhà tuyển dụng uy tín. Ứng tuyển ngay!', '<p>1. Nội dung c&ocirc;ng việc :<br />\r\n<br />\r\n. Triển khai c&aacute;c bản vẽ nội thất để sản xuất : tủ, giường, b&agrave;n, ghế.... bằng phần mềm autocad<br />\r\n<br />\r\n. Hỗ trợ kiểm tra đối chiếu bản vẽ với b&ecirc;n sản xuất hoặc tại c&ocirc;ng tr&igrave;nh<br />\r\n<br />\r\n2. Y&ecirc;u cầu :<br />\r\n<br />\r\n. Nam/ nữ c&oacute; kinh nghiệm tối thiểu 1 năm về họa vi&ecirc;n autocad cho c&aacute;c xưởng sản xuất nội thất<br />\r\n<br />\r\n. C&oacute; hiểu biết về kết cấu , kỹ thuật sản phẩm, thao t&aacute;c nhanh tr&ecirc;n phần mềm Autocad<br />\r\n<br />\r\n. C&oacute; phương tiện đi lại<br />\r\n<br />\r\n. C&oacute; thể đi c&ocirc;ng t&aacute;c ngắn hạn.<br />\r\n<br />\r\n. C&oacute; thể tăng ca theo y&ecirc;u cầu<br />\r\n<br />\r\n3. Chế độ :<br />\r\n<br />\r\n. Lương : 6.000.000 VND / th&aacute;ng hoặc thỏa thuận<br />\r\n<br />\r\n. L&agrave;m việc tại showroom 233B B&ugrave;i Thị Xu&acirc;n T&acirc;n B&igrave;nh HCM<br />\r\n<br />\r\n. Lương th&aacute;ng 13. ph&eacute;p năm, thưởng chuy&ecirc;n cần. thưởng lễ tết<br />\r\n<br />\r\n4. Th&ocirc;ng tin kh&aacute;c:<br />\r\n<br />\r\n. Nộp hồ sơ trực tiếp hoặc trực tuyến<br />\r\n<br />\r\n. Hồ sơ c&oacute; c&aacute;c bản vẽ đ&atilde; từng thực hiện<br />\r\n<br />\r\n. Tham khảo th&ecirc;m th&ocirc;ng tin c&ocirc;ng ty tại : www.zenhomes.vn<br />\r\n<br />\r\nLoại h&igrave;nh c&ocirc;ng việc: To&agrave;n thời gian<br />\r\n<br />\r\nLương: ₫6.000.000 /th&aacute;ng<br />\r\n<br />\r\nKinh nghiệm y&ecirc;u cầu:<br />\r\n<br />\r\nkhai triển autocad nội thất: 1 năm</p>\r\n', '', '', '', '', '', 0, 'tuyen-cong-tac-vien', 'Tuyển Cộng Tác Viên ', 'tuyên cộng tác viên', 'Việc làm Cộng Tác Viên tại Hà Nội - Hàng nghìn thông tin tuyển dụng Cộng Tác Viên tại Hà Nội từ những nhà tuyển dụng uy tín. Ứng tuyển ngay!'),
(40, 37, 'en', 'Tuyển Cộng Tác Viên ', 'Việc làm Cộng Tác Viên tại Hà Nội - Hàng nghìn thông tin tuyển dụng Cộng Tác Viên tại Hà Nội từ những nhà tuyển dụng uy tín. Ứng tuyển ngay!', '<p>1. Nội dung c&ocirc;ng việc :<br />\r\n<br />\r\n. Triển khai c&aacute;c bản vẽ nội thất để sản xuất : tủ, giường, b&agrave;n, ghế.... bằng phần mềm autocad<br />\r\n<br />\r\n. Hỗ trợ kiểm tra đối chiếu bản vẽ với b&ecirc;n sản xuất hoặc tại c&ocirc;ng tr&igrave;nh<br />\r\n<br />\r\n2. Y&ecirc;u cầu :<br />\r\n<br />\r\n. Nam/ nữ c&oacute; kinh nghiệm tối thiểu 1 năm về họa vi&ecirc;n autocad cho c&aacute;c xưởng sản xuất nội thất<br />\r\n<br />\r\n. C&oacute; hiểu biết về kết cấu , kỹ thuật sản phẩm, thao t&aacute;c nhanh tr&ecirc;n phần mềm Autocad<br />\r\n<br />\r\n. C&oacute; phương tiện đi lại<br />\r\n<br />\r\n. C&oacute; thể đi c&ocirc;ng t&aacute;c ngắn hạn.<br />\r\n<br />\r\n. C&oacute; thể tăng ca theo y&ecirc;u cầu<br />\r\n<br />\r\n3. Chế độ :<br />\r\n<br />\r\n. Lương : 6.000.000 VND / th&aacute;ng hoặc thỏa thuận<br />\r\n<br />\r\n. L&agrave;m việc tại showroom 233B B&ugrave;i Thị Xu&acirc;n T&acirc;n B&igrave;nh HCM<br />\r\n<br />\r\n. Lương th&aacute;ng 13. ph&eacute;p năm, thưởng chuy&ecirc;n cần. thưởng lễ tết<br />\r\n<br />\r\n4. Th&ocirc;ng tin kh&aacute;c:<br />\r\n<br />\r\n. Nộp hồ sơ trực tiếp hoặc trực tuyến<br />\r\n<br />\r\n. Hồ sơ c&oacute; c&aacute;c bản vẽ đ&atilde; từng thực hiện<br />\r\n<br />\r\n. Tham khảo th&ecirc;m th&ocirc;ng tin c&ocirc;ng ty tại : www.zenhomes.vn<br />\r\n<br />\r\nLoại h&igrave;nh c&ocirc;ng việc: To&agrave;n thời gian<br />\r\n<br />\r\nLương: ₫6.000.000 /th&aacute;ng<br />\r\n<br />\r\nKinh nghiệm y&ecirc;u cầu:<br />\r\n<br />\r\nkhai triển autocad nội thất: 1 năm</p>\r\n', '', '', '', '', '', 0, 'tuyen-cong-tac-vien', 'Tuyển Cộng Tác Viên ', 'tuyên cộng tác viên', 'Việc làm Cộng Tác Viên tại Hà Nội - Hàng nghìn thông tin tuyển dụng Cộng Tác Viên tại Hà Nội từ những nhà tuyển dụng uy tín. Ứng tuyển ngay!'),
(43, 39, 'vn', 'Câu hỏi thường gặp', 'Mô tả ngắn của bài viết, mô tả ngắn của bài viết, mô tả ngắn của bài viết, mô tả ngắn của bài viết, mô tả ngắn của bài viết', '<h1>Ti&ecirc;u đề tin tức</h1>\r\n\r\n<p style=\"margin-left:0px; margin-right:0px\">M&ocirc; tả ngắn của b&agrave;i viết, m&ocirc; tả ngắn của b&agrave;i viết, m&ocirc; tả ngắn của b&agrave;i viết, m&ocirc; tả ngắn của b&agrave;i viết, m&ocirc; tả ngắn của b&agrave;i viết</p>\r\n\r\n<p><img alt=\"\" src=\"../image/slide1.jpg\" /></p>\r\n\r\n<h2>Thẻ h2</h2>\r\n\r\n<p>Nội dung b&agrave;i viết, nội dung b&agrave;i viết, nội dung b&agrave;i viết, nội dung b&agrave;i viết, nội dung b&agrave;i viết, nội dung b&agrave;i viết, nội dung b&agrave;i viết, nội dung b&agrave;i viết. Nội dung b&agrave;i viết, nội dung b&agrave;i viết, nội dung b&agrave;i viết, nội dung b&agrave;i viết, nội dung b&agrave;i viết, nội dung b&agrave;i viết, nội dung b&agrave;i viết, nội dung b&agrave;i viết</p>\r\n\r\n<h2>Thẻ h2</h2>\r\n\r\n<p>Nội dung b&agrave;i viết, nội dung b&agrave;i viết, nội dung b&agrave;i viết, nội dung b&agrave;i viết, nội dung b&agrave;i viết, nội dung b&agrave;i viết, nội dung b&agrave;i viết, nội dung b&agrave;i viết. Nội dung b&agrave;i viết, nội dung b&agrave;i viết, nội dung b&agrave;i viết, nội dung b&agrave;i viết, nội dung b&agrave;i viết, nội dung b&agrave;i viết, nội dung b&agrave;i viết, nội dung b&agrave;i viết</p>\r\n\r\n<p><img alt=\"\" src=\"../image/formImgCate.jpg\" /></p>\r\n', '', '', '', '', '', 0, 'cau-hoi-thuong-gap', 'Câu hỏi thường gặp', '', 'Mô tả ngắn của bài viết, mô tả ngắn của bài viết, mô tả ngắn của bài viết, mô tả ngắn của bài viết, mô tả ngắn của bài viế'),
(44, 39, 'en', 'Câu hỏi thường gặp', 'Mô tả ngắn của bài viết, mô tả ngắn của bài viết, mô tả ngắn của bài viết, mô tả ngắn của bài viết, mô tả ngắn của bài viết', '<h2>THẺ H2</h2>\r\n\r\n<p>Nội dung b&agrave;i viết, nội dung b&agrave;i viết, nội dung b&agrave;i viết, nội dung b&agrave;i viết, nội dung b&agrave;i viết, nội dung b&agrave;i viết, nội dung b&agrave;i viết, nội dung b&agrave;i viết. Nội dung b&agrave;i viết, nội dung b&agrave;i viết, nội dung b&agrave;i viết, nội dung b&agrave;i viết, nội dung b&agrave;i viết, nội dung b&agrave;i viết, nội dung b&agrave;i viết, nội dung b&agrave;i viết</p>\r\n', '', '', '', '', '', 0, 'cau-hoi-thuong-gap', 'Câu hỏi thường gặp', '', 'Mô tả ngắn của bài viết, mô tả ngắn của bài viết, mô tả ngắn của bài viết, mô tả ngắn của bài viết, mô tả ngắn của bài viế'),
(45, 40, 'vn', 'Chính sách bảo mật', '', '<h2>DP GREEN-PHAR cam kết bảo mật th&ocirc;ng tin c&aacute; nh&acirc;n của tất cả kh&aacute;ch h&agrave;ng.</h2>\r\n\r\n<p>Cảm ơn bạn đ&atilde; truy cập website: www.greenphar.com<br />\r\nCh&uacute;ng t&ocirc;i hiểu r&otilde; tầm quan trọng của sự ri&ecirc;ng tư v&agrave; sẽ giữ b&iacute; mật th&ocirc;ng tin c&aacute; nh&acirc;n của bạn. Xin vui l&ograve;ng đọc bản Ch&iacute;nh s&aacute;ch bảo mật th&ocirc;ng tin n&agrave;y v&agrave; hiểu c&aacute;c h&agrave;nh động li&ecirc;n quan về th&ocirc;ng tin c&aacute; nh&acirc;n của bạn. Ch&iacute;nh s&aacute;ch bảo mật th&ocirc;ng tin n&agrave;y c&oacute; thể thay đổi m&agrave; kh&ocirc;ng th&ocirc;ng b&aacute;o trước, do đ&oacute; bạn vui l&ograve;ng thường xuy&ecirc;n r&agrave; so&aacute;t, cập nhật c&aacute;c điều khoản để biết những thay đổi.</p>\r\n\r\n<h2>Điều 1. Mục đ&iacute;ch v&agrave; phạm vi thu thập th&ocirc;ng tin</h2>\r\n\r\n<h3>1.1. Mục đ&iacute;ch thu thập th&ocirc;ng tin:</h3>\r\n\r\n<p>Ch&uacute;ng t&ocirc;i thực hiện việc thu thập th&ocirc;ng tin của bạn th&ocirc;ng qua website n&agrave;y nhằm:<br />\r\nDP GREEN-PHAR trung t&acirc;m tư vấn &amp; t&igrave;m giải ph&aacute;p xử l&yacute; c&aacute;c bệnh ngo&agrave;i cộng đồng.<br />\r\nGiải đ&aacute;p thắc mắc của bạn về vấn đề c&aacute;c bệnh m&agrave; bạn thắc mắc v&agrave; quan t&acirc;m.<br />\r\nGiới thiệu c&aacute;c h&agrave;ng h&oacute;a v&agrave; dịch vụ c&oacute; thể ph&ugrave; hợp với c&aacute;c nhu cầu v&agrave; sở th&iacute;ch của bạn.<br />\r\nCung cấp những th&ocirc;ng tin mới nhất của website.<br />\r\nXem x&eacute;t v&agrave; n&acirc;ng cấp nội dung, giao diện của website.<br />\r\nThực hiện hoạt động khảo s&aacute;t kh&aacute;ch h&agrave;ng.<br />\r\nThực hiện c&aacute;c hoạt động quảng b&aacute; sản phẩm v&agrave; giới thiệu những chương tr&igrave;nh khuyến m&atilde;i.<br />\r\nGiải quyết c&aacute;c vấn đề, tranh chấp ph&aacute;t sinh li&ecirc;n quan đến việc sử dụng website.<br />\r\nCh&uacute;ng t&ocirc;i bảo lưu quyền từ chối tr&aacute;ch nhiệm về bất kỳ thiệt hại n&agrave;o ph&aacute;t sinh nếu th&ocirc;ng tin c&aacute; nh&acirc;n của bạn bị đ&aacute;nh cắp, bị mất hoặc bị thiệt hại do sự cố hoặc bằng bất kỳ c&aacute;ch n&agrave;o kh&aacute;c.</p>\r\n\r\n<h3>1.2. Phạm vi thu thập th&ocirc;ng tin c&aacute; nh&acirc;n:</h3>\r\n\r\n<p>Th&ocirc;ng tin c&aacute; nh&acirc;n m&agrave; ch&uacute;ng t&ocirc;i thu thập của bạn khi bạn gửi thắc mắc về cho ch&uacute;ng t&ocirc;i, bao gồm:<br />\r\nHọ, t&ecirc;n, Năm sinh.<br />\r\nĐịa chỉ li&ecirc;n hệ.<br />\r\nĐiện thoại li&ecirc;n hệ.<br />\r\nEmail.<br />\r\nTh&ocirc;ng tin bệnh l&yacute; v&agrave; những thắc mắc về bệnh học li&ecirc;n quan.</p>\r\n\r\n<h2>Điều 2. Phạm vi sử dụng th&ocirc;ng tin</h2>\r\n\r\n<p>Th&ocirc;ng tin của bạn được sử dụng để ch&uacute;ng t&ocirc;i hoặc c&aacute;c b&ecirc;n c&oacute; li&ecirc;n quan kh&aacute;c c&oacute; thể thực hiện c&aacute;c y&ecirc;u cầu của bạn.<br />\r\nCh&uacute;ng t&ocirc;i c&oacute; thể li&ecirc;n hệ với bạn hoặc giới thiệu bạn đến c&aacute;c cuộc nghi&ecirc;n cứu bao gồm nghi&ecirc;n cứu sự h&agrave;i l&ograve;ng của kh&aacute;ch h&agrave;ng, thị trường, nội dung c&aacute; nh&acirc;n kh&aacute;c, hoặc c&oacute; li&ecirc;n quan đến một số giao dịch nhất định.<br />\r\nCh&uacute;ng t&ocirc;i thu thập th&ocirc;ng tin về truy cập website của bạn gồm những th&ocirc;ng tin c&oacute; thể nhận biết v&agrave; kh&ocirc;ng thể nhận biết để ph&acirc;n t&iacute;ch (v&iacute; dụ: dữ liệu ph&acirc;n t&iacute;ch việc truy cập website, &hellip;).<br />\r\nTh&ocirc;ng tin của bạn được sử dụng để gi&uacute;p cung cấp cho c&aacute;c dịch vụ của ch&uacute;ng t&ocirc;i v&agrave; ch&uacute;ng t&ocirc;i c&oacute; thể cung cấp th&ocirc;ng tin cho c&aacute;c c&ocirc;ng ty đại diện ch&uacute;ng t&ocirc;i. Những c&ocirc;ng ty n&agrave;y cũng chịu sự r&agrave;ng buộc nghi&ecirc;m ngặt bởi Ch&iacute;nh s&aacute;ch Bảo mật của ch&uacute;ng t&ocirc;i.</p>\r\n\r\n<h2>Điều 3. Thời gian lưu trữ th&ocirc;ng tin</h2>\r\n\r\n<p>Ch&uacute;ng t&ocirc;i sẽ lưu trữ c&aacute;c th&ocirc;ng tin c&aacute; nh&acirc;n do kh&aacute;ch h&agrave;ng cung cấp tr&ecirc;n c&aacute;c hệ thống quản l&yacute;, lưu trữ dữ liệu của ch&uacute;ng t&ocirc;i hoặc ch&uacute;ng t&ocirc;i thu&ecirc; trong qu&aacute; tr&igrave;nh cung cấp dịch vụ cho kh&aacute;ch h&agrave;ng cho đến khi ho&agrave;n th&agrave;nh mục đ&iacute;ch thu thập hoặc khi bạn c&oacute; y&ecirc;u cầu hủy c&aacute;c th&ocirc;ng tin đ&atilde; cung cấp.</p>\r\n\r\n<h2>Điều 4. Địa chỉ của đơn vị thu thập v&agrave; quản l&yacute; th&ocirc;ng tin c&aacute; nh&acirc;n</h2>\r\n\r\n<p><strong>C&Ocirc;NG TY CỔ PHẦN DP GREEN-PHAR</strong><br />\r\nĐịa chỉ: Số 19, Ng&otilde; 4, phố Văn La, H&agrave; Đ&ocirc;ng, H&agrave; Nội.<br />\r\nĐiện thoại: (024) 6262.7731<br />\r\nEmail: dpgreenphar@gmail.com</p>\r\n\r\n<h2>Điều 5. Phương tiện v&agrave; c&ocirc;ng cụ để người d&ugrave;ng tiếp cận v&agrave; chỉnh sửa dữ liệu c&aacute; nh&acirc;n của m&igrave;nh.</h2>\r\n\r\n<p>Bạn c&oacute; thể tự đăng nhập v&agrave;o website qua link www.greenphar.com &nbsp;v&agrave; chỉnh sửa c&aacute;c th&ocirc;ng tin c&aacute; nh&acirc;n như: t&ecirc;n, số điện thoại, địa chỉ giao-nhận h&agrave;ng, ...<br />\r\nNếu bạn kh&ocirc;ng quan t&acirc;m hoặc kh&ocirc;ng muốn nhận tin tức, th&ocirc;ng tin, bạn c&oacute; thể thay đổi th&ocirc;ng tin của bạn v&agrave;o bất kỳ l&uacute;c n&agrave;o bằng c&aacute;ch gửi email về cho ch&uacute;ng t&ocirc;i qua địa chỉ email: cskh@greenphar.com</p>\r\n\r\n<h2>Điều 6. Cam kết bảo mật th&ocirc;ng tin c&aacute; nh&acirc;n kh&aacute;ch h&agrave;ng</h2>\r\n\r\n<p>Ngo&agrave;i việc sử dụng c&aacute;c th&ocirc;ng tin của bạn v&agrave;o c&aacute;c mục đ&iacute;ch n&ecirc;u tại Khoản 1.1 Điều 1 của Ch&iacute;nh s&aacute;ch bảo mật n&agrave;y v&agrave; phạm vi n&ecirc;u tại Điều 2 của Ch&iacute;nh s&aacute;ch bảo mật n&agrave;y, Ch&uacute;ng t&ocirc;i sẽ giữ b&iacute; mật th&ocirc;ng tin c&aacute; nh&acirc;n của bạn.&nbsp;Xin vui l&ograve;ng đọc bản Ch&iacute;nh s&aacute;ch bảo mật th&ocirc;ng tin n&agrave;y v&agrave; hiểu c&aacute;c h&agrave;nh động li&ecirc;n quan về th&ocirc;ng tin c&aacute; nh&acirc;n của bạn. Ch&iacute;nh s&aacute;ch bảo mật th&ocirc;ng tin n&agrave;y c&oacute; thể thay đổi m&agrave; kh&ocirc;ng th&ocirc;ng b&aacute;o trước, do đ&oacute; bạn vui l&ograve;ng thường xuy&ecirc;n r&agrave; so&aacute;t, cập nhật c&aacute;c điều khoản n&agrave;y để biết những thay đổi.<br />\r\n<strong>Ch&iacute;nh s&aacute;ch bảo mật tại DP GREEN- PHAR</strong><br />\r\n- DP GREEN-PHAR c&oacute; thể thay đổi ch&iacute;nh s&aacute;ch bảo mật v&agrave; mọi thay đổi sẽ được c&ocirc;ng khai tr&ecirc;n website www.greenphar.com<br />\r\n- Tất cả c&aacute;c thay đổi về ch&iacute;nh s&aacute;ch bảo mật ch&uacute;ng t&ocirc;i đều tu&acirc;n thủ theo quy định của Ph&aacute;p Luật Nh&agrave; Nước hiện h&agrave;nh.<br />\r\n- Mọi &yacute; kiến thắc mắc, khiếu nại v&agrave; tranh chấp vui l&ograve;ng li&ecirc;n hệ với ch&uacute;ng t&ocirc;i qua hotline Chăm s&oacute;c kh&aacute;ch h&agrave;ng:&nbsp;<strong>(024) 6262. 7731</strong><br />\r\n<br />\r\nTr&acirc;n trọng,<br />\r\n<strong>DP GREEN- PHAR: Chu Đ&aacute;o, Tin Cậy!</strong></p>\r\n', '', '', '', '', '', 0, 'chinh-sach-bao-mat', 'Chính sách bảo mật', '', ''),
(46, 40, 'en', 'Chính sách bảo mật', '', 'DP GREEN-PHAR CAM KẾT BẢO MẬT THÔNG TIN CÁ NHÂN CỦA TẤT CẢ KHÁCH HÀNG. Cảm ơn bạn đã truy cập website: www.greenphar.com\r\nChúng tôi hiểu rõ tầm quan trọng của sự riêng tư và sẽ giữ bí mật thông tin cá nhân của bạn. Xin vui lòng đọc bản Chính sách bảo mật thông tin này và hiểu các hành động liên quan về thông tin cá nhân của bạn. Chính sách bảo mật thông tin này có thể thay đổi mà không thông báo trước, do đó bạn vui lòng thường xuyên rà soát, cập nhật các điều khoản để biết những thay đổi. ĐIỀU 1. MỤC ĐÍCH VÀ PHẠM VI THU THẬP THÔNG TIN1.1. Mục đích thu thập thông tin:Chúng tôi thực hiện việc thu thập thông tin của bạn thông qua website này nhằm:\r\nDP GREEN-PHAR trung tâm tư vấn & tìm giải pháp xử lý các bệnh ngoài cộng đồng.\r\nGiải đáp thắc mắc của bạn về vấn đề các bệnh mà bạn thắc mắc và quan tâm.\r\nGiới thiệu các hàng hóa và dịch vụ có thể phù hợp với các nhu cầu và sở thích của bạn.\r\nCung cấp những thông tin mới nhất của website.\r\nXem xét và nâng cấp nội dung, giao diện của website.\r\nThực hiện hoạt động khảo sát khách hàng.\r\nThực hiện các hoạt động quảng bá sản phẩm và giới thiệu những chương trình khuyến mãi.\r\nGiải quyết các vấn đề, tranh chấp phát sinh liên quan đến việc sử dụng website.\r\nChúng tôi bảo lưu quyền từ chối trách nhiệm về bất kỳ thiệt hại nào phát sinh nếu thông tin cá nhân của bạn bị đánh cắp, bị mất hoặc bị thiệt hại do sự cố hoặc bằng bất kỳ cách nào khác. 1.2. Phạm vi thu thập thông tin cá nhân:Thông tin cá nhân mà chúng tôi thu thập của bạn khi bạn gửi thắc mắc về cho chúng tôi, bao gồm:\r\nHọ, tên, Năm sinh.\r\nĐịa chỉ liên hệ.\r\nĐiện thoại liên hệ.\r\nEmail.\r\nThông tin bệnh lý và những thắc mắc về bệnh học liên quan. ĐIỀU 2. PHẠM VI SỬ DỤNG THÔNG TINThông tin của bạn được sử dụng để chúng tôi hoặc các bên có liên quan khác có thể thực hiện các yêu cầu của bạn.\r\nChúng tôi có thể liên hệ với bạn hoặc giới thiệu bạn đến các cuộc nghiên cứu bao gồm nghiên cứu sự hài lòng của khách hàng, thị trường, nội dung cá nhân khác, hoặc có liên quan đến một số giao dịch nhất định.\r\nChúng tôi thu thập thông tin về truy cập website của bạn gồm những thông tin có thể nhận biết và không thể nhận biết để phân tích (ví dụ: dữ liệu phân tích việc truy cập website, …).\r\nThông tin của bạn được sử dụng để giúp cung cấp cho các dịch vụ của chúng tôi và chúng tôi có thể cung cấp thông tin cho các công ty đại diện chúng tôi. Những công ty này cũng chịu sự ràng buộc nghiêm ngặt bởi Chính sách Bảo mật của chúng tôi. ĐIỀU 3. THỜI GIAN LƯU TRỮ THÔNG TINChúng tôi sẽ lưu trữ các thông tin cá nhân do khách hàng cung cấp trên các hệ thống quản lý, lưu trữ dữ liệu của chúng tôi hoặc chúng tôi thuê trong quá trình cung cấp dịch vụ cho khách hàng cho đến khi hoàn thành mục đích thu thập hoặc khi bạn có yêu cầu hủy các thông tin đã cung cấp.ĐIỀU 4. ĐỊA CHỈ CỦA ĐƠN VỊ THU THẬP VÀ QUẢN LÝ THÔNG TIN CÁ NHÂNCÔNG TY CỔ PHẦN DP GREEN-PHAR\r\nĐịa chỉ: Số 19, Ngõ 4, phố Văn La, Hà Đông, Hà Nội.\r\nĐiện thoại: (024) 6262.7731\r\nEmail: dpgreenphar@gmail.com ĐIỀU 5. PHƯƠNG TIỆN VÀ CÔNG CỤ ĐỂ NGƯỜI DÙNG TIẾP CẬN VÀ CHỈNH SỬA DỮ LIỆU CÁ NHÂN CỦA MÌNH.Bạn có thể tự đăng nhập vào website qua link www.greenphar.com  và chỉnh sửa các thông tin cá nhân như: tên, số điện thoại, địa chỉ giao-nhận hàng, ...\r\nNếu bạn không quan tâm hoặc không muốn nhận tin tức, thông tin, bạn có thể thay đổi thông tin của bạn vào bất kỳ lúc nào bằng cách gửi email về cho chúng tôi qua địa chỉ email: cskh@greenphar.comĐIỀU 6. CAM KẾT BẢO MẬT THÔNG TIN CÁ NHÂN KHÁCH HÀNGNgoài việc sử dụng các thông tin của bạn vào các mục đích nêu tại Khoản 1.1 Điều 1 của Chính sách bảo mật này và phạm vi nêu tại Điều 2 của Chính sách bảo mật này, Chúng tôi sẽ giữ bí mật thông tin cá nhân của bạn. Xin vui lòng đọc bản Chính sách bảo mật thông tin này và hiểu các hành động liên quan về thông tin cá nhân của bạn. Chính sách bảo mật thông tin này có thể thay đổi mà không thông báo trước, do đó bạn vui lòng thường xuyên rà soát, cập nhật các điều khoản này để biết những thay đổi.\r\nChính sách bảo mật tại DP GREEN- PHAR\r\n- DP GREEN-PHAR có thể thay đổi chính sách bảo mật và mọi thay đổi sẽ được công khai trên website www.greenphar.com\r\n- Tất cả các thay đổi về chính sách bảo mật chúng tôi đều tuân thủ theo quy định của Pháp Luật Nhà Nước hiện hành.\r\n- Mọi ý kiến thắc mắc, khiếu nại và tranh chấp vui lòng liên hệ với chúng tôi qua hotline Chăm sóc khách hàng: (024) 6262. 7731\r\n\r\nTrân trọng,\r\nDP GREEN- PHAR: Chu Đáo, Tin Cậy!', '', '', '', '', '', 0, 'chinh-sach-bao-mat', 'Chính sách bảo mật', '', ''),
(47, 41, 'vn', 'Chính sách đổi - trả', '', '<p>Qu&yacute; kh&aacute;ch vui l&ograve;ng chắc chắn rằng sản phẩm y&ecirc;u cầu đổi (trả) thỏa m&atilde;n điều kiện đổi trả h&agrave;ng của DP GREEN- PHAR tại ch&iacute;nh s&aacute;ch đổi trả h&agrave;ng h&oacute;a như sau:<br />\r\n<strong><em>C&aacute;c trường hợp được quyền đổi - trả sản phẩm:</em></strong><br />\r\nĐổi - trả do đơn h&agrave;ng sai hoặc thiếu sản phẩm so với th&ocirc;ng tin đặt h&agrave;ng.<br />\r\nTrả h&agrave;ng - ho&agrave;n tiền sản phẩm lỗi do qu&aacute; tr&igrave;nh vận chuyển (hộp thuốc bị bể, ẩm mốc,&hellip;).<br />\r\nTrả h&agrave;ng - ho&agrave;n tiền sản phẩm lỗi sản xuất (nh&atilde;n m&aacute;c kh&ocirc;ng r&otilde; chữ, th&ocirc;ng tin tr&ecirc;n bao b&igrave; sản phẩm kh&ocirc;ng ch&iacute;nh x&aacute;c, sản phẩm đ&atilde; bị mở trước khi đến tay kh&aacute;ch h&agrave;ng...).<br />\r\nTrả h&agrave;ng - ho&agrave;n tiền do lỗi giao h&agrave;ng sản phẩm hết hạn sử dụng.<br />\r\n<strong><em>Điều kiện bắt buộc:</em></strong><br />\r\nSản phẩm kh&ocirc;ng c&oacute; dấu hiệu đ&atilde; qua sử dụng, c&ograve;n nguy&ecirc;n hộp, tem, m&aacute;c, seal (seal vỏ hộp v&agrave; seal chai thuốc).<br />\r\nTrong trường hợp Kh&aacute;ch h&agrave;ng đ&atilde; khui seal vỏ hộp v&agrave; ph&aacute;t hiện chai thuốc c&oacute; lỗi sản xuất, vui l&ograve;ng chụp h&igrave;nh v&agrave; gọi Hotline để BP CSKH hướng dẫn th&ecirc;m.<br />\r\nĐối với c&aacute;c sản phẩm đ&atilde; khui seal chai thuốc, DP GREEN- PHAR xin được từ chối đổi trả.<br />\r\nQu&yacute; kh&aacute;ch h&agrave;ng lưu &yacute; lu&ocirc;n lu&ocirc;n kiểm tra kĩ t&igrave;nh trạng sản phẩm sau khi nhận được ngay tại thời điểm nhận h&agrave;ng v&agrave; c&oacute; sự chứng kiến của nh&acirc;n vi&ecirc;n giao h&agrave;ng. C&aacute;c vấn đề như bể vỡ, vỏ hộp chai thuốc bị r&aacute;ch n&aacute;t hoặc seal đ&atilde; bị mở, &hellip; Tất cả những sự cố n&agrave;y sẽ chỉ được đổi trả nếu do lỗi từ ph&iacute;a nh&acirc;n vi&ecirc;n của DP GREEN- PHAR v&agrave; đơn vị vận chuyển ViettelPost.</p>\r\n\r\n<h2>Thời hạn đổi trả h&agrave;ng</h2>\r\n\r\n<p>Sau khi nhận được sản phẩm của kh&aacute;ch h&agrave;ng gửi trả, Bộ phận Chăm s&oacute;c Kh&aacute;ch h&agrave;ng sẽ tiến h&agrave;nh kiểm tra chất lượng sản phẩm ngay lập tức. Quy tr&igrave;nh kiểm tra h&agrave;ng đổi trả được thực hiện trong v&ograve;ng từ 1-3 ng&agrave;y l&agrave;m việc, kết quả kiểm tra sẽ được th&ocirc;ng b&aacute;o đến kh&aacute;ch h&agrave;ng qua email v&agrave; tin nhắn điện thoại sau khi ho&agrave;n tất.<br />\r\nSau khi nhận được email hoặc tin nhắn th&ocirc;ng b&aacute;o từ DP GREEN- PHAR, kh&aacute;ch h&agrave;ng c&oacute; thể kiểm tra t&igrave;nh trạng đổi trả hoặc ho&agrave;n tiền th&ocirc;ng qua c&ocirc;ng cụ kiểm tra đơn h&agrave;ng của&nbsp;<strong>DP GREEN-PHAR</strong>.</p>\r\n\r\n<h2>Phương thức đổi trả h&agrave;ng đ&atilde; mua</h2>\r\n\r\n<p><strong><em>Bước 1:</em></strong> Đăng k&iacute;<br />\r\nKh&aacute;ch h&agrave;ng c&oacute; thể li&ecirc;n hệ với bộ phận chăm s&oacute;c kh&aacute;ch h&agrave;ng của DP GREEN-PHAR qua hotline (024) 6262.7731 hoặc truy cập trang web: WWW.GREENPHAR.COM &nbsp;v&agrave; cung cấp th&ocirc;ng tin chi tiết về sản phẩm lỗi gồm:<br />\r\n- T&ecirc;n sản phẩm<br />\r\n- M&atilde; số đơn h&agrave;ng, l&ocirc; sản xuất, hạn sử dụng<br />\r\n- Lỗi sản phẩm (m&ocirc; tả chi tiết v&agrave; k&egrave;m ảnh chụp)<br />\r\n<strong><em>Bước 2:</em></strong> Nhận tin nhắn x&aacute;c nhận đ&atilde; đăng k&yacute; đổi/trả th&agrave;nh c&ocirc;ng v&agrave; email hướng dẫn đ&oacute;ng g&oacute;i sản phẩm ho&agrave;n trả.<br />\r\nSau khi y&ecirc;u cầu đổi/trả được chấp nhận, DP GREEN-PHAR sẽ gửi đến qu&yacute; kh&aacute;ch một tin nhắn v&agrave; email hướng dẫn c&aacute;ch gửi trả sản phẩm.<br />\r\n<strong><em>Bước 3:</em></strong> Đ&oacute;ng g&oacute;i theo hướng dẫn v&agrave; mang sản phẩm đến Bưu Điện<br />\r\n<strong><em>Bước 4:</em></strong> Gửi trả sản phẩm về DP GREEN-PHAR<br />\r\nKh&aacute;ch h&agrave;ng vui l&ograve;ng gửi sản phẩm qua đường Bưu Điện về DP GREEN-PHAR trong v&ograve;ng 3 ng&agrave;y l&agrave;m việc kể từ khi th&ocirc;ng b&aacute;o với bộ phận Chăm S&oacute;c Kh&aacute;ch H&agrave;ng v&agrave; gửi k&egrave;m:<br />\r\n- H&oacute;a đơn mua h&agrave;ng hoặc đ&iacute;nh k&egrave;m giấy ghi ch&uacute; c&oacute; m&atilde; đơn h&agrave;ng<br />\r\n- H&oacute;a đơn gi&aacute; trị gia tăng (nếu c&oacute;)<br />\r\n- Phụ kiện đi k&egrave;m sản phẩm v&agrave; tặng khuyến m&atilde;i k&egrave;m theo (nếu c&oacute;)<br />\r\n<strong><em>Một số lưu &yacute; khi gửi h&agrave;ng đến bưu điện:</em></strong><br />\r\n- Kh&ocirc;ng ni&ecirc;m phong bề mặt th&ugrave;ng ​trước khi ho&agrave;n tất qu&aacute; tr&igrave;nh gửi h&agrave;ng ​v&igrave; c&oacute; thể bưu điện cần kiểm tra trước khi nhận h&agrave;ng. Đ&oacute;ng g&oacute;i, ch&egrave;n l&oacute;t sản phẩm như ban đầu.<br />\r\n- Cung cấp cho nh&acirc;n vi&ecirc;n bưu điện m&atilde; đơn h&agrave;ng v&agrave; m&atilde; gửi h&agrave;ng b&ecirc;n DP GREEN-PHAR đ&atilde; cung cấp. - Lưu &yacute; kh&ocirc;ng d&aacute;n băng keo trực tiếp l&ecirc;n hộp sản phẩm v&igrave; y&ecirc;u cầu đổi/trả c&oacute; thể sẽ bị từ chối nếu hộp sản phẩm bị hư hỏng.<br />\r\n- Vui l&ograve;ng li&ecirc;n hệ Bộ phận Chăm s&oacute;c Kh&aacute;ch h&agrave;ng của DP GREEN-PHAR &nbsp;(024) 6262. 7731&nbsp;khi c&oacute; bất cứ kh&oacute; khăn xảy ra trong qu&aacute; tr&igrave;nh l&agrave;m việc với bưu điện.<br />\r\n- Điền th&ocirc;ng tin m&atilde; số đơn h&agrave;ng l&ecirc;n th&ugrave;ng h&agrave;ng v&agrave; gửi về DP GREEN- PHAR theo địa chỉ nh&acirc;n vi&ecirc;n chăm s&oacute;c kh&aacute;ch h&agrave;ng đ&atilde; cung cấp.<br />\r\n<strong>Note:</strong>&nbsp;<em>Trong trường hợp kh&ocirc;ng nhớ th&ocirc;ng tin ở bước số 4, qu&yacute; kh&aacute;ch c&oacute; thể xuất tr&igrave;nh tin nhắn hoặc email nhận được từ DP GREEN- PHAR đ&atilde; gửi (ở bước 2) cho nh&acirc;n vi&ecirc;n bưu điện v&agrave; l&agrave;m theo hướng dẫn.</em><br />\r\n<span style=\"color:#cc0000\">Lưu &yacute;:</span> Kh&aacute;ch h&agrave;ng trong qu&aacute; tr&igrave;nh gửi trả sản phẩm về DP GREEN-PHAR sẽ chịu ho&agrave;n to&agrave;n tr&aacute;ch nhiệm về trạng th&aacute;i nguy&ecirc;n vẹn của sản phẩm.<br />\r\nSau khi nhận được sản phẩm kh&aacute;ch h&agrave;ng gửi trả về, DP GREEN- PHAR sẽ phản hồi v&agrave; cập nhật th&ocirc;ng tin tr&ecirc;n từng giai đoạn xử l&yacute; đến kh&aacute;ch h&agrave;ng qua email hoặc sms.</p>\r\n\r\n<h2>C&aacute;ch thức nhận lại tiền khi mua h&agrave;ng online</h2>\r\n\r\n<h3>Kh&aacute;ch h&agrave;ng sẽ nhận được số tiền ho&agrave;n trả sau bao l&acirc;u?</h3>\r\n\r\n<p>DP GREEN- PHAR sẽ ho&agrave;n tiền cho kh&aacute;ch h&agrave;ng trong trường hợp kh&aacute;ch h&agrave;ng trả hay hủy đơn h&agrave;ng.<br />\r\nPhương thức ho&agrave;n tiền bằng c&aacute;ch chuyển khoản ng&acirc;n h&agrave;ng.<br />\r\nTh&ocirc;ng tin sẽ được cập nhật đến cho qu&yacute; kh&aacute;ch bằng email hoặc SMS khi thủ tục ho&agrave;n tiền được tiến h&agrave;nh.<br />\r\n<strong>Phương thức ho&agrave;n tiền:</strong> Chuyển khoản ng&acirc;n h&agrave;ng<br />\r\n<strong>Thời gian ho&agrave;n tiền:</strong> 3 - 5 ng&agrave;y l&agrave;m việc<br />\r\nTrong trường hợp đ&atilde; vượt qu&aacute; c&aacute;c khoảng thời gian ho&agrave;n tiền tr&ecirc;n nhưng kh&aacute;ch h&agrave;ng vẫn chưa nhận được tiền, xin vui l&ograve;ng li&ecirc;n hệ với ng&acirc;n h&agrave;ng để được hỗ trợ hoặc Tổng đ&agrave;i Chăm s&oacute;c Kh&aacute;ch h&agrave;ng của DP GREEN-PHAR&nbsp;<strong>(024) 6262.7731</strong></p>\r\n\r\n<h3>Chi ph&iacute; cho việc đổi trả h&agrave;ng</h3>\r\n\r\n<p>Qu&yacute; Kh&aacute;ch h&agrave;ng vui l&ograve;ng thanh to&aacute;n tiền ph&iacute; vận chuyển khi Kh&aacute;ch h&agrave;ng thực hiện gửi h&agrave;ng tại bưu điện. DP GREEN- PHAR sẽ kh&ocirc;ng ho&agrave;n trả chi ph&iacute; n&agrave;y. Tuy nhi&ecirc;n sẽ giao h&agrave;ng miễn ph&iacute; đối với những đơn h&agrave;ng thuộc nh&oacute;m &ldquo;Đổi h&agrave;ng&quot;. Nếu c&oacute; bất k&igrave; vấn đề g&igrave; ph&aacute;t sinh, qu&yacute; kh&aacute;ch c&oacute; thể li&ecirc;n hệ với bộ phận CSKH của DP GREEN-PHAR theo Hotline&nbsp;<strong>(024) 6262.7731</strong></p>\r\n', '', '', '', '', '', 0, 'chinh-sach-doi-tra', 'Chính sách đổi - trả', '', ''),
(48, 41, 'en', 'Chính sách đổi - trả', '', '<p>Nội dung Ch&iacute;nh s&aacute;ch đổi - trả</p>\r\n', '', '', '', '', '', 0, 'chinh-sach-doi-tra', 'Chính sách đổi - trả', '', ''),
(49, 42, 'vn', 'Hệ thống nhà thuốc', '', '<p>T&acirc;t cả c&aacute;c sản phẩm của DP GREEN-PHAR&nbsp;đ&atilde; được ph&acirc;n phối tại hơn 1000 nh&agrave; thuốc tại c&aacute;c tỉnh th&agrave;nh tr&ecirc;n khắp miền bắc<br />\r\nVui l&ograve;ng li&ecirc;n hệ tổng đ&agrave;i CSKH: <em><strong>024. 6262.7731</strong></em> để biết địa chỉ nh&agrave; thuốc gần nhất nơi bạn ở.<br />\r\nXin ch&acirc;n th&agrave;nh cảm ơn qu&yacute; kh&aacute;ch đ&atilde; tin d&ugrave;ng sản phẩm của <strong>DP GREEN-PHAR</strong>.</p>\r\n', '', '', '', '', '', 0, 'he-thong-nha-thuoc', 'Hệ thống nhà thuốc', '', ''),
(50, 42, 'en', 'Hệ thống nhà thuốc', '', '<p>Nội dung&nbsp;Hệ thống nh&agrave; thuốc</p>\r\n', '', '', '', '', '', 0, 'he-thong-nha-thuoc', 'Hệ thống nhà thuốc', '', ''),
(51, 43, 'vn', 'Hình thức giao hàng', '', '<p>Sau khi đặt h&agrave;ng th&agrave;nh c&ocirc;ng, Bộ phận Chăm s&oacute;c Kh&aacute;ch h&agrave;ng của DP GREEN- PHAR sẽ li&ecirc;n hệ với Qu&yacute; kh&aacute;ch để x&aacute;c nhận v&agrave; gửi email/sms về th&ocirc;ng tin đơn h&agrave;ng trong thời gian sớm nhất. Hiện tại DP GREEN-PHAR hợp t&aacute;c với ViettelPost - đơn vị chuyển ph&aacute;t h&agrave;ng đầu tại Việt Nam để thực hiện chuyển ph&aacute;t c&aacute;c sản phẩm tới Qu&yacute; kh&aacute;ch h&agrave;ng.<br />\r\nSau khi x&aacute;c nhận th&agrave;nh c&ocirc;ng, đơn h&agrave;ng sẽ được giao đến Qu&yacute; kh&aacute;ch trong khoảng thời gian sau đ&acirc;y: <strong>Tại Th&agrave;nh phố Hồ Ch&iacute; Minh v&agrave; H&agrave; Nội:</strong> Giao h&agrave;ng sau 1 - 4h l&agrave;m việc<br />\r\n<strong>C&aacute;c khu vực tỉnh, th&agrave;nh c&ograve;n lại:</strong> Giao h&agrave;ng sau 1 - 2 ng&agrave;y l&agrave;m việc<br />\r\n<em>*Lưu &yacute;: thời gian giao h&agrave;ng dự kiến ở tr&ecirc;n chỉ &aacute;p dụng cho c&aacute;c đơn h&agrave;ng trong nước.</em> Tất cả c&aacute;c đơn h&agrave;ng từ khắp cả nước sẽ được chia l&agrave;m 2 khu vực v&agrave; ph&iacute; vận chuyển &aacute;p dụng cho tất cả c&aacute;c đơn h&agrave;ng của Qu&yacute; kh&aacute;ch (trong đ&oacute;, DP GREEN-PHAR đ&atilde; hỗ trợ 50-70% chi ph&iacute; giao h&agrave;ng v&agrave; ph&iacute; thu tiền hộ):<br />\r\n<strong>Khu vực 1:</strong>&nbsp;Th&agrave;nh phố Hồ Ch&iacute; Minh v&agrave; H&agrave; Nội l&agrave; 10.000đ/đơn h&agrave;ng bất kỳ<br />\r\n<strong>Khu vực 2:</strong>&nbsp;C&aacute;c tỉnh, th&agrave;nh phố c&ograve;n lại tr&ecirc;n to&agrave;n quốc l&agrave; 20.000đ/đơn h&agrave;ng bất kỳ<br />\r\n<strong>FREE SHIP NẾU ĐƠN H&Agrave;NG TR&Ecirc;N 600.000 VNĐ.</strong></p>\r\n\r\n<p>Qu&yacute; kh&aacute;ch h&agrave;ng lưu &yacute; lu&ocirc;n lu&ocirc;n kiểm tra kĩ t&igrave;nh trạng sản phẩm sau khi nhận được ngay tại thời điểm nhận h&agrave;ng v&agrave; c&oacute; sự chứng kiến của nh&acirc;n vi&ecirc;n giao h&agrave;ng. C&aacute;c vấn đề như bể vỡ, vỏ hộp chai thuốc bị r&aacute;ch n&aacute;t hoặc seal đ&atilde; bị mở, &hellip; Tất cả những sự cố n&agrave;y sẽ chỉ được đổi trả nếu do lỗi từ ph&iacute;a nh&acirc;n vi&ecirc;n của DP GREEN-PHAR v&agrave; đơn vị vận chuyển ViettelPost.</p>\r\n\r\n<p>Trong qu&aacute; tr&igrave;nh giao h&agrave;ng c&oacute; thể ph&aacute;t sinh những vấn đề ngo&agrave;i &yacute; muốn về ph&iacute;a Kh&aacute;ch h&agrave;ng khiến việc giao h&agrave;ng bị chậm trễ. DP GREEN-PHAR sẽ linh động giải quyết cho Kh&aacute;ch h&agrave;ng trong từng trường hợp như sau:<br />\r\n- Kh&aacute;ch h&agrave;ng kh&ocirc;ng cung cấp ch&iacute;nh x&aacute;c v&agrave; đầy đủ địa chỉ giao h&agrave;ng v&agrave; số điện thoại li&ecirc;n lạc.<br />\r\n- Kh&aacute;ch h&agrave;ng kh&ocirc;ng sẵn s&agrave;ng để nhận h&agrave;ng v&agrave;o thời điểm giao h&agrave;ng.<br />\r\n- DP GREEN- PHAR đ&atilde; giao h&agrave;ng đ&uacute;ng hẹn theo th&ocirc;ng tin giao h&agrave;ng nhưng kh&ocirc;ng li&ecirc;n lạc được với Kh&aacute;ch h&agrave;ng v&agrave; chờ tại địa điểm giao h&agrave;ng qu&aacute; 15 ph&uacute;t, mọi nỗ lực của nh&acirc;n vi&ecirc;n giao h&agrave;ng nhằm li&ecirc;n hệ với Kh&aacute;ch h&agrave;ng đều kh&ocirc;ng th&agrave;nh c&ocirc;ng.<br />\r\n- Những trường hợp bất khả kh&aacute;ng như thi&ecirc;n tai, tai nạn giao th&ocirc;ng, gi&aacute;n đoạn mạng lưới giao th&ocirc;ng, đứt c&aacute;p, hệ thống bị tấn c&ocirc;ng.<br />\r\nC&aacute;c trường hợp kh&aacute;c: Trong trường hợp xảy ra sự cố phức tạp hơn, DP GREEN- PHAR bảo đảm quyền lợi lớn nhất thuộc về Kh&aacute;ch h&agrave;ng.</p>\r\n', '', '', '', '', '', 0, 'hinh-thuc-giao-hang', 'Hình thức giao hàng', '', ''),
(52, 43, 'en', 'Hình thức giao hàng', '', '<p>Nội dung H&igrave;nh thức giao h&agrave;ng</p>\r\n', '', '', '', '', '', 0, 'hinh-thuc-giao-hang', 'Hình thức giao hàng', '', '');
INSERT INTO `page_languages` (`id`, `page_id`, `languages_code`, `lang_page_name`, `lang_page_des`, `lang_page_content`, `lang_page_sub_info1`, `lang_page_sub_info2`, `lang_page_sub_info3`, `lang_page_sub_info4`, `lang_page_sub_info5`, `edit_state`, `friendly_url`, `title_seo`, `keyword`, `des_seo`) VALUES
(53, 44, 'vn', 'Hình thức thanh toán', '', '<h2>DP GREEN- PHAR hỗ trợ 4 phương thức thanh to&aacute;n cho tất cả c&aacute;c đơn h&agrave;ng tr&ecirc;n hệ thống.</h2>\r\n\r\n<p><strong>1. Thanh to&aacute;n khi nhận h&agrave;ng (COD): </strong>Qu&yacute; kh&aacute;ch sẽ thanh to&aacute;n tiền mặt cho nh&acirc;n vi&ecirc;n giao h&agrave;ng ngay sau khi nhận được h&agrave;ng.<br />\r\n<strong>2. Thanh to&aacute;n bằng Internet Banking:</strong> Thẻ/t&agrave;i khoản ATM của qu&yacute; kh&aacute;ch c&oacute; đăng k&iacute; sử dụng dịch vụ internet banking, DP GREEN- PHAR hiện hỗ trợ thanh to&aacute;n cho phần lớn c&aacute;c ng&acirc;n h&agrave;ng tại Việt Nam:<br />\r\n<img alt=\"\" src=\"../image/pay.jpg\" /> <strong>3. Thanh to&aacute;n bằng thẻ quốc tế Visa, Master Card:</strong>&nbsp;Ph&iacute; thanh to&aacute;n t&ugrave;y thuộc v&agrave;o từng loại thẻ qu&yacute; kh&aacute;ch d&ugrave;ng v&agrave; ng&acirc;n h&agrave;ng ph&aacute;t h&agrave;nh thẻ. Vui l&ograve;ng li&ecirc;n hệ với ng&acirc;n h&agrave;ng ph&aacute;t h&agrave;nh thẻ để biết r&otilde; ph&iacute; thanh to&aacute;n ph&aacute;t sinh.<br />\r\n<strong>4. Chuyển khoản trực tiếp tại ng&acirc;n h&agrave;ng:<br />\r\nCHỦ T&Agrave;I KHOẢN: CT CỔ PHẦN DP GREEN PHAR<br />\r\nSTK: 0691000342789<br />\r\nchi nh&aacute;nh h&agrave; t&acirc;y, Vietcombank.</strong><br />\r\n&quot;T&ecirc;n người mua h&agrave;ng, Tỉnh/th&agrave;nh phố&quot; chuyển tiền cho đơn h&agrave;ng ng&agrave;y ... th&aacute;ng ... năm ...<br />\r\n<em>Mọi thắc mắc v&agrave; g&oacute;p &yacute; vui l&ograve;ng li&ecirc;n hệ Hotline Chăm s&oacute;c kh&aacute;ch h&agrave;ng:&nbsp;<strong>(024) 6262.7731</strong></em></p>\r\n', '', '', '', '', '', 0, 'hinh-thuc-thanh-toan', 'Hình thức thanh toán', '', ''),
(54, 44, 'en', 'Hình thức thanh toán', '', '<p>Nội dung&nbsp;H&igrave;nh thức thanh to&aacute;n</p>\r\n', '', '', '', '', '', 0, 'hinh-thuc-thanh-toan', 'Hình thức thanh toán', '', ''),
(55, 45, 'vn', 'Điều khoản sử dụng', '', '<h2>1. Giới thiệu</h2>\r\n\r\n<p>Ch&agrave;o mừng bạn đến với trang Thương mại điện tử DP GREEN-PHAR<br />\r\nGREENPHAR.COM l&agrave; trang Thương mại điện tử của C&ocirc;ng ty Cổ phần DP GREEN- PHAR - chuy&ecirc;n ph&acirc;n phối độc quyền c&aacute;c sản phẩm do Armephaco 120- x&iacute; nghiệp dược phẩm 120, qu&acirc;n đội, nghi&ecirc;n cứu v&agrave; sản xuất, được cấp giấy chứng nhận ĐKKD số 0106800687 do Sở Kế Hoạch v&agrave; Đầu Tư H&agrave; Nội cấp ng&agrave;y 25/4/2015<br />\r\nC&ocirc;ng ty CPDP GREEN- PHAR c&oacute; trụ sở ch&iacute;nh đặt tại 19, Ng&otilde; 4, Phố Văn La- H&agrave; Đ&ocirc;ng- H&agrave; Nội.<br />\r\nKhi bạn truy cập v&agrave;o website greenphar.com của ch&uacute;ng t&ocirc;i c&oacute; nghĩa l&agrave; bạn đồng &yacute; với c&aacute;c điều khoản n&agrave;y. Website c&oacute; quyền chỉnh sửa, thay đổi, th&ecirc;m hoặc lược bỏ bất kỳ phần n&agrave;o trong Điều khoản mua b&aacute;n h&agrave;ng h&oacute;a n&agrave;y v&agrave;o bất cứ l&uacute;c n&agrave;o. C&aacute;c thay đổi c&oacute; hiệu lực ngay khi được đăng tr&ecirc;n website m&agrave; kh&ocirc;ng cần th&ocirc;ng b&aacute;o trước. V&agrave; khi bạn tiếp tục sử dụng website, sau khi c&aacute;c thay đổi về Điều khoản n&agrave;y được đăng tải, c&oacute; nghĩa l&agrave; bạn chấp nhận với những thay đổi đ&oacute; của ch&uacute;ng t&ocirc;i.<br />\r\nV&igrave; vậy, bạn vui l&ograve;ng kiểm tra thường xuy&ecirc;n v&agrave; cập nhật những thay đổi trong Điều khoản mua b&aacute;n tr&ecirc;n website của ch&uacute;ng t&ocirc;i để đảm bảo quyền lợi của m&igrave;nh.</p>\r\n\r\n<h2>2. Hướng dẫn sử dụng website</h2>\r\n\r\n<p style=\"text-align:center\"><img alt=\"\" height=\"450\" src=\"/image/images/Hydrangeas.jpg\" width=\"600\" /></p>\r\n\r\n<p>Khi truy cập v&agrave;o website của DP GREEN-PHAR, bạn phải đảm bảo đủ 18 tuổi, hoặc c&oacute; sự gi&aacute;m s&aacute;t của cha mẹ hay người gi&aacute;m hộ hợp ph&aacute;p. Vui l&ograve;ng đảm bảo bạn c&oacute; đầy đủ h&agrave;nh vi d&acirc;n sự để thực hiện c&aacute;c giao dịch mua b&aacute;n h&agrave;ng h&oacute;a theo quy định hiện h&agrave;nh của ph&aacute;p luật Việt Nam.<br />\r\nCh&uacute;ng t&ocirc;i sẽ cũng cấp cho bạn một t&agrave;i khoản (Account) sử dụng để bạn c&oacute; thể mua sắm tr&ecirc;n website greenphar.com trong khu&ocirc;n khổ Điều khoản v&agrave; Điều kiện sử dụng đ&atilde; đề ra.<br />\r\nBạn sẽ phải đăng k&yacute; t&agrave;i khoản với th&ocirc;ng tin c&aacute; nh&acirc;n x&aacute;c thực v&agrave; phải cập nhật nếu c&oacute; bất kỳ thay đổi n&agrave;o trong qu&aacute; tr&igrave;nh sử dụng. Mỗi c&aacute; nh&acirc;n khi truy cập v&agrave;o website của DP GREEN- PHAR phải c&oacute; tr&aacute;ch nhiệm với mật khẩu, t&agrave;i khoản v&agrave; hoạt động của m&igrave;nh tr&ecirc;n web. B&ecirc;n cạnh đ&oacute;, bạn phải th&ocirc;ng b&aacute;o ngay cho ch&uacute;ng t&ocirc;i biết khi t&agrave;i khoản bị truy cập tr&aacute;i ph&eacute;p. Đối với những thiệt hại hoặc mất m&aacute;t g&acirc;y ra do bạn kh&ocirc;ng tu&acirc;n thủ quy định v&agrave; c&aacute;c điều khoản mua b&aacute;n đ&atilde; cam kết ph&iacute;a DP GREEN-PHAR sẽ kh&ocirc;ng chịu bất kỳ tr&aacute;ch nhiệm n&agrave;o, d&ugrave; trực tiếp hay gi&aacute;n tiếp.</p>\r\n\r\n<p style=\"text-align:center\"><img alt=\"\" height=\"221\" src=\"/image/images/Cataloge%20Rem-File%20OK%2003.jpg\" width=\"600\" /></p>\r\n\r\n<p><img alt=\"\" height=\"900\" src=\"/image/images/11___.png\" width=\"900\" /><br />\r\nNghi&ecirc;m cấm sử dụng bất kỳ phần n&agrave;o của website n&agrave;y dưới mọi h&igrave;nh thức với mục đ&iacute;ch thương mại hoặc nh&acirc;n danh bất kỳ đối t&aacute;c thứ ba n&agrave;o nếu kh&ocirc;ng được sự cho ph&eacute;p bằng văn bản từ ph&iacute;a DP GREEN- PHAR. Nếu vi phạm bất cứ điều n&agrave;o trong đ&acirc;y, ch&uacute;ng t&ocirc;i sẽ hủy t&agrave;i khoản của bạn m&agrave; kh&ocirc;ng cần b&aacute;o trước.<br />\r\nBạn sẽ nhận được email quảng c&aacute;o từ website GREENPHAR.COM của ch&uacute;ng t&ocirc;i trong suốt qu&aacute; tr&igrave;nh đăng k&iacute;. Nếu cảm thấy bị l&agrave;m phiền, bạn c&oacute; thể từ chối nhận email bằng c&aacute;ch nhấp v&agrave;o đường link ở dưới c&ugrave;ng trong mọi email quảng c&aacute;o.</p>\r\n\r\n<h2>3. &Yacute; kiến của kh&aacute;ch h&agrave;ng</h2>\r\n\r\n<p>Tất cả nội dung tr&ecirc;n website v&agrave; những &yacute; kiến, nhận x&eacute;t ph&ecirc; b&igrave;nh của qu&yacute; kh&aacute;ch h&agrave;ng đều l&agrave; t&agrave;i sản của DP GREEN-PHAR ch&uacute;ng t&ocirc;i. Nếu ph&aacute;t hiện bất kỳ th&ocirc;ng tin giả mạo n&agrave;o, ch&uacute;ng t&ocirc;i sẽ v&ocirc; hiệu h&oacute;a t&agrave;i khoản của bạn ngay lập tức hoặc &aacute;p dụng c&aacute;c biện ph&aacute;p kh&aacute;c theo quy định của ph&aacute;p luật Việt Nam.</p>\r\n\r\n<h2>4. Chấp nhận đơn h&agrave;ng v&agrave; gi&aacute; cả</h2>\r\n\r\n<p>Với bất kỳ l&yacute; do g&igrave; li&ecirc;n quan đến lỗi kỹ thuật, hệ thống một c&aacute;ch kh&aacute;ch quan v&agrave;o bất kỳ l&uacute;c n&agrave;o, ph&iacute;a DP GREEN-PHAR ch&uacute;ng t&ocirc;i c&oacute; quyền từ chối hoặc hủy đơn h&agrave;ng của qu&yacute; kh&aacute;ch.<br />\r\nTrong qu&aacute; tr&igrave;nh x&aacute;c nhận đơn h&agrave;ng, ch&uacute;ng t&ocirc;i c&oacute; thể hỏi th&ecirc;m về số điện thoại v&agrave; địa chỉ của bạn để thuận tiện cho giao dịch.<br />\r\nDP GREEN-PHAR cam kết sẽ cung cấp th&ocirc;ng tin gi&aacute; cả ch&iacute;nh x&aacute;c nhất cho người ti&ecirc;u d&ugrave;ng. Tuy nhi&ecirc;n, đ&ocirc;i l&uacute;c vẫn c&oacute; sai s&oacute;t xảy ra, v&iacute; dụ như trường hợp gi&aacute; sản phẩm kh&ocirc;ng hiển thị ch&iacute;nh x&aacute;c tr&ecirc;n website hoặc sai gi&aacute;, t&ugrave;y theo từng trường hợp ph&iacute;a DP GREEN-PHAR ch&uacute;ng t&ocirc;i sẽ li&ecirc;n hệ hướng dẫn hoặc th&ocirc;ng b&aacute;o hủy đơn h&agrave;ng đ&oacute; cho qu&yacute; kh&aacute;ch.<br />\r\nDP GREEN-PHAR cũng c&oacute; quyền từ chối hoặc hủy bỏ bất kỳ đơn h&agrave;ng n&agrave;o của qu&yacute; kh&aacute;ch d&ugrave; đơn h&agrave;ng đ&oacute; đ&atilde; hay chưa được x&aacute;c nhận hoặc đ&atilde; thanh to&aacute;n.</p>\r\n\r\n<h2>5. Thay đổi hoặc hủy bỏ giao dịch</h2>\r\n\r\n<p>Trong mọi trường hợp, kh&aacute;ch h&agrave;ng đều c&oacute; quyền chấm dứt giao dịch nếu đ&atilde; thực hiện c&aacute;c biện ph&aacute;p sau đ&acirc;y:<br />\r\nTh&ocirc;ng b&aacute;o cho bộ phận chăm s&oacute;c kh&aacute;ch h&agrave;ng của DP GREEN-PHAR về việc hủy giao dịch qua hotline (024) 6262. 7731</p>\r\n\r\n<h2>6. Giải quyết lỗi nhập sai th&ocirc;ng tin</h2>\r\n\r\n<p>Kh&aacute;ch h&agrave;ng c&oacute; tr&aacute;ch nhiệm cung cấp th&ocirc;ng tin đầy đủ v&agrave; ch&iacute;nh x&aacute;c khi tham gia giao dịch tại website greenphar.com. Trong trường hợp kh&aacute;ch h&agrave;ng nhập sai th&ocirc;ng tin v&agrave; gửi v&agrave;o site thương mại điện tử greenphar.com, ch&uacute;ng t&ocirc;i c&oacute; quyền từ chối thực hiện giao dịch. Ngo&agrave;i ra, trong mọi trường hợp, kh&aacute;ch h&agrave;ng đều c&oacute; quyền đơn phương chấm dứt giao dịch nếu đ&atilde; thực hiện c&aacute;c biện ph&aacute;p sau đ&acirc;y: Li&ecirc;n hệ với bộ phậm CSKH của DP GREEN-PHAR qua hotline (024) 6262. 7731<br />\r\nTrả lại sản phẩm đ&atilde; nhận v&agrave; kh&ocirc;ng c&oacute; dấu hiệu khui mở hoặc đ&atilde; sử dụng.<br />\r\nTrong trường hợp sai th&ocirc;ng tin ph&aacute;t sinh từ ph&iacute;a DP GREEN-PHAR m&agrave; DP GREEN-PHAR c&oacute; thể chứng minh đ&oacute; l&agrave; lỗi của hệ thống, ch&uacute;ng t&ocirc;i sẽ chịu ho&agrave;n to&agrave;n tr&aacute;ch nhiệm v&agrave; đền b&ugrave; cho kh&aacute;ch h&agrave;ng.</p>\r\n\r\n<h2>7. Quyền ph&aacute;p l&yacute;</h2>\r\n\r\n<p>C&aacute;c điều kiện, điều khoản v&agrave; nội dung của website n&agrave;y được điều chỉnh bởi luật ph&aacute;p Việt Nam. T&ograve;a &aacute;n c&oacute; thẩm quyền tại Việt Nam sẽ giải quyết bất kỳ tranh chấp n&agrave;o ph&aacute;t sinh từ việc sử dụng tr&aacute;i ph&eacute;p trang web n&agrave;y.</p>\r\n\r\n<h2>8. Quy định về bảo mật</h2>\r\n\r\n<p>Website GREENPHAR.COM của ch&uacute;ng t&ocirc;i xem trọng việc bảo mật th&ocirc;ng tin, sử dụng c&aacute;c biện ph&aacute;p tốt nhất để bảo mật th&ocirc;ng tin v&agrave; việc thanh to&aacute;n của qu&yacute; kh&aacute;ch. Trong qu&aacute; tr&igrave;nh thanh to&aacute;n, th&ocirc;ng tin của qu&yacute; kh&aacute;ch sẽ được m&atilde; h&oacute;a để đảm bảo an to&agrave;n. Bạn sẽ tho&aacute;t khỏi chế độ an to&agrave;n sau khi ho&agrave;n th&agrave;nh qu&aacute; tr&igrave;nh đặt h&agrave;ng.<br />\r\nQu&yacute; kh&aacute;ch kh&ocirc;ng được sử dụng bất kỳ chương tr&igrave;nh, c&ocirc;ng cụ hay h&igrave;nh thức n&agrave;o kh&aacute;c để can thiệp v&agrave;o hệ thống hay l&agrave;m thay đổi cấu tr&uacute;c dữ liệu. Website greenphar.com cũng nghi&ecirc;m cấm việc ph&aacute;t t&aacute;n, truyền b&aacute; hay cổ vũ cho bất kỳ hoạt động n&agrave;o nhằm can thiệp, ph&aacute; hoại hay x&acirc;m nhập v&agrave;o dữ liệu của hệ thống. C&aacute; nh&acirc;n hay tổ chức vi phạm sẽ bị tước bỏ mọi quyền lợi cũng như sẽ bị truy tố trước ph&aacute;p luật nếu cần thiết.<br />\r\nMọi th&ocirc;ng tin giao dịch sẽ được bảo mật ngoại trừ trong trường hợp cơ quan ph&aacute;p luật y&ecirc;u cầu.</p>\r\n\r\n<h2>9. C&aacute;c phương thức thanh to&aacute;n &aacute;p dụng tại GREENPHAR.COM</h2>\r\n\r\n<p>Qu&yacute; kh&aacute;ch c&oacute; thể tham khảo c&aacute;c phương thức thanh to&aacute;n sau đ&acirc;y v&agrave; lựa chọn &aacute;p dụng phương thức ph&ugrave; hợp:</p>\r\n\r\n<h3>C&aacute;ch 1: Thanh to&aacute;n trực tiếp (T&igrave;m đến chuỗi nh&agrave; thuốc b&aacute;n lẻ)</h3>\r\n\r\n<p>Bước 1: T&igrave;m hiểu th&ocirc;ng tin về sản phẩm<br />\r\nBước 2: Đến địa chỉ nh&agrave; thuốc b&aacute;n lẻ<br />\r\nBước 3: Người mua thanh to&aacute;n v&agrave; nhận h&agrave;ng</p>\r\n\r\n<h3>C&aacute;ch 2: Nhận h&agrave;ng thanh to&aacute;n tiền - COD</h3>\r\n\r\n<p>Bước 1: T&igrave;m hiểu th&ocirc;ng tin về sản phẩm<br />\r\nBước 2: X&aacute;c thực đơn h&agrave;ng (qua điện thoại, tin nhắn, email)<br />\r\nBước 3: Bộ phận CSKH của DP GREEN-PHAR sẽ li&ecirc;n hệ với qu&yacute; kh&aacute;ch để x&aacute;c nhận th&ocirc;ng tin v&agrave; đơn h&agrave;ng, đủ điều kiện đơn h&agrave;ng sẽ được chuyển qua cho bộ phận giao h&agrave;ng<br />\r\nBước 4: Giao h&agrave;ng<br />\r\nBước 5: Nhận h&agrave;ng v&agrave; thanh to&aacute;n</p>\r\n\r\n<h3>C&aacute;ch 3: Thanh to&aacute;n online qua thẻ t&iacute;n dụng, chuyển khoản</h3>\r\n\r\n<p>Bước 1: T&igrave;m hiểu th&ocirc;ng tin về sản phẩm<br />\r\nBước 2: X&aacute;c thực đơn h&agrave;ng (qua điện thoại, tin nhắn, email)<br />\r\nBước 3: Kh&aacute;ch h&agrave;ng thực hiện thanh to&aacute;n 100% gi&aacute; trị đơn h&agrave;ng (đơn h&agrave;ng thanh to&aacute;n th&agrave;nh c&ocirc;ng sẽ b&aacute;o qua điện thoại, tin nhắn, email)<br />\r\nBước 4: Bộ phận CSKH của DP GREEN-PHAR sẽ li&ecirc;n hệ với qu&yacute; kh&aacute;ch để x&aacute;c nhận th&ocirc;ng tin v&agrave; đơn h&agrave;ng, đủ điều kiện đơn h&agrave;ng sẽ được chuyển qua cho bộ phận giao h&agrave;ng<br />\r\nBước 5: Giao h&agrave;ng<br />\r\nBước 6: Kh&aacute;ch h&agrave;ng nhận h&agrave;ng.</p>\r\n\r\n<h2>10. Giải quyết tranh chấp</h2>\r\n\r\n<p>Bất kỳ tranh c&atilde;i, khiếu nại hoặc tranh chấp ph&aacute;t sinh từ hoặc li&ecirc;n quan đến giao dịch tại greenphar.com hoặc c&aacute;c Quy định v&agrave; Điều kiện n&agrave;y đều sẽ được giải quyết bằng h&igrave;nh thức thương lượng, h&ograve;a giải, trọng t&agrave;i v&agrave;/hoặc T&ograve;a &aacute;n theo Luật bảo vệ Người ti&ecirc;u d&ugrave;ng Chương 4 về Giải quyết tranh chấp giữa người ti&ecirc;u d&ugrave;ng v&agrave; tổ chức, c&aacute; nh&acirc;n kinh doanh h&agrave;ng h&oacute;a, dịch vụ.</p>\r\n\r\n<h2>11. Luật ph&aacute;p v&agrave; thẩm quyền tại L&atilde;nh thổ Việt Nam</h2>\r\n\r\n<p>Tất cả c&aacute;c Điều Khoản, Điều Kiện v&agrave; Hợp Đồng n&agrave;y (v&agrave; tất cả nghĩa vụ ph&aacute;t sinh ngo&agrave;i hợp đồng hoặc c&oacute; li&ecirc;n quan) sẽ bị chi phối v&agrave; được hiểu theo luật ph&aacute;p của Việt Nam. Nếu c&oacute; tranh chấp ph&aacute;t sinh bởi c&aacute;c Quy định Sử dụng n&agrave;y, qu&yacute; kh&aacute;ch h&agrave;ng c&oacute; quyền gửi khiếu nại/khiếu kiện l&ecirc;n T&ograve;a &aacute;n c&oacute; thẩm quyền tại Việt Nam để giải quyết.</p>\r\n', '', '', '', '', '', 1, 'dieu-khoan-su-dung', 'Điều khoản sử dụng', '', ''),
(56, 45, 'en', 'Điều khoản sử dụng', '', '<p>Nội dung&nbsp;Điều khoản sử dụng</p>\r\n', '', '', '', '', '', 1, 'dieu-khoan-su-dung', 'Điều khoản sử dụng', '', ''),
(57, 46, 'vn', 'page test 1', '', '', '', '', '', '', '', 0, 'page-test-1', 'page test 1', '', ''),
(58, 46, 'en', 'page test 1', '', '', '', '', '', '', '', 0, 'page-test-1', 'page test 1', '', ''),
(59, 47, 'vn', 'page test 2', '', '', '', '', '', '', '', 0, 'page-test-2', 'page test 2', '', ''),
(60, 47, 'en', 'page test 2', '', '', '', '', '', '', '', 0, 'page-test-2', 'page test 2', '', ''),
(61, 48, 'vn', 'page test 3', '', '', '', '', '', '', '', 0, 'page-test-3', 'page test 3', '', ''),
(62, 48, 'en', 'page test 3', '', '', '', '', '', '', '', 0, 'page-test-3', 'page test 3', '', ''),
(63, 49, 'vn', 'page test 4', '', '', '', '', '', '', '', 0, 'page-test-4', 'page test 4', '', ''),
(64, 49, 'en', 'page test 4', '', '', '', '', '', '', '', 0, 'page-test-4', 'page test 4', '', ''),
(65, 50, 'vn', 'page test 5', '', '', '', '', '', '', '', 0, 'page-test-5', 'page test 5', '', ''),
(66, 50, 'en', 'page test 5', '', '', '', '', '', '', '', 0, 'page-test-5', 'page test 5', '', ''),
(67, 51, 'vn', 'page test 6', '', '', '', '', '', '', '', 0, 'page-test-6', 'page test 6', '', ''),
(68, 51, 'en', 'page test 6', '', '', '', '', '', '', '', 0, 'page-test-6', 'page test 6', '', ''),
(69, 52, 'vn', 'page test 7', '', '', '', '', '', '', '', 0, 'page-test-7', 'page test 7', '', ''),
(70, 52, 'en', 'page test 7', '', '', '', '', '', '', '', 0, 'page-test-7', 'page test 7', '', ''),
(71, 53, 'vn', 'page test 8', '', '', '', '', '', '', '', 0, 'page-test-8', 'page test 8', '', ''),
(72, 53, 'en', 'page test 8', '', '', '', '', '', '', '', 0, 'page-test-8', 'page test 8', '', ''),
(73, 54, 'vn', 'page test 9', '', '', '', '', '', '', '', 0, 'page-test-9', 'page test 9', '', ''),
(74, 54, 'en', 'page test 9', '', '', '', '', '', '', '', 0, 'page-test-9', 'page test 9', '', ''),
(75, 55, 'vn', 'page test 10', '', '', '', '', '', '', '', 0, 'page-test-10', 'page test 10', '', ''),
(76, 55, 'en', 'page test 10', '', '', '', '', '', '', '', 0, 'page-test-10', 'page test 10', '', ''),
(77, 56, 'vn', 'payment online', '', '<p><span style=\"font-size:14.0pt\">Payment online is extremely useful service for every the customers using the service at Vietnam fast track. To book you only need to fill a form. We will process the verification information then you will receive a successful payment confirmation email. </span></p>\r\n', '', '', '', '', '', 1, 'payment-online-page', 'payment online', '', ''),
(78, 56, 'en', 'page test 11', '', '<p>在线支付对于在越南快速通道上使用该服务的每个客户来说都是非常有用的服务。 要预订，只需填写表格即可。 我们将处理验证信息，然后您将收到成功的付款确认电子邮件。</p>\r\n', '', '', '', '', '', 1, 'page-test-11', 'page test 11', '', ''),
(79, 57, 'vn', ' Hướng dẫn mua hàng', '', '<h1 style=\"margin-left:0px; margin-right:0px; text-align:start\"><span style=\"font-size:13px\"><span style=\"color:#333333\"><span style=\"font-family:&quot;Open Sans&quot;,sans-serif\"><span style=\"background-color:#ffffff\"><strong>SPRO.VN</strong>&nbsp;- L&agrave; 1 giải ph&aacute;p mua h&agrave;ng tuyệt vời đối với qu&yacute; kh&aacute;ch h&agrave;ng xa gần, bởi n&oacute; được đảm bảo t&iacute;nh ph&aacute;p l&yacute; của 1 c&ocirc;ng ty thiết bị l&acirc;u năm trong l&atilde;nh vực.</span></span></span></span></h1>\r\n\r\n<p style=\"margin-left:0px; margin-right:0px; text-align:start\"><span style=\"font-size:13px\"><span style=\"color:#333333\"><span style=\"font-family:&quot;Open Sans&quot;,sans-serif\"><span style=\"background-color:#ffffff\">Thị trường rộng lớn đ&atilde; v&agrave; đang li&ecirc;n kết được với nhiều đối t&aacute;c giao h&agrave;ng, tiện lợi, uy t&iacute;nh v&agrave; chuy&ecirc;n nghiệp.</span></span></span></span></p>\r\n\r\n<p style=\"margin-left:0px; margin-right:0px; text-align:start\"><span style=\"font-size:13px\"><span style=\"color:#333333\"><span style=\"font-family:&quot;Open Sans&quot;,sans-serif\"><span style=\"background-color:#ffffff\">Vận chuyển h&agrave;ng h&oacute;a tận nơi, đối với những sản phẩm kh&oacute; lắp đặt đ&atilde; c&oacute; đội ngũ kỹ thuật lắp đặt hướng dẫn ngay tại nh&agrave; m&agrave; kh&ocirc;ng cần mất th&ecirc;m chi ph&iacute;.</span></span></span></span></p>\r\n\r\n<p style=\"margin-left:0px; margin-right:0px; text-align:start\"><span style=\"font-size:13px\"><span style=\"color:#333333\"><span style=\"font-family:&quot;Open Sans&quot;,sans-serif\"><span style=\"background-color:#ffffff\">Điều đ&oacute; đồng nghĩa với việc kh&aacute;ch h&agrave;ng c&oacute; thể mua h&agrave;ng ngay khi ngồi tại nh&agrave; m&agrave; vẫn đảm bảo 100% những m&ocirc; tả của ch&uacute;ng t&ocirc;i l&agrave; ch&iacute;nh x&aacute;c, h&igrave;nh ảnh v&agrave; video l&agrave; x&aacute;c thực.</span></span></span></span></p>\r\n\r\n<p style=\"margin-left:0px; margin-right:0px; text-align:start\"><span style=\"font-size:13px\"><span style=\"color:#333333\"><span style=\"font-family:&quot;Open Sans&quot;,sans-serif\"><span style=\"background-color:#ffffff\"><strong>C&Aacute;CH MUA H&Agrave;NG NHƯ THẾ N&Agrave;O?</strong></span></span></span></span></p>\r\n\r\n<p style=\"margin-left:0px; margin-right:0px; text-align:start\"><span style=\"font-size:13px\"><span style=\"color:#333333\"><span style=\"font-family:&quot;Open Sans&quot;,sans-serif\"><span style=\"background-color:#ffffff\"><strong><u>Mua h&agrave;ng tại cửa h&agrave;ng:&nbsp;</u>&nbsp;</strong>143 B&igrave;nh Lợi, Phường 13, Quận B&igrave;nh Thạnh</span></span></span></span><br />\r\n&nbsp;</p>\r\n\r\n<p style=\"margin-left:0px; margin-right:0px; text-align:start\"><span style=\"font-size:13px\"><span style=\"color:#333333\"><span style=\"font-family:&quot;Open Sans&quot;,sans-serif\"><span style=\"background-color:#ffffff\"><strong>Bước 1:</strong>&nbsp;Li&ecirc;n hệ với số&nbsp;<strong>Hotline</strong>:&nbsp;<strong>028.35.534.298</strong>&nbsp;&nbsp;của cửa h&agrave;ng để biết ch&iacute;nh x&aacute;c về t&igrave;nh trạng h&agrave;ng h&oacute;a &ndash; Địa chỉ x&aacute;c thực v&agrave; t&ecirc;n người phụ tr&aacute;ch b&aacute;n h&agrave;ng.</span></span></span></span></p>\r\n\r\n<p style=\"margin-left:0px; margin-right:0px; text-align:start\"><span style=\"font-size:13px\"><span style=\"color:#333333\"><span style=\"font-family:&quot;Open Sans&quot;,sans-serif\"><span style=\"background-color:#ffffff\"><strong>Bước 2:</strong>&nbsp;Mua h&agrave;ng + Đặt cọc + l&ecirc;n lịch giao h&agrave;ng (thỏa thuận)</span></span></span></span></p>\r\n\r\n<p style=\"margin-left:0px; margin-right:0px; text-align:start\"><span style=\"font-size:13px\"><span style=\"color:#333333\"><span style=\"font-family:&quot;Open Sans&quot;,sans-serif\"><span style=\"background-color:#ffffff\"><strong>Bước 3:</strong>&nbsp;Nhận h&agrave;ng tại nh&agrave;, kiểm tra đầy đủ phụ kiện, thanh to&aacute;n cho nh&acirc;n vi&ecirc;n giao h&agrave;ng số tiền c&ograve;n lại.</span></span></span></span></p>\r\n\r\n<p style=\"margin-left:0px; margin-right:0px; text-align:start\"><span style=\"font-size:13px\"><span style=\"color:#333333\"><span style=\"font-family:&quot;Open Sans&quot;,sans-serif\"><span style=\"background-color:#ffffff\"><strong><u>Mua h&agrave;ng online:</u></strong></span></span></span></span></p>\r\n\r\n<p style=\"margin-left:0px; margin-right:0px; text-align:start\"><span style=\"font-size:13px\"><span style=\"color:#333333\"><span style=\"font-family:&quot;Open Sans&quot;,sans-serif\"><span style=\"background-color:#ffffff\"><strong>Bước 1:</strong>&nbsp;Truy cập v&agrave;o website&nbsp;<strong>SPRO.VN</strong>&nbsp;t&igrave;m sản phẩm tr&ecirc;n menu hoặc tr&ecirc;n c&ocirc;ng cụ t&igrave;m kiếm</span></span></span></span></p>\r\n\r\n<p style=\"margin-left:72pt; margin-right:0px; text-align:start\"><span style=\"font-size:13px\"><span style=\"color:#333333\"><span style=\"font-family:&quot;Open Sans&quot;,sans-serif\"><span style=\"background-color:#ffffff\"><span style=\"font-family:&quot;Courier New&quot;\">o&nbsp;&nbsp;&nbsp;</span>V&iacute; dụ: mua m&aacute;y gia xe gia đ&igrave;nh chỉ cần g&otilde; v&agrave;o thanh t&igrave;m kiếm &ldquo;M&aacute;y rửa xe gia đ&igrave;nh&rdquo; hoặc &ldquo;may rua xe gia dinh&rdquo; hoặc &ldquo;gia đ&igrave;nh&rdquo;, &ldquo;gia dinh&rdquo; tuy nhi&ecirc;n t&igrave;m c&agrave;ng chi tiết th&igrave; c&agrave;ng dễ chọn được sản phẩm ph&ugrave; hợp. Hoặc t&igrave;m theo m&atilde; sản phẩm v&iacute; dụ: &ldquo;k2 360&rdquo;...</span></span></span></span></p>\r\n\r\n<p style=\"margin-left:0px; margin-right:0px; text-align:start\"><span style=\"font-size:13px\"><span style=\"color:#333333\"><span style=\"font-family:&quot;Open Sans&quot;,sans-serif\"><span style=\"background-color:#ffffff\"><strong>Bước 2:</strong>&nbsp; Gọi điện thoại tr&ecirc;n website để được nh&acirc;n vi&ecirc;n tư vấn v&agrave; mua h&agrave;ng lu&ocirc;n qua điện thoại, hoặc click v&agrave;o n&uacute;t đặt h&agrave;ng l&agrave;m theo hướng dẫn sau đ&acirc;y để mua h&agrave;ng:</span></span></span></span></p>\r\n\r\n<p style=\"margin-left:0px; margin-right:0px; text-align:start\"><span style=\"font-size:13px\"><span style=\"color:#333333\"><span style=\"font-family:&quot;Open Sans&quot;,sans-serif\"><span style=\"background-color:#ffffff\"><strong>Bước 3:</strong>&nbsp;Tiếp nhận điện thoại x&aacute;c nhận đơn h&agrave;ng của c&aacute;c tổng đ&agrave;i vi&ecirc;n &ndash; Thỏa thuận c&aacute;c phương thức vận chuyển thanh to&aacute;n sao cho ph&ugrave; hợp nhất.</span></span></span></span></p>\r\n\r\n<p style=\"margin-left:0px; margin-right:0px; text-align:start\"><span style=\"font-size:13px\"><span style=\"color:#333333\"><span style=\"font-family:&quot;Open Sans&quot;,sans-serif\"><span style=\"background-color:#ffffff\"><strong>Bước 4:</strong>&nbsp;Nhận h&agrave;ng v&agrave; kiểm tra h&agrave;ng h&oacute;a tại nh&agrave;, li&ecirc;n hệ số điện thoại kỹ thuật để nhận được tư vấn khi sử dụng hoặc thắc mắc về sự cố: 0961.958.460 (Mr. Tuấn).</span></span></span></span></p>\r\n\r\n<p style=\"margin-left:0px; margin-right:0px; text-align:start\"><span style=\"font-size:13px\"><span style=\"color:#333333\"><span style=\"font-family:&quot;Open Sans&quot;,sans-serif\"><span style=\"background-color:#ffffff\"><strong><u>Mua h&agrave;ng qua điện thoại:</u></strong></span></span></span></span></p>\r\n\r\n<p style=\"margin-left:0px; margin-right:0px; text-align:start\"><span style=\"font-size:13px\"><span style=\"color:#333333\"><span style=\"font-family:&quot;Open Sans&quot;,sans-serif\"><span style=\"background-color:#ffffff\"><strong><u>Hồ Ch&iacute; Minh:</u></strong><br />\r\n<br />\r\n<strong>&nbsp;Hotline</strong>: 0835.534.298</span></span></span></span></p>\r\n\r\n<p style=\"margin-left:0px; margin-right:0px; text-align:start\"><span style=\"font-size:13px\"><span style=\"color:#333333\"><span style=\"font-family:&quot;Open Sans&quot;,sans-serif\"><span style=\"background-color:#ffffff\">Mr.Ph&uacute;: 0986.954.423</span></span></span></span></p>\r\n\r\n<p style=\"margin-left:0px; margin-right:0px; text-align:start\"><span style=\"font-size:13px\"><span style=\"color:#333333\"><span style=\"font-family:&quot;Open Sans&quot;,sans-serif\"><span style=\"background-color:#ffffff\">Ms.Hường: 0909.115.704</span></span></span></span></p>\r\n\r\n<p style=\"margin-left:0px; margin-right:0px; text-align:start\"><span style=\"font-size:13px\"><span style=\"color:#333333\"><span style=\"font-family:&quot;Open Sans&quot;,sans-serif\"><span style=\"background-color:#ffffff\">Mr.Biển: 0965.570.643</span></span></span></span></p>\r\n\r\n<p style=\"margin-left:0px; margin-right:0px; text-align:start\"><span style=\"font-size:13px\"><span style=\"color:#333333\"><span style=\"font-family:&quot;Open Sans&quot;,sans-serif\"><span style=\"background-color:#ffffff\">Mr.Hưng: 0962.073.945 (Tiếp nhận kh&aacute;ch h&agrave;ng c&oacute; nhu cầu l&agrave;m đại l&yacute;)</span></span></span></span></p>\r\n\r\n<p style=\"margin-left:0px; margin-right:0px; text-align:start\"><span style=\"font-size:13px\"><span style=\"color:#333333\"><span style=\"font-family:&quot;Open Sans&quot;,sans-serif\"><span style=\"background-color:#ffffff\"><strong><u>H&agrave; Nội:</u></strong></span></span></span></span></p>\r\n\r\n<p style=\"margin-left:0px; margin-right:0px; text-align:start\"><span style=\"font-size:13px\"><span style=\"color:#333333\"><span style=\"font-family:&quot;Open Sans&quot;,sans-serif\"><span style=\"background-color:#ffffff\"><strong>Hotline</strong>: 0976.666.906 Mr.Hưng</span></span></span></span></p>\r\n\r\n<p style=\"margin-left:0px; margin-right:0px; text-align:start\"><span style=\"font-size:13px\"><span style=\"color:#333333\"><span style=\"font-family:&quot;Open Sans&quot;,sans-serif\"><span style=\"background-color:#ffffff\">Mr.Đạo: 0964.063.553</span></span></span></span></p>\r\n', '', '', '', '', '', 0, 'huong-dan-mua-hang', ' Hướng dẫn mua hàng', '', ''),
(80, 57, 'en', 'english version  Hướng dẫn mua hàng', 'english version ', 'english version <p>&nbsp;Hướng dẫn mua h&agrave;ng online</p>\r\n', '', '', '', '', '', 0, 'en-huong-dan-mua-hang', ' Hướng dẫn mua hàng', '', ''),
(81, 58, 'vn', 'Chính sách vận chuyển', '', '<p>&nbsp;Ch&iacute;nh s&aacute;ch vận chuyển</p>\r\n', '', '', '', '', '', 0, 'chinh-sach-van-chuyen', 'Chính sách vận chuyển', '', ''),
(82, 58, 'en', 'english version Chính sách vận chuyển', 'english version ', 'english version <p>&nbsp;Ch&iacute;nh s&aacute;ch vận chuyển</p>\r\n', '', '', '', '', '', 0, 'en-chinh-sach-van-chuyen', 'Chính sách vận chuyển', '', ''),
(83, 59, 'vn', 'ABOUT US', 'Vietnamfasttrack company is one of the most reputable and quality companies in the market. We specialize in transporting people and goods, both at domestic and abroad. With a team of staffs and professional drivers that work over 10 years, our company is confident to bring the best service to everyone. ', '<h2 dir=\"ltr\"><strong>The services of Vietnamfasttrack</strong></h2>\r\n\r\n<p dir=\"ltr\" style=\"text-align:justify\">We provide services at airports for all types of travelers, who don&rsquo;t want to &nbsp;have to queue for many hours to complete airport procedures. If you have an upcoming meeting or any other reason that you are in a hurry, you could book the services of our company to be served as a VIP guest at all Vietnam international airports. The services provided by <a href=\"http://vietnamfasttrack.org/\"><strong>Vietnam fast-track</strong></a> help customers no longer have to worry at any international airport in Vietnam. With our range of services, customers can leave the airport early and will no longer have to wait in long lines, because we will assist you and your luggage when you arrive at the airport. Our system includes a welcome airside at the air bridge, fast track and assistance through visa and border control. Booking and reservation systems will help you select and book the service accurately.</p>\r\n\r\n<p dir=\"ltr\" style=\"text-align:justify\"><a href=\"http://vietnamfasttrack.org/gioi-thieu\"><strong>Vietnam fast-track</strong></a> works with the motto: react fast, start smoothly, and connect successfully. We specialize in providing two main types of services: Vietnam VIP airport fast-track, and Vietnam visa on arrival.</p>\r\n\r\n<h2 dir=\"ltr\">&nbsp;</h2>\r\n\r\n<h2 dir=\"ltr\"><strong>1 Vietnam VIP airport fasttrack</strong></h2>\r\n\r\n<p dir=\"ltr\" style=\"text-align:justify\">Vietnam VIP airport fasttrack is the company&rsquo;s trademark service and the one that built our reputation as the leading company in airport services. Our staff will meet you at the air bridge. They will help you bypass the queue to check your visa or passport, escort you to the luggage area and customs. Before departure, they will contact your driver, assist you through booking and entry; and take you to the airline lounge and the port. Our strength lies in the fast, easy and professional process that help customers optimize their time at the airport, with high quality customer service, our will to provide service to all kinds of customers at a reasonable price</p>\r\n\r\n<h2 dir=\"ltr\">&nbsp;</h2>\r\n\r\n<h2 dir=\"ltr\"><strong>2. Vietnam visa on arrival</strong></h2>\r\n\r\n<p dir=\"ltr\" style=\"text-align:justify\">Another main service of Vietnamfasttrack, Vietnam visa on arrival works in harmony with the VIP airport fasttrack service to help customers accomplish the airport procedures the quickest way possible. To enter any country, the first step is to apply for a visa of that country. The visa application procedure has to go through many steps and take a lot of time. Understanding how this can be an inconvenience for customers, Visa on arrival is designed by Vietnamfasttrack to be the best option for those who are away from the embassy, or in urgent need of a visa to enter the country. The Vietnam Visa on Arrival service helps you get your entry visa right at the airport. This visa procedure is very simple, it costs almost no time and travel expenses.</p>\r\n\r\n<p dir=\"ltr\" style=\"text-align:justify\">Customers do not have to apply for a visa before flying, but only need a Visa approval letter, provided by Vietnamfasttrack, and get a visa on arrival at the airport. Guests can obtain their own visa at the airport with this letter. If you want to get the visa right after landing, Vietnam fast-track provides Vietnam VIP airport fast track service to ensure your wish.</p>\r\n\r\n<p dir=\"ltr\" style=\"text-align:justify\">Besides, we have additional services to give customers the best experience with Vietnam airport transfer and Vietnam VIP lounge.</p>\r\n\r\n<h2 dir=\"ltr\">&nbsp;</h2>\r\n\r\n<h2 dir=\"ltr\"><strong>3. Vietnam airport transfer</strong></h2>\r\n\r\n<p dir=\"ltr\" style=\"text-align:justify\">Aside from airport procedures, another thing that often take a lot of time and tire out foreign customers when coming to Vietnam is finding a suitable transportation means to the hotel or their accomodation. That is the reason for our Vietnam airport transfer service. We provide a fast and convenient transportation service that is ready right after you step out of the airport. Our booking processors and booking service allow you to enter details of your trip, it will list a variety of vehicles for you to choose from. We provide a list of vehicles, including group travel prices for arrivals and departures from the airport to convention centers or hotels.</p>\r\n\r\n<p dir=\"ltr\" style=\"text-align:justify\">Vietnam airport transfer always uses new high quality vehicles, professional drivers who have been trained with English skills and cultural knowledge.</p>\r\n\r\n<h2 dir=\"ltr\">&nbsp;</h2>\r\n\r\n<h2 dir=\"ltr\"><strong>4. Vietnam VIP lounge</strong></h2>\r\n\r\n<p dir=\"ltr\" style=\"text-align:justify\">A true feeling of comfort and luxury, the Vietnam VIP lounge serves to give you the best time at the airport. A private space when dropping a nap on a massage chair to prepare for a long flight; choose a menu that best suits you while enjoying the weather; using the Wi-Fi internet to work even before boarding a business center area is something your business is looking forward to.</p>\r\n\r\n<p dir=\"ltr\" style=\"text-align:justify\">There is a VIP lounge at each international airport, our staff will come to the airport welcome guests, and then VIP facilities will transfer guests into the VIP lounge and complete procedures for guests. You will enjoy the VIP service while we help you complete the procedure.</p>\r\n\r\n<h2 dir=\"ltr\">&nbsp;</h2>\r\n\r\n<h2 dir=\"ltr\"><strong>Our values</strong></h2>\r\n\r\n<p dir=\"ltr\" style=\"text-align:justify\">We always strive to improve the quality of our services such as the selection of modern vehicles, easy and flexible booking, language training and cultural understanding for the drivers as well as the professionalism of the service staff, we are even willing to provide tour guides if you have a need. In the future, the company will become the famous brand in Vietnam and abroad, so the customers can trust the price and quality of our services.</p>\r\n\r\n<p dir=\"ltr\" style=\"text-align:justify\">For over 10 years, Vietnam fast-track Company has assisted thousands of travelers over the airport. The fast track service applies to any traveler, on any airline brand, in any cabin class, and at all major airports. Our specialized staff will help you choose the most accurate service at the lowest cost. We always provide you with the best service, with special assistance to meet your needs at domestic and international airports.</p>\r\n', '', '', '', '', '', 1, 'about-us', 'About Us', 'Vietnam Airport Fast-Track', 'Vietnamfasttrack company is one of the most reputable and quality companies in the market. We specialize in transporting people and goods, both at domestic and abroad. With a team of staffs and professional drivers that work over 10 years, our company is confident to bring the best service to everyone. '),
(84, 59, 'en', '关于我们', 'Vietnamfasttrack公司是市场上最有信誉和最优质的公司之一。 我们专注于运输国内外的人员和货物。 我们公司拥有一支员工和专业司机，工作超过10年，有信心为每个人提供最好的服务。', '<h2 dir=\"ltr\" style=\"text-align:start\"><strong>越南快速通道的服务</strong></h2>\r\n\r\n<p dir=\"ltr\">我们在机场为各种各样的旅客提供服务，他们不想为了完成机场手续而排几个小时的队。如果你有一个即将到来的会议或任何其他你着急的原因，你可以预订我们公司的服务作为VIP客人在所有越南国际机场。越南快速通道提供的服务帮助客户不再担心在越南的任何国际机场。有了我们的服务范围，顾客可以提前离开机场，不用再排长队等待，因为当你到达机场时，我们会帮助你和你的行李。我们的系统包括在空中大桥的欢迎机场，快速通道和通过签证和边境控制的协助。预订和预订系统将帮助您准确选择和预订服务。</p>\r\n\r\n<p dir=\"ltr\">&ldquo;越南快速通道&rdquo;的口号是:快速反应，平稳启动，成功连接。我们专门提供两种主要的服务:越南贵宾机场快速通道和越南落地签证。</p>\r\n\r\n<p dir=\"ltr\">越南VIP机场快速通道</p>\r\n\r\n<p dir=\"ltr\">越南VIP机场快速通道是公司的商标服务，是我们在机场服务领域的领先企业。我们的工作人员将在空中桥接你。他们会帮你绕过排队检查你的签证或护照，护送你到行李区和海关。出发前，他们会联系你的司机，协助你预订和入境;然后带你去候机室和港口。我们的优势在于快速、便捷、专业的流程，帮助客户优化在机场的时间，以优质的客户服务，我们将以合理的价格为各类客户提供服务</p>\r\n\r\n<p>&nbsp;</p>\r\n\r\n<p dir=\"ltr\"><strong>2. 越南落地签证</strong></p>\r\n\r\n<p dir=\"ltr\">越南快轨公司的另一项主要服务是越南落地签证(Vietnamfasttrack)，该公司与VIP机场快轨公司(airport fasttrack)合作，帮助客户以最快的速度完成机场手续。要进入任何国家，第一步是申请该国的签证。签证申请程序要经过很多步骤，而且要花很多时间。了解到这一点会给客户带来不便，越南快速通道(Vietnamfasttrack)设计的&ldquo;落地签证&rdquo;(Visa on - arrival)是那些远离大使馆或急需签证入境的人的最佳选择。越南落地签证服务帮助你在机场拿到入境签证。这个签证程序非常简单，几乎不需要花费时间和旅费。</p>\r\n\r\n<p dir=\"ltr\">乘客不需要在飞行前申请签证，只需要一份越南快速通道提供的签证批准书，并在抵达机场时获得签证。通过这封信，客人可以在机场获得自己的签证。如果您想在落地后立即获得签证，&ldquo;越南快车道&rdquo;为您提供&ldquo;越南VIP机场快车道&rdquo;服务。</p>\r\n\r\n<p dir=\"ltr\">此外，我们还提供额外的服务，为客户提供最佳的体验越南机场中转和越南贵宾休息室。<br />\r\n&nbsp;</p>\r\n\r\n<p dir=\"ltr\"><strong>3.所示。越南机场转移</strong></p>\r\n\r\n<p dir=\"ltr\">除了办理机场手续外，另一件常常需要花费大量时间、让外国客户在来越南时感到疲惫的事情，就是找到一种合适的交通方式去酒店或他们的住所。这就是我们提供越南机场中转服务的原因。我们提供快捷方便的运输服务，您一走出机场就可以享受到。我们的预订处理程序和预订服务允许您输入您的旅行详细信息，它将列出各种车辆供您选择。我们提供了车辆清单，包括从机场到会议中心或酒店的往返团体旅行价格。</p>\r\n\r\n<p dir=\"ltr\">越南机场接送一直使用新型的高质量车辆，专业司机受过英语技能和文化知识的培训。<br />\r\n&nbsp;</p>\r\n\r\n<p dir=\"ltr\"><strong>4.所示。越南贵宾室</strong></p>\r\n\r\n<p dir=\"ltr\">一个真正的感觉舒适和豪华，越南贵宾休息室为您提供最好的时间在机场。在按摩椅上打盹准备长途飞行时的私人空间;在享受天气的同时，选择最适合你的菜单;使用Wi-Fi互联网工作甚至在登机前商务中心区域是你的企业期待的事情。</p>\r\n\r\n<p dir=\"ltr\">每个国际机场都有一个VIP休息室，我们的工作人员会到机场迎接客人，然后VIP设施会将客人转到VIP休息室，为客人办理完手续。在我们为您办理手续的同时，您将享受贵宾服务。</p>\r\n\r\n<p dir=\"ltr\">我们的价值观</p>\r\n\r\n<p dir=\"ltr\">我们总是努力提高我们的服务质量,如现代车辆的选择,简单和灵活的预订,语言培训和文化理解的司机以及服务人员的专业性,我们甚至愿意提供导游如果你有需要。未来，公司将成为越南及海外的知名品牌，客户可以信赖我们的价格和服务质量。<br />\r\n&nbsp;</p>\r\n\r\n<p dir=\"ltr\">10多年来，越南快速通道公司一直在机场为数千名旅客提供帮助。快速通道服务适用于任何旅客，任何航空品牌，任何舱位级别，以及所有主要机场。我们的专业人员将帮助您以最低的成本选择最准确的服务。我们始终为您提供最优质的服务，为您在国内和国际机场的需求提供特殊的帮助。</p>\r\n\r\n<p dir=\"ltr\">机场快速通道和签证服务 - 高级服务为您提供最愉快的旅程</p>\r\n', '', '', '', '', '', 1, 'about-us', '关于我们', '', '');

-- --------------------------------------------------------

--
-- Cấu trúc bảng cho bảng `product`
--

CREATE TABLE `product` (
  `product_id` int(11) NOT NULL,
  `product_name` text COLLATE utf8_unicode_ci,
  `alias` varchar(400) COLLATE utf8_unicode_ci NOT NULL,
  `product_des` text COLLATE utf8_unicode_ci,
  `product_des2` text COLLATE utf8_unicode_ci,
  `product_des3` text COLLATE utf8_unicode_ci,
  `product_content` text COLLATE utf8_unicode_ci,
  `product_content2` text COLLATE utf8_unicode_ci,
  `product_content3` text COLLATE utf8_unicode_ci,
  `product_price` float DEFAULT NULL,
  `product_price_sale` float DEFAULT NULL,
  `product_discount` float DEFAULT NULL,
  `product_img` text COLLATE utf8_unicode_ci,
  `product_sub_img` text COLLATE utf8_unicode_ci,
  `product_created_date` datetime DEFAULT NULL,
  `product_update_date` datetime DEFAULT NULL,
  `productcat_id` int(11) DEFAULT NULL,
  `product_hot` int(11) DEFAULT '0',
  `product_new` int(11) DEFAULT '0',
  `product_sale` int(11) DEFAULT '0',
  `product_code` text COLLATE utf8_unicode_ci,
  `product_original` text COLLATE utf8_unicode_ci,
  `product_size` text COLLATE utf8_unicode_ci,
  `product_package` text COLLATE utf8_unicode_ci,
  `product_delivery` text COLLATE utf8_unicode_ci,
  `product_delivery_time` text COLLATE utf8_unicode_ci,
  `product_payment` text COLLATE utf8_unicode_ci,
  `product_payment_type` text COLLATE utf8_unicode_ci,
  `product_sub_info1` text COLLATE utf8_unicode_ci,
  `product_sub_info2` text COLLATE utf8_unicode_ci,
  `product_sub_info3` text COLLATE utf8_unicode_ci,
  `product_sub_info4` text COLLATE utf8_unicode_ci,
  `product_sub_info5` text COLLATE utf8_unicode_ci,
  `state` int(11) NOT NULL DEFAULT '0',
  `title_seo` text COLLATE utf8_unicode_ci,
  `des_seo` text COLLATE utf8_unicode_ci,
  `friendly_url` text COLLATE utf8_unicode_ci,
  `keyword` text COLLATE utf8_unicode_ci,
  `created_id` int(11) DEFAULT NULL,
  `product_material` varchar(255) COLLATE utf8_unicode_ci DEFAULT NULL,
  `product_shape` varchar(255) COLLATE utf8_unicode_ci DEFAULT NULL,
  `product_expiration` varchar(255) COLLATE utf8_unicode_ci DEFAULT NULL,
  `product_producer` int(11) DEFAULT NULL,
  `product_review` text COLLATE utf8_unicode_ci,
  `productcat_ar` text COLLATE utf8_unicode_ci,
  `producttag_arr` varchar(10000) COLLATE utf8_unicode_ci NOT NULL
) ENGINE=InnoDB DEFAULT CHARSET=utf8 COLLATE=utf8_unicode_ci;

--
-- Đang đổ dữ liệu cho bảng `product`
--

INSERT INTO `product` (`product_id`, `product_name`, `alias`, `product_des`, `product_des2`, `product_des3`, `product_content`, `product_content2`, `product_content3`, `product_price`, `product_price_sale`, `product_discount`, `product_img`, `product_sub_img`, `product_created_date`, `product_update_date`, `productcat_id`, `product_hot`, `product_new`, `product_sale`, `product_code`, `product_original`, `product_size`, `product_package`, `product_delivery`, `product_delivery_time`, `product_payment`, `product_payment_type`, `product_sub_info1`, `product_sub_info2`, `product_sub_info3`, `product_sub_info4`, `product_sub_info5`, `state`, `title_seo`, `des_seo`, `friendly_url`, `keyword`, `created_id`, `product_material`, `product_shape`, `product_expiration`, `product_producer`, `product_review`, `productcat_ar`, `producttag_arr`) VALUES
(27, 'Sản phẩm 001', '', '<p>Ngo&agrave;i t&aacute;c dụng điều chỉnh &aacute;nh s&aacute;ng cho căn ph&ograve;ng, r&egrave;m cửa (m&agrave;n cửa) c&ograve;n giữ ấm cho căn ph&ograve;ng khi m&ugrave;a đ&ocirc;ng đến, hạn chế c&aacute;i n&oacute;ng của m&ugrave;a h&egrave;, bụi v&agrave; tiếng ồn b&ecirc;n ngo&agrave;i.&nbsp;</p>\r\n', '', '', '<div>\r\n<h3>M&Ocirc; TẢ SẢN PHẨM</h3>\r\n\r\n<div>\r\n<div>\r\n<div>\r\n<p>Ngo&agrave;i t&aacute;c dụng điều chỉnh &aacute;nh s&aacute;ng cho căn ph&ograve;ng, r&egrave;m cửa (m&agrave;n cửa) c&ograve;n giữ ấm cho căn ph&ograve;ng khi m&ugrave;a đ&ocirc;ng đến, hạn chế c&aacute;i n&oacute;ng của m&ugrave;a h&egrave;, bụi v&agrave; tiếng ồn b&ecirc;n ngo&agrave;i. Kh&ocirc;ng chỉ c&oacute; thế, với kiểu d&aacute;ng v&agrave; m&agrave;u sắc th&iacute;ch hợp,&nbsp;r&egrave;m cửa&nbsp;c&ograve;n c&oacute; thể tạo khoảng kh&ocirc;ng ri&ecirc;ng tư hoặc th&ecirc;m ch&uacute;t vẻ đẹp sang trọng hay l&atilde;ng mạn cho căn ph&ograve;ng.<br />\r\n&nbsp;&nbsp;<br />\r\nChiếc r&egrave;m cửa kh&ocirc;ng chỉ đơn giản l&agrave; vật chắn s&aacute;ng hay tạo khoảng kh&ocirc;ng ri&ecirc;ng tư, n&oacute; c&ograve;n tạo cho mỗi căn ph&ograve;ng một ấn tượng v&agrave; cảm x&uacute;c kh&aacute;c nhau, t&ugrave;y theo c&aacute;ch chọn lựa của chủ nh&acirc;n.<br />\r\n&nbsp;&nbsp;<br />\r\nC&oacute; rất nhiều loại r&egrave;m kh&aacute;c nhau như r&egrave;m v&eacute;n,&nbsp;r&egrave;m roman&nbsp;(hay c&ograve;n gọi l&agrave; r&egrave;m xếp lớp), r&egrave;m cuốn, r&egrave;m l&aacute;,... Bạn cũng c&oacute; thể d&ugrave;ng r&egrave;m tr&uacute;c, r&egrave;m kim loại nhẹ, r&egrave;m bằng nhựa tổng hợp hay r&egrave;m giấy để trang tr&iacute; nh&agrave; cửa. Tuy nhi&ecirc;n, loại r&egrave;m phổ biến vẫn l&agrave; r&egrave;m vải v&igrave; t&iacute;nh năng dễ giặt tẩy, dễ lắp đặt, m&agrave;u v&agrave; kiểu phong ph&uacute;, hợp với nhiều phong c&aacute;ch nội thất.</p>\r\n</div>\r\n</div>\r\n</div>\r\n</div>\r\n\r\n<div>\r\n<h3>CHẤT LIỆU</h3>\r\n\r\n<div>\r\n<div>\r\n<div>\r\n<p>C&aacute;c loại vải may&nbsp;r&egrave;m cửa&nbsp;đang c&oacute; tr&ecirc;n thị trường rất đa dạng nhưng phần lớn l&agrave; cotton, polyester. Chất liệu thun, ren gần như kh&ocirc;ng c&ograve;n được ưa chuộng nữa v&igrave; dễ b&aacute;m bụi, mau bị sờn. &ETH;ược nhiều người chọn nhất vẫn l&agrave; c&aacute;c loại vải 65% cotton - 35% polyester hay loại 52% cotton - 48% polyester với nhiều nguồn gốc xuất xứ như Trung Quốc, H&agrave;n Quốc, Anh, Indonesia, Nga v&agrave; h&agrave;ng Việt Nam. Thị trường vải may r&egrave;m cửa kh&aacute; đa dạng với h&agrave;ng trăm mẫu hoa văn v&agrave; m&agrave;u sắc kh&aacute;c nhau. C&aacute;c loại r&egrave;m cửa bằng vải cotton, bố gấm, bố th&ocirc;, vải c&oacute; chất liệu chống thấm v&agrave; &iacute;t b&aacute;m bụi với c&aacute;c hoa văn đơn giản, c&aacute;c loại c&oacute; b&ocirc;ng ở ch&acirc;n may theo nếp gấp, li ống, li đứng đang được nhiều người ưa chuộng. C&aacute;c loại&nbsp;r&egrave;m&nbsp;cửa may theo kiểu b&egrave;o s&ograve; hay c&aacute;c kiểu rườm r&agrave; của một hai năm về trước đ&atilde; kh&ocirc;ng c&ograve;n được ưa chuộng. Xu hướng mới nhất năm nay l&agrave; dựa theo c&aacute;c mẫu đơn giản c&oacute; trong catologue nước ngo&agrave;i. Mẫu đang b&aacute;n chạy l&agrave; mẫu m&agrave;u kem với c&aacute;c hoa văn đơn giản. C&aacute;c loại hoa văn được xem l&agrave; mốt mới trong năm nay l&agrave; c&aacute;c h&igrave;nh lập thể, ca r&ocirc; v&agrave; c&aacute;c mẫu hoa nhỏ.</p>\r\n</div>\r\n</div>\r\n</div>\r\n</div>\r\n\r\n<div>\r\n<h3>MẪU M&Atilde;, KIỂU D&Aacute;NG</h3>\r\n\r\n<div>\r\n<div>\r\n<div>\r\n<p>Ch&uacute;ng t&ocirc;i rất đa dạng về kiểu d&aacute;ng, sản phẩm của&nbsp;r&egrave;m nghệ thuật d&ugrave; mang phong c&aacute;ch cổ điển, hiện đại hay được s&aacute;ng tạo&nbsp;ph&aacute; c&aacute;ch v&agrave; đầy ngẫu hứng vẫn lu&ocirc;n đem đến cho người sử dụng cảm gi&aacute;c th&iacute;ch th&uacute; v&agrave; h&agrave;i l&ograve;ng nhất. Ph&aacute;t huy s&aacute;ng tạo vượt mọi r&agrave;o cản r&egrave;m nghệ thuật l&agrave; đỉnh cao của những s&aacute;ng tạo kh&ocirc;ng giới hạn, ch&uacute;ng t&ocirc;i mong muốn mang đến những sản phẩm r&egrave;m cửa tốt nhất, rẻ nhất gi&uacute;p cho bữa cơm gia đ&igrave;nh th&ecirc;m đầm ấm, hạnh ph&uacute;c!</p>\r\n\r\n<p>&nbsp;</p>\r\n\r\n<p>&nbsp;</p>\r\n\r\n<p>Loại vải b&oacute;ng mượt, mềm mịn đem lại vẻ sang trọng như nhung, gấm, đũi, lụa, voan... thường một m&agrave;u hoặc mang hoa văn, hoạ tiết ch&igrave;m, trang nh&atilde;, hợp với ph&ograve;ng kh&aacute;ch. Những loại vải bề mặt th&ocirc; r&aacute;p cho cảm gi&aacute;c th&acirc;n mật, gần gũi thi&ecirc;n nhi&ecirc;n lại k&eacute;n phong c&aacute;ch b&agrave;i tr&iacute; như vải bạt, bố, th&ocirc;, thổ cẩm... chỉ n&ecirc;n sử dụng trong ph&ograve;ng b&agrave;y đồ đạc m&acirc;y, tre, gỗ mộc, thảm l&ocirc;ng th&uacute;. Vải b&ocirc;ng, lanh c&oacute; nhiều m&agrave;u hoa văn, hợp với nội thất b&igrave;nh thường, nhất l&agrave; ph&ograve;ng trẻ em, ph&ograve;ng ăn, ph&ograve;ng giải tr&iacute;...<br />\r\n<br />\r\nR&egrave;m (m&agrave;n) m&ugrave;a h&egrave; thường l&agrave; những loại&nbsp;r&egrave;m&nbsp;(m&agrave;n) c&oacute; chất liệu nhẹ nh&agrave;ng như: vải th&ocirc; mỏng, voan, lụa, lanh... c&ograve;n r&egrave;m m&ugrave;a đ&ocirc;ng lại cần tạo sự ấm &aacute;p, n&ecirc;n chất liệu chủ yếu l&agrave; nhung, gấm, th&ocirc; dầy v&agrave; thổ cẩm. Tuy nhi&ecirc;n l&agrave; m&ugrave;a đ&ocirc;ng hay m&ugrave;a h&egrave; việc lựa chọn chất liệu cũng phụ thuộc rất nhiều v&agrave;o mức độ chắn s&aacute;ng của &ocirc; cửa trong nh&agrave;.</p>\r\n</div>\r\n</div>\r\n</div>\r\n</div>\r\n\r\n<div>\r\n<h3>GI&Aacute; TH&Agrave;NH</h3>\r\n\r\n<div>\r\n<div>\r\n<div>\r\n<p>G&iacute;a:</p>\r\n\r\n<p>&nbsp;Khoảng 760.000đ/ 1m ngang ho&agrave;n thiện trở l&ecirc;n (bao gồm c&ocirc;ng, phụ kiện lắp đặt,&nbsp;</p>\r\n</div>\r\n</div>\r\n</div>\r\n</div>\r\n\r\n<div>\r\n<h3>BẢO QUẢN V&Agrave; SỬ DỤNG</h3>\r\n</div>\r\n', '', '', 2000, 10, 0, 'p1.jpg', '[\"{\\\"image\\\":\\\"p4.jpg\\\"}\",\"{\\\"image\\\":\\\"p3.jpg\\\"}\",\"{\\\"image\\\":\\\"p2.jpg\\\"}\"]', '2017-05-22 00:05:19', '2018-04-12 16:04:53', 0, 1, 1, 0, '01', '', '', '', '', '', '', '', '', '', '', '', '', 0, 'Sản phẩm 001', 'Ngoài tác dụng điều chỉnh ánh sáng cho căn phòng, rèm cửa (màn cửa) còn giữ ấm cho căn phòng khi mùa đông đến, hạn chế cái nóng của mùa hè, bụi và tiếng ồn bên ngoài. ', 'san-pham-001', 'Rèm vải', NULL, 'Vải bóng', 'Cổ điển', '3 năm', 4, NULL, '164,164', ''),
(28, 'Sản phẩm 02', '', '<p>Ngo&agrave;i t&aacute;c dụng điều chỉnh &aacute;nh s&aacute;ng cho căn ph&ograve;ng, r&egrave;m cửa (m&agrave;n cửa) c&ograve;n giữ ấm cho căn ph&ograve;ng khi m&ugrave;a đ&ocirc;ng đến, hạn chế c&aacute;i n&oacute;ng của m&ugrave;a h&egrave;, bụi v&agrave; tiếng ồn b&ecirc;n ngo&agrave;i.&nbsp;</p>\r\n', '', '', '<h3>M&Ocirc; TẢ SẢN PHẨM</h3>\r\n\r\n<p>Ngo&agrave;i t&aacute;c dụng điều chỉnh &aacute;nh s&aacute;ng cho căn ph&ograve;ng, r&egrave;m cửa (m&agrave;n cửa) c&ograve;n giữ ấm cho căn ph&ograve;ng khi m&ugrave;a đ&ocirc;ng đến, hạn chế c&aacute;i n&oacute;ng của m&ugrave;a h&egrave;, bụi v&agrave; tiếng ồn b&ecirc;n ngo&agrave;i. Kh&ocirc;ng chỉ c&oacute; thế, với kiểu d&aacute;ng v&agrave; m&agrave;u sắc th&iacute;ch hợp,&nbsp;r&egrave;m cửa&nbsp;c&ograve;n c&oacute; thể tạo khoảng kh&ocirc;ng ri&ecirc;ng tư hoặc th&ecirc;m ch&uacute;t vẻ đẹp sang trọng hay l&atilde;ng mạn cho căn ph&ograve;ng.<br />\r\n&nbsp;&nbsp;<br />\r\nChiếc r&egrave;m cửa kh&ocirc;ng chỉ đơn giản l&agrave; vật chắn s&aacute;ng hay tạo khoảng kh&ocirc;ng ri&ecirc;ng tư, n&oacute; c&ograve;n tạo cho mỗi căn ph&ograve;ng một ấn tượng v&agrave; cảm x&uacute;c kh&aacute;c nhau, t&ugrave;y theo c&aacute;ch chọn lựa của chủ nh&acirc;n.<br />\r\n&nbsp;&nbsp;<br />\r\nC&oacute; rất nhiều loại r&egrave;m kh&aacute;c nhau như r&egrave;m v&eacute;n,&nbsp;r&egrave;m roman&nbsp;(hay c&ograve;n gọi l&agrave; r&egrave;m xếp lớp), r&egrave;m cuốn, r&egrave;m l&aacute;,... Bạn cũng c&oacute; thể d&ugrave;ng r&egrave;m tr&uacute;c, r&egrave;m kim loại nhẹ, r&egrave;m bằng nhựa tổng hợp hay r&egrave;m giấy để trang tr&iacute; nh&agrave; cửa. Tuy nhi&ecirc;n, loại r&egrave;m phổ biến vẫn l&agrave; r&egrave;m vải v&igrave; t&iacute;nh năng dễ giặt tẩy, dễ lắp đặt, m&agrave;u v&agrave; kiểu phong ph&uacute;, hợp với nhiều phong c&aacute;ch nội thất.</p>\r\n\r\n<h3>CHẤT LIỆU</h3>\r\n\r\n<p>C&aacute;c loại vải may&nbsp;r&egrave;m cửa&nbsp;đang c&oacute; tr&ecirc;n thị trường rất đa dạng nhưng phần lớn l&agrave; cotton, polyester. Chất liệu thun, ren gần như kh&ocirc;ng c&ograve;n được ưa chuộng nữa v&igrave; dễ b&aacute;m bụi, mau bị sờn. &ETH;ược nhiều người chọn nhất vẫn l&agrave; c&aacute;c loại vải 65% cotton - 35% polyester hay loại 52% cotton - 48% polyester với nhiều nguồn gốc xuất xứ như Trung Quốc, H&agrave;n Quốc, Anh, Indonesia, Nga v&agrave; h&agrave;ng Việt Nam. Thị trường vải may r&egrave;m cửa kh&aacute; đa dạng với h&agrave;ng trăm mẫu hoa văn v&agrave; m&agrave;u sắc kh&aacute;c nhau. C&aacute;c loại r&egrave;m cửa bằng vải cotton, bố gấm, bố th&ocirc;, vải c&oacute; chất liệu chống thấm v&agrave; &iacute;t b&aacute;m bụi với c&aacute;c hoa văn đơn giản, c&aacute;c loại c&oacute; b&ocirc;ng ở ch&acirc;n may theo nếp gấp, li ống, li đứng đang được nhiều người ưa chuộng. C&aacute;c loại&nbsp;r&egrave;m&nbsp;cửa may theo kiểu b&egrave;o s&ograve; hay c&aacute;c kiểu rườm r&agrave; của một hai năm về trước đ&atilde; kh&ocirc;ng c&ograve;n được ưa chuộng. Xu hướng mới nhất năm nay l&agrave; dựa theo c&aacute;c mẫu đơn giản c&oacute; trong catologue nước ngo&agrave;i. Mẫu đang b&aacute;n chạy l&agrave; mẫu m&agrave;u kem với c&aacute;c hoa văn đơn giản. C&aacute;c loại hoa văn được xem l&agrave; mốt mới trong năm nay l&agrave; c&aacute;c h&igrave;nh lập thể, ca r&ocirc; v&agrave; c&aacute;c mẫu hoa nhỏ.</p>\r\n\r\n<h3>MẪU M&Atilde;, KIỂU D&Aacute;NG</h3>\r\n\r\n<p>Ch&uacute;ng t&ocirc;i rất đa dạng về kiểu d&aacute;ng, sản phẩm của&nbsp;r&egrave;m nghệ thuật d&ugrave; mang phong c&aacute;ch cổ điển, hiện đại hay được s&aacute;ng tạo&nbsp;ph&aacute; c&aacute;ch v&agrave; đầy ngẫu hứng vẫn lu&ocirc;n đem đến cho người sử dụng cảm gi&aacute;c th&iacute;ch th&uacute; v&agrave; h&agrave;i l&ograve;ng nhất. Ph&aacute;t huy s&aacute;ng tạo vượt mọi r&agrave;o cản r&egrave;m nghệ thuật l&agrave; đỉnh cao của những s&aacute;ng tạo kh&ocirc;ng giới hạn, ch&uacute;ng t&ocirc;i mong muốn mang đến những sản phẩm r&egrave;m cửa tốt nhất, rẻ nhất gi&uacute;p cho bữa cơm gia đ&igrave;nh th&ecirc;m đầm ấm, hạnh ph&uacute;c!</p>\r\n\r\n<p>&nbsp;</p>\r\n\r\n<p>&nbsp;</p>\r\n\r\n<p>Loại vải b&oacute;ng mượt, mềm mịn đem lại vẻ sang trọng như nhung, gấm, đũi, lụa, voan... thường một m&agrave;u hoặc mang hoa văn, hoạ tiết ch&igrave;m, trang nh&atilde;, hợp với ph&ograve;ng kh&aacute;ch. Những loại vải bề mặt th&ocirc; r&aacute;p cho cảm gi&aacute;c th&acirc;n mật, gần gũi thi&ecirc;n nhi&ecirc;n lại k&eacute;n phong c&aacute;ch b&agrave;i tr&iacute; như vải bạt, bố, th&ocirc;, thổ cẩm... chỉ n&ecirc;n sử dụng trong ph&ograve;ng b&agrave;y đồ đạc m&acirc;y, tre, gỗ mộc, thảm l&ocirc;ng th&uacute;. Vải b&ocirc;ng, lanh c&oacute; nhiều m&agrave;u hoa văn, hợp với nội thất b&igrave;nh thường, nhất l&agrave; ph&ograve;ng trẻ em, ph&ograve;ng ăn, ph&ograve;ng giải tr&iacute;...<br />\r\n<br />\r\nR&egrave;m (m&agrave;n) m&ugrave;a h&egrave; thường l&agrave; những loại&nbsp;r&egrave;m&nbsp;(m&agrave;n) c&oacute; chất liệu nhẹ nh&agrave;ng như: vải th&ocirc; mỏng, voan, lụa, lanh... c&ograve;n r&egrave;m m&ugrave;a đ&ocirc;ng lại cần tạo sự ấm &aacute;p, n&ecirc;n chất liệu chủ yếu l&agrave; nhung, gấm, th&ocirc; dầy v&agrave; thổ cẩm. Tuy nhi&ecirc;n l&agrave; m&ugrave;a đ&ocirc;ng hay m&ugrave;a h&egrave; việc lựa chọn chất liệu cũng phụ thuộc rất nhiều v&agrave;o mức độ chắn s&aacute;ng của &ocirc; cửa trong nh&agrave;.</p>\r\n\r\n<h3>GI&Aacute; TH&Agrave;NH</h3>\r\n\r\n<p>G&iacute;a:</p>\r\n\r\n<p>&nbsp;Khoảng 760.000đ/ 1m ngang ho&agrave;n thiện trở l&ecirc;n (bao gồm c&ocirc;ng, phụ kiện lắp đặt,&nbsp;</p>\r\n\r\n<h3>BẢO QUẢN V&Agrave; SỬ DỤNG</h3>\r\n', '', '', 2000, 0, 0, 'p2.jpg', '[\"{\\\"image\\\":\\\"7_12.jpg\\\"}\",\"{\\\"image\\\":\\\"7_8.jpg\\\"}\",\"{\\\"image\\\":\\\"7_6.jpg\\\"}\",\"{\\\"image\\\":\\\"7_5.jpg\\\"}\",\"{\\\"image\\\":\\\"7_3_0.jpg\\\"}\"]', '2017-05-22 00:05:54', '2018-03-05 18:03:00', 0, 0, 0, 0, '02', '', '', '', '', '', '', '', '', '', '', '', '', 0, 'Sản phẩm 02', 'Ngoài tác dụng điều chỉnh ánh sáng cho căn phòng, rèm cửa (màn cửa) còn giữ ấm cho căn phòng khi mùa đông đến, hạn chế cái nóng của mùa hè, bụi và tiếng ồn bên ngoài. ', 'san-pham-02', 'Rèm vải', NULL, 'Vải bóng', 'Cổ điển', '3 năm', 5, NULL, '164,164', ''),
(29, 'Sản phẩm 03', '', '<p>Ngo&agrave;i t&aacute;c dụng điều chỉnh &aacute;nh s&aacute;ng cho căn ph&ograve;ng, r&egrave;m cửa (m&agrave;n cửa) c&ograve;n giữ ấm cho căn ph&ograve;ng khi m&ugrave;a đ&ocirc;ng đến, hạn chế c&aacute;i n&oacute;ng của m&ugrave;a h&egrave;, bụi v&agrave; tiếng ồn b&ecirc;n ngo&agrave;i.&nbsp;</p>\r\n', '', '', '<h3>M&Ocirc; TẢ SẢN PHẨM</h3>\r\n\r\n<p>Ngo&agrave;i t&aacute;c dụng điều chỉnh &aacute;nh s&aacute;ng cho căn ph&ograve;ng, r&egrave;m cửa (m&agrave;n cửa) c&ograve;n giữ ấm cho căn ph&ograve;ng khi m&ugrave;a đ&ocirc;ng đến, hạn chế c&aacute;i n&oacute;ng của m&ugrave;a h&egrave;, bụi v&agrave; tiếng ồn b&ecirc;n ngo&agrave;i. Kh&ocirc;ng chỉ c&oacute; thế, với kiểu d&aacute;ng v&agrave; m&agrave;u sắc th&iacute;ch hợp,&nbsp;r&egrave;m cửa&nbsp;c&ograve;n c&oacute; thể tạo khoảng kh&ocirc;ng ri&ecirc;ng tư hoặc th&ecirc;m ch&uacute;t vẻ đẹp sang trọng hay l&atilde;ng mạn cho căn ph&ograve;ng.<br />\r\n&nbsp;&nbsp;<br />\r\nChiếc r&egrave;m cửa kh&ocirc;ng chỉ đơn giản l&agrave; vật chắn s&aacute;ng hay tạo khoảng kh&ocirc;ng ri&ecirc;ng tư, n&oacute; c&ograve;n tạo cho mỗi căn ph&ograve;ng một ấn tượng v&agrave; cảm x&uacute;c kh&aacute;c nhau, t&ugrave;y theo c&aacute;ch chọn lựa của chủ nh&acirc;n.<br />\r\n&nbsp;&nbsp;<br />\r\nC&oacute; rất nhiều loại r&egrave;m kh&aacute;c nhau như r&egrave;m v&eacute;n,&nbsp;r&egrave;m roman&nbsp;(hay c&ograve;n gọi l&agrave; r&egrave;m xếp lớp), r&egrave;m cuốn, r&egrave;m l&aacute;,... Bạn cũng c&oacute; thể d&ugrave;ng r&egrave;m tr&uacute;c, r&egrave;m kim loại nhẹ, r&egrave;m bằng nhựa tổng hợp hay r&egrave;m giấy để trang tr&iacute; nh&agrave; cửa. Tuy nhi&ecirc;n, loại r&egrave;m phổ biến vẫn l&agrave; r&egrave;m vải v&igrave; t&iacute;nh năng dễ giặt tẩy, dễ lắp đặt, m&agrave;u v&agrave; kiểu phong ph&uacute;, hợp với nhiều phong c&aacute;ch nội thất.</p>\r\n\r\n<h3>CHẤT LIỆU</h3>\r\n\r\n<p>C&aacute;c loại vải may&nbsp;r&egrave;m cửa&nbsp;đang c&oacute; tr&ecirc;n thị trường rất đa dạng nhưng phần lớn l&agrave; cotton, polyester. Chất liệu thun, ren gần như kh&ocirc;ng c&ograve;n được ưa chuộng nữa v&igrave; dễ b&aacute;m bụi, mau bị sờn. &ETH;ược nhiều người chọn nhất vẫn l&agrave; c&aacute;c loại vải 65% cotton - 35% polyester hay loại 52% cotton - 48% polyester với nhiều nguồn gốc xuất xứ như Trung Quốc, H&agrave;n Quốc, Anh, Indonesia, Nga v&agrave; h&agrave;ng Việt Nam. Thị trường vải may r&egrave;m cửa kh&aacute; đa dạng với h&agrave;ng trăm mẫu hoa văn v&agrave; m&agrave;u sắc kh&aacute;c nhau. C&aacute;c loại r&egrave;m cửa bằng vải cotton, bố gấm, bố th&ocirc;, vải c&oacute; chất liệu chống thấm v&agrave; &iacute;t b&aacute;m bụi với c&aacute;c hoa văn đơn giản, c&aacute;c loại c&oacute; b&ocirc;ng ở ch&acirc;n may theo nếp gấp, li ống, li đứng đang được nhiều người ưa chuộng. C&aacute;c loại&nbsp;r&egrave;m&nbsp;cửa may theo kiểu b&egrave;o s&ograve; hay c&aacute;c kiểu rườm r&agrave; của một hai năm về trước đ&atilde; kh&ocirc;ng c&ograve;n được ưa chuộng. Xu hướng mới nhất năm nay l&agrave; dựa theo c&aacute;c mẫu đơn giản c&oacute; trong catologue nước ngo&agrave;i. Mẫu đang b&aacute;n chạy l&agrave; mẫu m&agrave;u kem với c&aacute;c hoa văn đơn giản. C&aacute;c loại hoa văn được xem l&agrave; mốt mới trong năm nay l&agrave; c&aacute;c h&igrave;nh lập thể, ca r&ocirc; v&agrave; c&aacute;c mẫu hoa nhỏ.</p>\r\n\r\n<h3>MẪU M&Atilde;, KIỂU D&Aacute;NG</h3>\r\n\r\n<p>Ch&uacute;ng t&ocirc;i rất đa dạng về kiểu d&aacute;ng, sản phẩm của&nbsp;r&egrave;m nghệ thuật d&ugrave; mang phong c&aacute;ch cổ điển, hiện đại hay được s&aacute;ng tạo&nbsp;ph&aacute; c&aacute;ch v&agrave; đầy ngẫu hứng vẫn lu&ocirc;n đem đến cho người sử dụng cảm gi&aacute;c th&iacute;ch th&uacute; v&agrave; h&agrave;i l&ograve;ng nhất. Ph&aacute;t huy s&aacute;ng tạo vượt mọi r&agrave;o cản r&egrave;m nghệ thuật l&agrave; đỉnh cao của những s&aacute;ng tạo kh&ocirc;ng giới hạn, ch&uacute;ng t&ocirc;i mong muốn mang đến những sản phẩm r&egrave;m cửa tốt nhất, rẻ nhất gi&uacute;p cho bữa cơm gia đ&igrave;nh th&ecirc;m đầm ấm, hạnh ph&uacute;c!</p>\r\n\r\n<p>&nbsp;</p>\r\n\r\n<p>&nbsp;</p>\r\n\r\n<p>Loại vải b&oacute;ng mượt, mềm mịn đem lại vẻ sang trọng như nhung, gấm, đũi, lụa, voan... thường một m&agrave;u hoặc mang hoa văn, hoạ tiết ch&igrave;m, trang nh&atilde;, hợp với ph&ograve;ng kh&aacute;ch. Những loại vải bề mặt th&ocirc; r&aacute;p cho cảm gi&aacute;c th&acirc;n mật, gần gũi thi&ecirc;n nhi&ecirc;n lại k&eacute;n phong c&aacute;ch b&agrave;i tr&iacute; như vải bạt, bố, th&ocirc;, thổ cẩm... chỉ n&ecirc;n sử dụng trong ph&ograve;ng b&agrave;y đồ đạc m&acirc;y, tre, gỗ mộc, thảm l&ocirc;ng th&uacute;. Vải b&ocirc;ng, lanh c&oacute; nhiều m&agrave;u hoa văn, hợp với nội thất b&igrave;nh thường, nhất l&agrave; ph&ograve;ng trẻ em, ph&ograve;ng ăn, ph&ograve;ng giải tr&iacute;...<br />\r\n<br />\r\nR&egrave;m (m&agrave;n) m&ugrave;a h&egrave; thường l&agrave; những loại&nbsp;r&egrave;m&nbsp;(m&agrave;n) c&oacute; chất liệu nhẹ nh&agrave;ng như: vải th&ocirc; mỏng, voan, lụa, lanh... c&ograve;n r&egrave;m m&ugrave;a đ&ocirc;ng lại cần tạo sự ấm &aacute;p, n&ecirc;n chất liệu chủ yếu l&agrave; nhung, gấm, th&ocirc; dầy v&agrave; thổ cẩm. Tuy nhi&ecirc;n l&agrave; m&ugrave;a đ&ocirc;ng hay m&ugrave;a h&egrave; việc lựa chọn chất liệu cũng phụ thuộc rất nhiều v&agrave;o mức độ chắn s&aacute;ng của &ocirc; cửa trong nh&agrave;.</p>\r\n\r\n<h3>GI&Aacute; TH&Agrave;NH</h3>\r\n\r\n<p>G&iacute;a:</p>\r\n\r\n<p>&nbsp;Khoảng 760.000đ/ 1m ngang ho&agrave;n thiện trở l&ecirc;n (bao gồm c&ocirc;ng, phụ kiện lắp đặt,&nbsp;</p>\r\n\r\n<h3>BẢO QUẢN V&Agrave; SỬ DỤNG</h3>\r\n', '', '', 15000, 0, 0, 'p3.jpg', '[\"{\\\"image\\\":\\\"7_12.jpg\\\"}\",\"{\\\"image\\\":\\\"7_8.jpg\\\"}\",\"{\\\"image\\\":\\\"7_6.jpg\\\"}\",\"{\\\"image\\\":\\\"7_5.jpg\\\"}\",\"{\\\"image\\\":\\\"7_3_0.jpg\\\"}\"]', '2017-05-22 00:05:49', '2018-03-30 16:03:52', 0, 1, 1, 0, '03', '', '', '', '', '', '', '', '', '', '', '', '', 0, 'Sản phẩm 03', 'Ngoài tác dụng điều chỉnh ánh sáng cho căn phòng, rèm cửa (màn cửa) còn giữ ấm cho căn phòng khi mùa đông đến, hạn chế cái nóng của mùa hè, bụi và tiếng ồn bên ngoài. ', 'san-pham-03', 'Rèm vải', NULL, 'Vải bóng', 'Cổ điển', '3 năm', 3, NULL, '164,164', '108,'),
(30, 'Sản phẩm 04', '', '<p>Ngo&agrave;i t&aacute;c dụng điều chỉnh &aacute;nh s&aacute;ng cho căn ph&ograve;ng, r&egrave;m cửa (m&agrave;n cửa) c&ograve;n giữ ấm cho căn ph&ograve;ng khi m&ugrave;a đ&ocirc;ng đến, hạn chế c&aacute;i n&oacute;ng của m&ugrave;a h&egrave;, bụi v&agrave; tiếng ồn b&ecirc;n ngo&agrave;i.&nbsp;</p>\r\n', '', '', '<h3>M&Ocirc; TẢ SẢN PHẨM</h3>\r\n\r\n<p>Ngo&agrave;i t&aacute;c dụng điều chỉnh &aacute;nh s&aacute;ng cho căn ph&ograve;ng, r&egrave;m cửa (m&agrave;n cửa) c&ograve;n giữ ấm cho căn ph&ograve;ng khi m&ugrave;a đ&ocirc;ng đến, hạn chế c&aacute;i n&oacute;ng của m&ugrave;a h&egrave;, bụi v&agrave; tiếng ồn b&ecirc;n ngo&agrave;i. Kh&ocirc;ng chỉ c&oacute; thế, với kiểu d&aacute;ng v&agrave; m&agrave;u sắc th&iacute;ch hợp,&nbsp;r&egrave;m cửa&nbsp;c&ograve;n c&oacute; thể tạo khoảng kh&ocirc;ng ri&ecirc;ng tư hoặc th&ecirc;m ch&uacute;t vẻ đẹp sang trọng hay l&atilde;ng mạn cho căn ph&ograve;ng.<br />\r\n&nbsp;&nbsp;<br />\r\nChiếc r&egrave;m cửa kh&ocirc;ng chỉ đơn giản l&agrave; vật chắn s&aacute;ng hay tạo khoảng kh&ocirc;ng ri&ecirc;ng tư, n&oacute; c&ograve;n tạo cho mỗi căn ph&ograve;ng một ấn tượng v&agrave; cảm x&uacute;c kh&aacute;c nhau, t&ugrave;y theo c&aacute;ch chọn lựa của chủ nh&acirc;n.<br />\r\n&nbsp;&nbsp;<br />\r\nC&oacute; rất nhiều loại r&egrave;m kh&aacute;c nhau như r&egrave;m v&eacute;n,&nbsp;r&egrave;m roman&nbsp;(hay c&ograve;n gọi l&agrave; r&egrave;m xếp lớp), r&egrave;m cuốn, r&egrave;m l&aacute;,... Bạn cũng c&oacute; thể d&ugrave;ng r&egrave;m tr&uacute;c, r&egrave;m kim loại nhẹ, r&egrave;m bằng nhựa tổng hợp hay r&egrave;m giấy để trang tr&iacute; nh&agrave; cửa. Tuy nhi&ecirc;n, loại r&egrave;m phổ biến vẫn l&agrave; r&egrave;m vải v&igrave; t&iacute;nh năng dễ giặt tẩy, dễ lắp đặt, m&agrave;u v&agrave; kiểu phong ph&uacute;, hợp với nhiều phong c&aacute;ch nội thất.</p>\r\n\r\n<h3>CHẤT LIỆU</h3>\r\n\r\n<p>C&aacute;c loại vải may&nbsp;r&egrave;m cửa&nbsp;đang c&oacute; tr&ecirc;n thị trường rất đa dạng nhưng phần lớn l&agrave; cotton, polyester. Chất liệu thun, ren gần như kh&ocirc;ng c&ograve;n được ưa chuộng nữa v&igrave; dễ b&aacute;m bụi, mau bị sờn. &ETH;ược nhiều người chọn nhất vẫn l&agrave; c&aacute;c loại vải 65% cotton - 35% polyester hay loại 52% cotton - 48% polyester với nhiều nguồn gốc xuất xứ như Trung Quốc, H&agrave;n Quốc, Anh, Indonesia, Nga v&agrave; h&agrave;ng Việt Nam. Thị trường vải may r&egrave;m cửa kh&aacute; đa dạng với h&agrave;ng trăm mẫu hoa văn v&agrave; m&agrave;u sắc kh&aacute;c nhau. C&aacute;c loại r&egrave;m cửa bằng vải cotton, bố gấm, bố th&ocirc;, vải c&oacute; chất liệu chống thấm v&agrave; &iacute;t b&aacute;m bụi với c&aacute;c hoa văn đơn giản, c&aacute;c loại c&oacute; b&ocirc;ng ở ch&acirc;n may theo nếp gấp, li ống, li đứng đang được nhiều người ưa chuộng. C&aacute;c loại&nbsp;r&egrave;m&nbsp;cửa may theo kiểu b&egrave;o s&ograve; hay c&aacute;c kiểu rườm r&agrave; của một hai năm về trước đ&atilde; kh&ocirc;ng c&ograve;n được ưa chuộng. Xu hướng mới nhất năm nay l&agrave; dựa theo c&aacute;c mẫu đơn giản c&oacute; trong catologue nước ngo&agrave;i. Mẫu đang b&aacute;n chạy l&agrave; mẫu m&agrave;u kem với c&aacute;c hoa văn đơn giản. C&aacute;c loại hoa văn được xem l&agrave; mốt mới trong năm nay l&agrave; c&aacute;c h&igrave;nh lập thể, ca r&ocirc; v&agrave; c&aacute;c mẫu hoa nhỏ.</p>\r\n\r\n<h3>MẪU M&Atilde;, KIỂU D&Aacute;NG</h3>\r\n\r\n<p>Ch&uacute;ng t&ocirc;i rất đa dạng về kiểu d&aacute;ng, sản phẩm của&nbsp;r&egrave;m nghệ thuật d&ugrave; mang phong c&aacute;ch cổ điển, hiện đại hay được s&aacute;ng tạo&nbsp;ph&aacute; c&aacute;ch v&agrave; đầy ngẫu hứng vẫn lu&ocirc;n đem đến cho người sử dụng cảm gi&aacute;c th&iacute;ch th&uacute; v&agrave; h&agrave;i l&ograve;ng nhất. Ph&aacute;t huy s&aacute;ng tạo vượt mọi r&agrave;o cản r&egrave;m nghệ thuật l&agrave; đỉnh cao của những s&aacute;ng tạo kh&ocirc;ng giới hạn, ch&uacute;ng t&ocirc;i mong muốn mang đến những sản phẩm r&egrave;m cửa tốt nhất, rẻ nhất gi&uacute;p cho bữa cơm gia đ&igrave;nh th&ecirc;m đầm ấm, hạnh ph&uacute;c!</p>\r\n\r\n<p>&nbsp;</p>\r\n\r\n<p>&nbsp;</p>\r\n\r\n<p>Loại vải b&oacute;ng mượt, mềm mịn đem lại vẻ sang trọng như nhung, gấm, đũi, lụa, voan... thường một m&agrave;u hoặc mang hoa văn, hoạ tiết ch&igrave;m, trang nh&atilde;, hợp với ph&ograve;ng kh&aacute;ch. Những loại vải bề mặt th&ocirc; r&aacute;p cho cảm gi&aacute;c th&acirc;n mật, gần gũi thi&ecirc;n nhi&ecirc;n lại k&eacute;n phong c&aacute;ch b&agrave;i tr&iacute; như vải bạt, bố, th&ocirc;, thổ cẩm... chỉ n&ecirc;n sử dụng trong ph&ograve;ng b&agrave;y đồ đạc m&acirc;y, tre, gỗ mộc, thảm l&ocirc;ng th&uacute;. Vải b&ocirc;ng, lanh c&oacute; nhiều m&agrave;u hoa văn, hợp với nội thất b&igrave;nh thường, nhất l&agrave; ph&ograve;ng trẻ em, ph&ograve;ng ăn, ph&ograve;ng giải tr&iacute;...<br />\r\n<br />\r\nR&egrave;m (m&agrave;n) m&ugrave;a h&egrave; thường l&agrave; những loại&nbsp;r&egrave;m&nbsp;(m&agrave;n) c&oacute; chất liệu nhẹ nh&agrave;ng như: vải th&ocirc; mỏng, voan, lụa, lanh... c&ograve;n r&egrave;m m&ugrave;a đ&ocirc;ng lại cần tạo sự ấm &aacute;p, n&ecirc;n chất liệu chủ yếu l&agrave; nhung, gấm, th&ocirc; dầy v&agrave; thổ cẩm. Tuy nhi&ecirc;n l&agrave; m&ugrave;a đ&ocirc;ng hay m&ugrave;a h&egrave; việc lựa chọn chất liệu cũng phụ thuộc rất nhiều v&agrave;o mức độ chắn s&aacute;ng của &ocirc; cửa trong nh&agrave;.</p>\r\n\r\n<h3>GI&Aacute; TH&Agrave;NH</h3>\r\n\r\n<p>G&iacute;a:</p>\r\n\r\n<p>&nbsp;Khoảng 760.000đ/ 1m ngang ho&agrave;n thiện trở l&ecirc;n (bao gồm c&ocirc;ng, phụ kiện lắp đặt,&nbsp;</p>\r\n\r\n<h3>BẢO QUẢN V&Agrave; SỬ DỤNG</h3>\r\n', '', '', 7600000, 20, 0, 'p4.jpg', '[]', '2017-05-22 00:05:38', '2018-03-24 17:03:59', 0, 1, 1, 0, '01', '', '', '', '', '', '', '', '', '', '', '', '', 0, 'Sản phẩm 04', 'Ngoài tác dụng điều chỉnh ánh sáng cho căn phòng, rèm cửa (màn cửa) còn giữ ấm cho căn phòng khi mùa đông đến, hạn chế cái nóng của mùa hè, bụi và tiếng ồn bên ngoài. ', 'san-pham-04', 'Rèm vải', NULL, 'Vải bóng', 'Cổ điển', '3 năm', NULL, NULL, '164,164', ''),
(31, 'Sản phẩm 05', '', '<p>Ngo&agrave;i t&aacute;c dụng điều chỉnh &aacute;nh s&aacute;ng cho căn ph&ograve;ng, r&egrave;m cửa (m&agrave;n cửa) c&ograve;n giữ ấm cho căn ph&ograve;ng khi m&ugrave;a đ&ocirc;ng đến, hạn chế c&aacute;i n&oacute;ng của m&ugrave;a h&egrave;, bụi v&agrave; tiếng ồn b&ecirc;n ngo&agrave;i.&nbsp;</p>\r\n', '', '', '<h3>M&Ocirc; TẢ SẢN PHẨM</h3>\r\n\r\n<p>Ngo&agrave;i t&aacute;c dụng điều chỉnh &aacute;nh s&aacute;ng cho căn ph&ograve;ng, r&egrave;m cửa (m&agrave;n cửa) c&ograve;n giữ ấm cho căn ph&ograve;ng khi m&ugrave;a đ&ocirc;ng đến, hạn chế c&aacute;i n&oacute;ng của m&ugrave;a h&egrave;, bụi v&agrave; tiếng ồn b&ecirc;n ngo&agrave;i. Kh&ocirc;ng chỉ c&oacute; thế, với kiểu d&aacute;ng v&agrave; m&agrave;u sắc th&iacute;ch hợp,&nbsp;r&egrave;m cửa&nbsp;c&ograve;n c&oacute; thể tạo khoảng kh&ocirc;ng ri&ecirc;ng tư hoặc th&ecirc;m ch&uacute;t vẻ đẹp sang trọng hay l&atilde;ng mạn cho căn ph&ograve;ng.<br />\r\n&nbsp;&nbsp;<br />\r\nChiếc r&egrave;m cửa kh&ocirc;ng chỉ đơn giản l&agrave; vật chắn s&aacute;ng hay tạo khoảng kh&ocirc;ng ri&ecirc;ng tư, n&oacute; c&ograve;n tạo cho mỗi căn ph&ograve;ng một ấn tượng v&agrave; cảm x&uacute;c kh&aacute;c nhau, t&ugrave;y theo c&aacute;ch chọn lựa của chủ nh&acirc;n.<br />\r\n&nbsp;&nbsp;<br />\r\nC&oacute; rất nhiều loại r&egrave;m kh&aacute;c nhau như r&egrave;m v&eacute;n,&nbsp;r&egrave;m roman&nbsp;(hay c&ograve;n gọi l&agrave; r&egrave;m xếp lớp), r&egrave;m cuốn, r&egrave;m l&aacute;,... Bạn cũng c&oacute; thể d&ugrave;ng r&egrave;m tr&uacute;c, r&egrave;m kim loại nhẹ, r&egrave;m bằng nhựa tổng hợp hay r&egrave;m giấy để trang tr&iacute; nh&agrave; cửa. Tuy nhi&ecirc;n, loại r&egrave;m phổ biến vẫn l&agrave; r&egrave;m vải v&igrave; t&iacute;nh năng dễ giặt tẩy, dễ lắp đặt, m&agrave;u v&agrave; kiểu phong ph&uacute;, hợp với nhiều phong c&aacute;ch nội thất.</p>\r\n\r\n<h3>CHẤT LIỆU</h3>\r\n\r\n<p>C&aacute;c loại vải may&nbsp;r&egrave;m cửa&nbsp;đang c&oacute; tr&ecirc;n thị trường rất đa dạng nhưng phần lớn l&agrave; cotton, polyester. Chất liệu thun, ren gần như kh&ocirc;ng c&ograve;n được ưa chuộng nữa v&igrave; dễ b&aacute;m bụi, mau bị sờn. &ETH;ược nhiều người chọn nhất vẫn l&agrave; c&aacute;c loại vải 65% cotton - 35% polyester hay loại 52% cotton - 48% polyester với nhiều nguồn gốc xuất xứ như Trung Quốc, H&agrave;n Quốc, Anh, Indonesia, Nga v&agrave; h&agrave;ng Việt Nam. Thị trường vải may r&egrave;m cửa kh&aacute; đa dạng với h&agrave;ng trăm mẫu hoa văn v&agrave; m&agrave;u sắc kh&aacute;c nhau. C&aacute;c loại r&egrave;m cửa bằng vải cotton, bố gấm, bố th&ocirc;, vải c&oacute; chất liệu chống thấm v&agrave; &iacute;t b&aacute;m bụi với c&aacute;c hoa văn đơn giản, c&aacute;c loại c&oacute; b&ocirc;ng ở ch&acirc;n may theo nếp gấp, li ống, li đứng đang được nhiều người ưa chuộng. C&aacute;c loại&nbsp;r&egrave;m&nbsp;cửa may theo kiểu b&egrave;o s&ograve; hay c&aacute;c kiểu rườm r&agrave; của một hai năm về trước đ&atilde; kh&ocirc;ng c&ograve;n được ưa chuộng. Xu hướng mới nhất năm nay l&agrave; dựa theo c&aacute;c mẫu đơn giản c&oacute; trong catologue nước ngo&agrave;i. Mẫu đang b&aacute;n chạy l&agrave; mẫu m&agrave;u kem với c&aacute;c hoa văn đơn giản. C&aacute;c loại hoa văn được xem l&agrave; mốt mới trong năm nay l&agrave; c&aacute;c h&igrave;nh lập thể, ca r&ocirc; v&agrave; c&aacute;c mẫu hoa nhỏ.</p>\r\n\r\n<h3>MẪU M&Atilde;, KIỂU D&Aacute;NG</h3>\r\n\r\n<p>Ch&uacute;ng t&ocirc;i rất đa dạng về kiểu d&aacute;ng, sản phẩm của&nbsp;r&egrave;m nghệ thuật d&ugrave; mang phong c&aacute;ch cổ điển, hiện đại hay được s&aacute;ng tạo&nbsp;ph&aacute; c&aacute;ch v&agrave; đầy ngẫu hứng vẫn lu&ocirc;n đem đến cho người sử dụng cảm gi&aacute;c th&iacute;ch th&uacute; v&agrave; h&agrave;i l&ograve;ng nhất. Ph&aacute;t huy s&aacute;ng tạo vượt mọi r&agrave;o cản r&egrave;m nghệ thuật l&agrave; đỉnh cao của những s&aacute;ng tạo kh&ocirc;ng giới hạn, ch&uacute;ng t&ocirc;i mong muốn mang đến những sản phẩm r&egrave;m cửa tốt nhất, rẻ nhất gi&uacute;p cho bữa cơm gia đ&igrave;nh th&ecirc;m đầm ấm, hạnh ph&uacute;c!</p>\r\n\r\n<p>&nbsp;</p>\r\n\r\n<p>&nbsp;</p>\r\n\r\n<p>Loại vải b&oacute;ng mượt, mềm mịn đem lại vẻ sang trọng như nhung, gấm, đũi, lụa, voan... thường một m&agrave;u hoặc mang hoa văn, hoạ tiết ch&igrave;m, trang nh&atilde;, hợp với ph&ograve;ng kh&aacute;ch. Những loại vải bề mặt th&ocirc; r&aacute;p cho cảm gi&aacute;c th&acirc;n mật, gần gũi thi&ecirc;n nhi&ecirc;n lại k&eacute;n phong c&aacute;ch b&agrave;i tr&iacute; như vải bạt, bố, th&ocirc;, thổ cẩm... chỉ n&ecirc;n sử dụng trong ph&ograve;ng b&agrave;y đồ đạc m&acirc;y, tre, gỗ mộc, thảm l&ocirc;ng th&uacute;. Vải b&ocirc;ng, lanh c&oacute; nhiều m&agrave;u hoa văn, hợp với nội thất b&igrave;nh thường, nhất l&agrave; ph&ograve;ng trẻ em, ph&ograve;ng ăn, ph&ograve;ng giải tr&iacute;...<br />\r\n<br />\r\nR&egrave;m (m&agrave;n) m&ugrave;a h&egrave; thường l&agrave; những loại&nbsp;r&egrave;m&nbsp;(m&agrave;n) c&oacute; chất liệu nhẹ nh&agrave;ng như: vải th&ocirc; mỏng, voan, lụa, lanh... c&ograve;n r&egrave;m m&ugrave;a đ&ocirc;ng lại cần tạo sự ấm &aacute;p, n&ecirc;n chất liệu chủ yếu l&agrave; nhung, gấm, th&ocirc; dầy v&agrave; thổ cẩm. Tuy nhi&ecirc;n l&agrave; m&ugrave;a đ&ocirc;ng hay m&ugrave;a h&egrave; việc lựa chọn chất liệu cũng phụ thuộc rất nhiều v&agrave;o mức độ chắn s&aacute;ng của &ocirc; cửa trong nh&agrave;.</p>\r\n\r\n<h3>GI&Aacute; TH&Agrave;NH</h3>\r\n\r\n<p>G&iacute;a:</p>\r\n\r\n<p>&nbsp;Khoảng 760.000đ/ 1m ngang ho&agrave;n thiện trở l&ecirc;n (bao gồm c&ocirc;ng, phụ kiện lắp đặt,&nbsp;</p>\r\n\r\n<h3>BẢO QUẢN V&Agrave; SỬ DỤNG</h3>\r\n', '', '', 760000, 0, 0, 'p5.jpg', '[]', '2017-05-22 00:05:30', '2017-12-03 16:12:17', 0, 1, 1, 0, '05', '', '', '', '', '', '', '', '', '', '', '', '', 0, 'Sản phẩm 05', 'Ngoài tác dụng điều chỉnh ánh sáng cho căn phòng, rèm cửa (màn cửa) còn giữ ấm cho căn phòng khi mùa đông đến, hạn chế cái nóng của mùa hè, bụi và tiếng ồn bên ngoài. ', 'san-pham-05', 'Rèm vải', NULL, 'Vải bóng', 'Cổ điển', '3 năm', NULL, NULL, '164,164', ''),
(32, 'Sản phẩm 06', '', '<p>Ngo&agrave;i t&aacute;c dụng điều chỉnh &aacute;nh s&aacute;ng cho căn ph&ograve;ng, r&egrave;m cửa (m&agrave;n cửa) c&ograve;n giữ ấm cho căn ph&ograve;ng khi m&ugrave;a đ&ocirc;ng đến, hạn chế c&aacute;i n&oacute;ng của m&ugrave;a h&egrave;, bụi v&agrave; tiếng ồn b&ecirc;n ngo&agrave;i.&nbsp;</p>\r\n', '', '', '<h3>M&Ocirc; TẢ SẢN PHẨM</h3>\r\n\r\n<p>Ngo&agrave;i t&aacute;c dụng điều chỉnh &aacute;nh s&aacute;ng cho căn ph&ograve;ng, r&egrave;m cửa (m&agrave;n cửa) c&ograve;n giữ ấm cho căn ph&ograve;ng khi m&ugrave;a đ&ocirc;ng đến, hạn chế c&aacute;i n&oacute;ng của m&ugrave;a h&egrave;, bụi v&agrave; tiếng ồn b&ecirc;n ngo&agrave;i. Kh&ocirc;ng chỉ c&oacute; thế, với kiểu d&aacute;ng v&agrave; m&agrave;u sắc th&iacute;ch hợp,&nbsp;r&egrave;m cửa&nbsp;c&ograve;n c&oacute; thể tạo khoảng kh&ocirc;ng ri&ecirc;ng tư hoặc th&ecirc;m ch&uacute;t vẻ đẹp sang trọng hay l&atilde;ng mạn cho căn ph&ograve;ng.<br />\r\n&nbsp;&nbsp;<br />\r\nChiếc r&egrave;m cửa kh&ocirc;ng chỉ đơn giản l&agrave; vật chắn s&aacute;ng hay tạo khoảng kh&ocirc;ng ri&ecirc;ng tư, n&oacute; c&ograve;n tạo cho mỗi căn ph&ograve;ng một ấn tượng v&agrave; cảm x&uacute;c kh&aacute;c nhau, t&ugrave;y theo c&aacute;ch chọn lựa của chủ nh&acirc;n.<br />\r\n&nbsp;&nbsp;<br />\r\nC&oacute; rất nhiều loại r&egrave;m kh&aacute;c nhau như r&egrave;m v&eacute;n,&nbsp;r&egrave;m roman&nbsp;(hay c&ograve;n gọi l&agrave; r&egrave;m xếp lớp), r&egrave;m cuốn, r&egrave;m l&aacute;,... Bạn cũng c&oacute; thể d&ugrave;ng r&egrave;m tr&uacute;c, r&egrave;m kim loại nhẹ, r&egrave;m bằng nhựa tổng hợp hay r&egrave;m giấy để trang tr&iacute; nh&agrave; cửa. Tuy nhi&ecirc;n, loại r&egrave;m phổ biến vẫn l&agrave; r&egrave;m vải v&igrave; t&iacute;nh năng dễ giặt tẩy, dễ lắp đặt, m&agrave;u v&agrave; kiểu phong ph&uacute;, hợp với nhiều phong c&aacute;ch nội thất.</p>\r\n\r\n<h3>CHẤT LIỆU</h3>\r\n\r\n<p>C&aacute;c loại vải may&nbsp;r&egrave;m cửa&nbsp;đang c&oacute; tr&ecirc;n thị trường rất đa dạng nhưng phần lớn l&agrave; cotton, polyester. Chất liệu thun, ren gần như kh&ocirc;ng c&ograve;n được ưa chuộng nữa v&igrave; dễ b&aacute;m bụi, mau bị sờn. &ETH;ược nhiều người chọn nhất vẫn l&agrave; c&aacute;c loại vải 65% cotton - 35% polyester hay loại 52% cotton - 48% polyester với nhiều nguồn gốc xuất xứ như Trung Quốc, H&agrave;n Quốc, Anh, Indonesia, Nga v&agrave; h&agrave;ng Việt Nam. Thị trường vải may r&egrave;m cửa kh&aacute; đa dạng với h&agrave;ng trăm mẫu hoa văn v&agrave; m&agrave;u sắc kh&aacute;c nhau. C&aacute;c loại r&egrave;m cửa bằng vải cotton, bố gấm, bố th&ocirc;, vải c&oacute; chất liệu chống thấm v&agrave; &iacute;t b&aacute;m bụi với c&aacute;c hoa văn đơn giản, c&aacute;c loại c&oacute; b&ocirc;ng ở ch&acirc;n may theo nếp gấp, li ống, li đứng đang được nhiều người ưa chuộng. C&aacute;c loại&nbsp;r&egrave;m&nbsp;cửa may theo kiểu b&egrave;o s&ograve; hay c&aacute;c kiểu rườm r&agrave; của một hai năm về trước đ&atilde; kh&ocirc;ng c&ograve;n được ưa chuộng. Xu hướng mới nhất năm nay l&agrave; dựa theo c&aacute;c mẫu đơn giản c&oacute; trong catologue nước ngo&agrave;i. Mẫu đang b&aacute;n chạy l&agrave; mẫu m&agrave;u kem với c&aacute;c hoa văn đơn giản. C&aacute;c loại hoa văn được xem l&agrave; mốt mới trong năm nay l&agrave; c&aacute;c h&igrave;nh lập thể, ca r&ocirc; v&agrave; c&aacute;c mẫu hoa nhỏ.</p>\r\n\r\n<h3>MẪU M&Atilde;, KIỂU D&Aacute;NG</h3>\r\n\r\n<p>Ch&uacute;ng t&ocirc;i rất đa dạng về kiểu d&aacute;ng, sản phẩm của&nbsp;r&egrave;m nghệ thuật d&ugrave; mang phong c&aacute;ch cổ điển, hiện đại hay được s&aacute;ng tạo&nbsp;ph&aacute; c&aacute;ch v&agrave; đầy ngẫu hứng vẫn lu&ocirc;n đem đến cho người sử dụng cảm gi&aacute;c th&iacute;ch th&uacute; v&agrave; h&agrave;i l&ograve;ng nhất. Ph&aacute;t huy s&aacute;ng tạo vượt mọi r&agrave;o cản r&egrave;m nghệ thuật l&agrave; đỉnh cao của những s&aacute;ng tạo kh&ocirc;ng giới hạn, ch&uacute;ng t&ocirc;i mong muốn mang đến những sản phẩm r&egrave;m cửa tốt nhất, rẻ nhất gi&uacute;p cho bữa cơm gia đ&igrave;nh th&ecirc;m đầm ấm, hạnh ph&uacute;c!</p>\r\n\r\n<p>&nbsp;</p>\r\n\r\n<p>&nbsp;</p>\r\n\r\n<p>Loại vải b&oacute;ng mượt, mềm mịn đem lại vẻ sang trọng như nhung, gấm, đũi, lụa, voan... thường một m&agrave;u hoặc mang hoa văn, hoạ tiết ch&igrave;m, trang nh&atilde;, hợp với ph&ograve;ng kh&aacute;ch. Những loại vải bề mặt th&ocirc; r&aacute;p cho cảm gi&aacute;c th&acirc;n mật, gần gũi thi&ecirc;n nhi&ecirc;n lại k&eacute;n phong c&aacute;ch b&agrave;i tr&iacute; như vải bạt, bố, th&ocirc;, thổ cẩm... chỉ n&ecirc;n sử dụng trong ph&ograve;ng b&agrave;y đồ đạc m&acirc;y, tre, gỗ mộc, thảm l&ocirc;ng th&uacute;. Vải b&ocirc;ng, lanh c&oacute; nhiều m&agrave;u hoa văn, hợp với nội thất b&igrave;nh thường, nhất l&agrave; ph&ograve;ng trẻ em, ph&ograve;ng ăn, ph&ograve;ng giải tr&iacute;...<br />\r\n<br />\r\nR&egrave;m (m&agrave;n) m&ugrave;a h&egrave; thường l&agrave; những loại&nbsp;r&egrave;m&nbsp;(m&agrave;n) c&oacute; chất liệu nhẹ nh&agrave;ng như: vải th&ocirc; mỏng, voan, lụa, lanh... c&ograve;n r&egrave;m m&ugrave;a đ&ocirc;ng lại cần tạo sự ấm &aacute;p, n&ecirc;n chất liệu chủ yếu l&agrave; nhung, gấm, th&ocirc; dầy v&agrave; thổ cẩm. Tuy nhi&ecirc;n l&agrave; m&ugrave;a đ&ocirc;ng hay m&ugrave;a h&egrave; việc lựa chọn chất liệu cũng phụ thuộc rất nhiều v&agrave;o mức độ chắn s&aacute;ng của &ocirc; cửa trong nh&agrave;.</p>\r\n\r\n<h3>GI&Aacute; TH&Agrave;NH</h3>\r\n\r\n<p>G&iacute;a:</p>\r\n\r\n<p>&nbsp;Khoảng 760.000đ/ 1m ngang ho&agrave;n thiện trở l&ecirc;n (bao gồm c&ocirc;ng, phụ kiện lắp đặt,&nbsp;</p>\r\n\r\n<h3>BẢO QUẢN V&Agrave; SỬ DỤNG</h3>\r\n', '', '', 7600000, 50, 0, 'p6.jpg', '[]', '2017-05-22 00:05:13', '2018-03-24 17:03:20', 0, 0, 0, 0, '01', '', '', '', '', '', '', '', '', '', '', '', '', 0, 'Sản phẩm 06', 'Ngoài tác dụng điều chỉnh ánh sáng cho căn phòng, rèm cửa (màn cửa) còn giữ ấm cho căn phòng khi mùa đông đến, hạn chế cái nóng của mùa hè, bụi và tiếng ồn bên ngoài. ', 'san-pham-06', 'Rèm vải', NULL, 'Vải bóng', 'Cổ điển', '3 năm', NULL, NULL, '164,164', ''),
(33, 'Sản phẩm 07', '', '<p>Ngo&agrave;i t&aacute;c dụng điều chỉnh &aacute;nh s&aacute;ng cho căn ph&ograve;ng, r&egrave;m cửa (m&agrave;n cửa) c&ograve;n giữ ấm cho căn ph&ograve;ng khi m&ugrave;a đ&ocirc;ng đến, hạn chế c&aacute;i n&oacute;ng của m&ugrave;a h&egrave;, bụi v&agrave; tiếng ồn b&ecirc;n ngo&agrave;i.&nbsp;</p>\r\n', '', '', '<h3>M&Ocirc; TẢ SẢN PHẨM</h3>\r\n\r\n<p>Ngo&agrave;i t&aacute;c dụng điều chỉnh &aacute;nh s&aacute;ng cho căn ph&ograve;ng, r&egrave;m cửa (m&agrave;n cửa) c&ograve;n giữ ấm cho căn ph&ograve;ng khi m&ugrave;a đ&ocirc;ng đến, hạn chế c&aacute;i n&oacute;ng của m&ugrave;a h&egrave;, bụi v&agrave; tiếng ồn b&ecirc;n ngo&agrave;i. Kh&ocirc;ng chỉ c&oacute; thế, với kiểu d&aacute;ng v&agrave; m&agrave;u sắc th&iacute;ch hợp,&nbsp;r&egrave;m cửa&nbsp;c&ograve;n c&oacute; thể tạo khoảng kh&ocirc;ng ri&ecirc;ng tư hoặc th&ecirc;m ch&uacute;t vẻ đẹp sang trọng hay l&atilde;ng mạn cho căn ph&ograve;ng.<br />\r\n&nbsp;&nbsp;<br />\r\nChiếc r&egrave;m cửa kh&ocirc;ng chỉ đơn giản l&agrave; vật chắn s&aacute;ng hay tạo khoảng kh&ocirc;ng ri&ecirc;ng tư, n&oacute; c&ograve;n tạo cho mỗi căn ph&ograve;ng một ấn tượng v&agrave; cảm x&uacute;c kh&aacute;c nhau, t&ugrave;y theo c&aacute;ch chọn lựa của chủ nh&acirc;n.<br />\r\n&nbsp;&nbsp;<br />\r\nC&oacute; rất nhiều loại r&egrave;m kh&aacute;c nhau như r&egrave;m v&eacute;n,&nbsp;r&egrave;m roman&nbsp;(hay c&ograve;n gọi l&agrave; r&egrave;m xếp lớp), r&egrave;m cuốn, r&egrave;m l&aacute;,... Bạn cũng c&oacute; thể d&ugrave;ng r&egrave;m tr&uacute;c, r&egrave;m kim loại nhẹ, r&egrave;m bằng nhựa tổng hợp hay r&egrave;m giấy để trang tr&iacute; nh&agrave; cửa. Tuy nhi&ecirc;n, loại r&egrave;m phổ biến vẫn l&agrave; r&egrave;m vải v&igrave; t&iacute;nh năng dễ giặt tẩy, dễ lắp đặt, m&agrave;u v&agrave; kiểu phong ph&uacute;, hợp với nhiều phong c&aacute;ch nội thất.</p>\r\n\r\n<h3>CHẤT LIỆU</h3>\r\n\r\n<p>C&aacute;c loại vải may&nbsp;r&egrave;m cửa&nbsp;đang c&oacute; tr&ecirc;n thị trường rất đa dạng nhưng phần lớn l&agrave; cotton, polyester. Chất liệu thun, ren gần như kh&ocirc;ng c&ograve;n được ưa chuộng nữa v&igrave; dễ b&aacute;m bụi, mau bị sờn. &ETH;ược nhiều người chọn nhất vẫn l&agrave; c&aacute;c loại vải 65% cotton - 35% polyester hay loại 52% cotton - 48% polyester với nhiều nguồn gốc xuất xứ như Trung Quốc, H&agrave;n Quốc, Anh, Indonesia, Nga v&agrave; h&agrave;ng Việt Nam. Thị trường vải may r&egrave;m cửa kh&aacute; đa dạng với h&agrave;ng trăm mẫu hoa văn v&agrave; m&agrave;u sắc kh&aacute;c nhau. C&aacute;c loại r&egrave;m cửa bằng vải cotton, bố gấm, bố th&ocirc;, vải c&oacute; chất liệu chống thấm v&agrave; &iacute;t b&aacute;m bụi với c&aacute;c hoa văn đơn giản, c&aacute;c loại c&oacute; b&ocirc;ng ở ch&acirc;n may theo nếp gấp, li ống, li đứng đang được nhiều người ưa chuộng. C&aacute;c loại&nbsp;r&egrave;m&nbsp;cửa may theo kiểu b&egrave;o s&ograve; hay c&aacute;c kiểu rườm r&agrave; của một hai năm về trước đ&atilde; kh&ocirc;ng c&ograve;n được ưa chuộng. Xu hướng mới nhất năm nay l&agrave; dựa theo c&aacute;c mẫu đơn giản c&oacute; trong catologue nước ngo&agrave;i. Mẫu đang b&aacute;n chạy l&agrave; mẫu m&agrave;u kem với c&aacute;c hoa văn đơn giản. C&aacute;c loại hoa văn được xem l&agrave; mốt mới trong năm nay l&agrave; c&aacute;c h&igrave;nh lập thể, ca r&ocirc; v&agrave; c&aacute;c mẫu hoa nhỏ.</p>\r\n\r\n<h3>MẪU M&Atilde;, KIỂU D&Aacute;NG</h3>\r\n\r\n<p>Ch&uacute;ng t&ocirc;i rất đa dạng về kiểu d&aacute;ng, sản phẩm của&nbsp;r&egrave;m nghệ thuật d&ugrave; mang phong c&aacute;ch cổ điển, hiện đại hay được s&aacute;ng tạo&nbsp;ph&aacute; c&aacute;ch v&agrave; đầy ngẫu hứng vẫn lu&ocirc;n đem đến cho người sử dụng cảm gi&aacute;c th&iacute;ch th&uacute; v&agrave; h&agrave;i l&ograve;ng nhất. Ph&aacute;t huy s&aacute;ng tạo vượt mọi r&agrave;o cản r&egrave;m nghệ thuật l&agrave; đỉnh cao của những s&aacute;ng tạo kh&ocirc;ng giới hạn, ch&uacute;ng t&ocirc;i mong muốn mang đến những sản phẩm r&egrave;m cửa tốt nhất, rẻ nhất gi&uacute;p cho bữa cơm gia đ&igrave;nh th&ecirc;m đầm ấm, hạnh ph&uacute;c!</p>\r\n\r\n<p>&nbsp;</p>\r\n\r\n<p>&nbsp;</p>\r\n\r\n<p>Loại vải b&oacute;ng mượt, mềm mịn đem lại vẻ sang trọng như nhung, gấm, đũi, lụa, voan... thường một m&agrave;u hoặc mang hoa văn, hoạ tiết ch&igrave;m, trang nh&atilde;, hợp với ph&ograve;ng kh&aacute;ch. Những loại vải bề mặt th&ocirc; r&aacute;p cho cảm gi&aacute;c th&acirc;n mật, gần gũi thi&ecirc;n nhi&ecirc;n lại k&eacute;n phong c&aacute;ch b&agrave;i tr&iacute; như vải bạt, bố, th&ocirc;, thổ cẩm... chỉ n&ecirc;n sử dụng trong ph&ograve;ng b&agrave;y đồ đạc m&acirc;y, tre, gỗ mộc, thảm l&ocirc;ng th&uacute;. Vải b&ocirc;ng, lanh c&oacute; nhiều m&agrave;u hoa văn, hợp với nội thất b&igrave;nh thường, nhất l&agrave; ph&ograve;ng trẻ em, ph&ograve;ng ăn, ph&ograve;ng giải tr&iacute;...<br />\r\n<br />\r\nR&egrave;m (m&agrave;n) m&ugrave;a h&egrave; thường l&agrave; những loại&nbsp;r&egrave;m&nbsp;(m&agrave;n) c&oacute; chất liệu nhẹ nh&agrave;ng như: vải th&ocirc; mỏng, voan, lụa, lanh... c&ograve;n r&egrave;m m&ugrave;a đ&ocirc;ng lại cần tạo sự ấm &aacute;p, n&ecirc;n chất liệu chủ yếu l&agrave; nhung, gấm, th&ocirc; dầy v&agrave; thổ cẩm. Tuy nhi&ecirc;n l&agrave; m&ugrave;a đ&ocirc;ng hay m&ugrave;a h&egrave; việc lựa chọn chất liệu cũng phụ thuộc rất nhiều v&agrave;o mức độ chắn s&aacute;ng của &ocirc; cửa trong nh&agrave;.</p>\r\n\r\n<h3>GI&Aacute; TH&Agrave;NH</h3>\r\n\r\n<p>G&iacute;a:</p>\r\n\r\n<p>&nbsp;Khoảng 760.000đ/ 1m ngang ho&agrave;n thiện trở l&ecirc;n (bao gồm c&ocirc;ng, phụ kiện lắp đặt,&nbsp;</p>\r\n\r\n<h3>BẢO QUẢN V&Agrave; SỬ DỤNG</h3>\r\n', '', '', 760000, 0, 0, 'p7.jpg', '[]', '2017-05-22 00:05:50', '2018-03-30 14:03:45', 0, 0, 0, 0, '01', '', '', '', '', '', '', '', '', '', '', '', '', 0, 'Sản phẩm 07', 'Ngoài tác dụng điều chỉnh ánh sáng cho căn phòng, rèm cửa (màn cửa) còn giữ ấm cho căn phòng khi mùa đông đến, hạn chế cái nóng của mùa hè, bụi và tiếng ồn bên ngoài. ', 'san-pham-07', 'Rèm vải', NULL, 'Vải bóng', 'Cổ điển', '3 năm', NULL, NULL, '164,164', '108,');
INSERT INTO `product` (`product_id`, `product_name`, `alias`, `product_des`, `product_des2`, `product_des3`, `product_content`, `product_content2`, `product_content3`, `product_price`, `product_price_sale`, `product_discount`, `product_img`, `product_sub_img`, `product_created_date`, `product_update_date`, `productcat_id`, `product_hot`, `product_new`, `product_sale`, `product_code`, `product_original`, `product_size`, `product_package`, `product_delivery`, `product_delivery_time`, `product_payment`, `product_payment_type`, `product_sub_info1`, `product_sub_info2`, `product_sub_info3`, `product_sub_info4`, `product_sub_info5`, `state`, `title_seo`, `des_seo`, `friendly_url`, `keyword`, `created_id`, `product_material`, `product_shape`, `product_expiration`, `product_producer`, `product_review`, `productcat_ar`, `producttag_arr`) VALUES
(34, 'Sản phẩm 08', '', '<p>Ngo&agrave;i t&aacute;c dụng điều chỉnh &aacute;nh s&aacute;ng cho căn ph&ograve;ng, r&egrave;m cửa (m&agrave;n cửa) c&ograve;n giữ ấm cho căn ph&ograve;ng khi m&ugrave;a đ&ocirc;ng đến, hạn chế c&aacute;i n&oacute;ng của m&ugrave;a h&egrave;, bụi v&agrave; tiếng ồn b&ecirc;n ngo&agrave;i.&nbsp;</p>\r\n', '', '', '<h3>M&Ocirc; TẢ SẢN PHẨM</h3>\r\n\r\n<p>Ngo&agrave;i t&aacute;c dụng điều chỉnh &aacute;nh s&aacute;ng cho căn ph&ograve;ng, r&egrave;m cửa (m&agrave;n cửa) c&ograve;n giữ ấm cho căn ph&ograve;ng khi m&ugrave;a đ&ocirc;ng đến, hạn chế c&aacute;i n&oacute;ng của m&ugrave;a h&egrave;, bụi v&agrave; tiếng ồn b&ecirc;n ngo&agrave;i. Kh&ocirc;ng chỉ c&oacute; thế, với kiểu d&aacute;ng v&agrave; m&agrave;u sắc th&iacute;ch hợp,&nbsp;r&egrave;m cửa&nbsp;c&ograve;n c&oacute; thể tạo khoảng kh&ocirc;ng ri&ecirc;ng tư hoặc th&ecirc;m ch&uacute;t vẻ đẹp sang trọng hay l&atilde;ng mạn cho căn ph&ograve;ng.<br />\r\n&nbsp;&nbsp;<br />\r\nChiếc r&egrave;m cửa kh&ocirc;ng chỉ đơn giản l&agrave; vật chắn s&aacute;ng hay tạo khoảng kh&ocirc;ng ri&ecirc;ng tư, n&oacute; c&ograve;n tạo cho mỗi căn ph&ograve;ng một ấn tượng v&agrave; cảm x&uacute;c kh&aacute;c nhau, t&ugrave;y theo c&aacute;ch chọn lựa của chủ nh&acirc;n.<br />\r\n&nbsp;&nbsp;<br />\r\nC&oacute; rất nhiều loại r&egrave;m kh&aacute;c nhau như r&egrave;m v&eacute;n,&nbsp;r&egrave;m roman&nbsp;(hay c&ograve;n gọi l&agrave; r&egrave;m xếp lớp), r&egrave;m cuốn, r&egrave;m l&aacute;,... Bạn cũng c&oacute; thể d&ugrave;ng r&egrave;m tr&uacute;c, r&egrave;m kim loại nhẹ, r&egrave;m bằng nhựa tổng hợp hay r&egrave;m giấy để trang tr&iacute; nh&agrave; cửa. Tuy nhi&ecirc;n, loại r&egrave;m phổ biến vẫn l&agrave; r&egrave;m vải v&igrave; t&iacute;nh năng dễ giặt tẩy, dễ lắp đặt, m&agrave;u v&agrave; kiểu phong ph&uacute;, hợp với nhiều phong c&aacute;ch nội thất.</p>\r\n\r\n<h3>CHẤT LIỆU</h3>\r\n\r\n<p>C&aacute;c loại vải may&nbsp;r&egrave;m cửa&nbsp;đang c&oacute; tr&ecirc;n thị trường rất đa dạng nhưng phần lớn l&agrave; cotton, polyester. Chất liệu thun, ren gần như kh&ocirc;ng c&ograve;n được ưa chuộng nữa v&igrave; dễ b&aacute;m bụi, mau bị sờn. &ETH;ược nhiều người chọn nhất vẫn l&agrave; c&aacute;c loại vải 65% cotton - 35% polyester hay loại 52% cotton - 48% polyester với nhiều nguồn gốc xuất xứ như Trung Quốc, H&agrave;n Quốc, Anh, Indonesia, Nga v&agrave; h&agrave;ng Việt Nam. Thị trường vải may r&egrave;m cửa kh&aacute; đa dạng với h&agrave;ng trăm mẫu hoa văn v&agrave; m&agrave;u sắc kh&aacute;c nhau. C&aacute;c loại r&egrave;m cửa bằng vải cotton, bố gấm, bố th&ocirc;, vải c&oacute; chất liệu chống thấm v&agrave; &iacute;t b&aacute;m bụi với c&aacute;c hoa văn đơn giản, c&aacute;c loại c&oacute; b&ocirc;ng ở ch&acirc;n may theo nếp gấp, li ống, li đứng đang được nhiều người ưa chuộng. C&aacute;c loại&nbsp;r&egrave;m&nbsp;cửa may theo kiểu b&egrave;o s&ograve; hay c&aacute;c kiểu rườm r&agrave; của một hai năm về trước đ&atilde; kh&ocirc;ng c&ograve;n được ưa chuộng. Xu hướng mới nhất năm nay l&agrave; dựa theo c&aacute;c mẫu đơn giản c&oacute; trong catologue nước ngo&agrave;i. Mẫu đang b&aacute;n chạy l&agrave; mẫu m&agrave;u kem với c&aacute;c hoa văn đơn giản. C&aacute;c loại hoa văn được xem l&agrave; mốt mới trong năm nay l&agrave; c&aacute;c h&igrave;nh lập thể, ca r&ocirc; v&agrave; c&aacute;c mẫu hoa nhỏ.</p>\r\n\r\n<h3>MẪU M&Atilde;, KIỂU D&Aacute;NG</h3>\r\n\r\n<p>Ch&uacute;ng t&ocirc;i rất đa dạng về kiểu d&aacute;ng, sản phẩm của&nbsp;r&egrave;m nghệ thuật d&ugrave; mang phong c&aacute;ch cổ điển, hiện đại hay được s&aacute;ng tạo&nbsp;ph&aacute; c&aacute;ch v&agrave; đầy ngẫu hứng vẫn lu&ocirc;n đem đến cho người sử dụng cảm gi&aacute;c th&iacute;ch th&uacute; v&agrave; h&agrave;i l&ograve;ng nhất. Ph&aacute;t huy s&aacute;ng tạo vượt mọi r&agrave;o cản r&egrave;m nghệ thuật l&agrave; đỉnh cao của những s&aacute;ng tạo kh&ocirc;ng giới hạn, ch&uacute;ng t&ocirc;i mong muốn mang đến những sản phẩm r&egrave;m cửa tốt nhất, rẻ nhất gi&uacute;p cho bữa cơm gia đ&igrave;nh th&ecirc;m đầm ấm, hạnh ph&uacute;c!</p>\r\n\r\n<p>&nbsp;</p>\r\n\r\n<p>&nbsp;</p>\r\n\r\n<p>Loại vải b&oacute;ng mượt, mềm mịn đem lại vẻ sang trọng như nhung, gấm, đũi, lụa, voan... thường một m&agrave;u hoặc mang hoa văn, hoạ tiết ch&igrave;m, trang nh&atilde;, hợp với ph&ograve;ng kh&aacute;ch. Những loại vải bề mặt th&ocirc; r&aacute;p cho cảm gi&aacute;c th&acirc;n mật, gần gũi thi&ecirc;n nhi&ecirc;n lại k&eacute;n phong c&aacute;ch b&agrave;i tr&iacute; như vải bạt, bố, th&ocirc;, thổ cẩm... chỉ n&ecirc;n sử dụng trong ph&ograve;ng b&agrave;y đồ đạc m&acirc;y, tre, gỗ mộc, thảm l&ocirc;ng th&uacute;. Vải b&ocirc;ng, lanh c&oacute; nhiều m&agrave;u hoa văn, hợp với nội thất b&igrave;nh thường, nhất l&agrave; ph&ograve;ng trẻ em, ph&ograve;ng ăn, ph&ograve;ng giải tr&iacute;...<br />\r\n<br />\r\nR&egrave;m (m&agrave;n) m&ugrave;a h&egrave; thường l&agrave; những loại&nbsp;r&egrave;m&nbsp;(m&agrave;n) c&oacute; chất liệu nhẹ nh&agrave;ng như: vải th&ocirc; mỏng, voan, lụa, lanh... c&ograve;n r&egrave;m m&ugrave;a đ&ocirc;ng lại cần tạo sự ấm &aacute;p, n&ecirc;n chất liệu chủ yếu l&agrave; nhung, gấm, th&ocirc; dầy v&agrave; thổ cẩm. Tuy nhi&ecirc;n l&agrave; m&ugrave;a đ&ocirc;ng hay m&ugrave;a h&egrave; việc lựa chọn chất liệu cũng phụ thuộc rất nhiều v&agrave;o mức độ chắn s&aacute;ng của &ocirc; cửa trong nh&agrave;.</p>\r\n\r\n<h3>GI&Aacute; TH&Agrave;NH</h3>\r\n\r\n<p>G&iacute;a:</p>\r\n\r\n<p>&nbsp;Khoảng 760.000đ/ 1m ngang ho&agrave;n thiện trở l&ecirc;n (bao gồm c&ocirc;ng, phụ kiện lắp đặt,&nbsp;</p>\r\n\r\n<h3>BẢO QUẢN V&Agrave; SỬ DỤNG</h3>\r\n', '', '', 760000, 0, 0, 'p8.jpg', '[]', '2017-05-22 00:05:32', '2017-12-03 16:12:49', 0, 0, 0, 0, '01', '', '', '', '', '', '', '', '', '', '', '', '', 0, 'Sản phẩm 08', 'Ngoài tác dụng điều chỉnh ánh sáng cho căn phòng, rèm cửa (màn cửa) còn giữ ấm cho căn phòng khi mùa đông đến, hạn chế cái nóng của mùa hè, bụi và tiếng ồn bên ngoài. ', 'san-pham-08', 'Rèm vải', NULL, 'Vải bóng', 'Cổ điển', '3 năm', NULL, NULL, '164,164', ''),
(35, 'Sản phẩm 09', '', '<p>Ngo&agrave;i t&aacute;c dụng điều chỉnh &aacute;nh s&aacute;ng cho căn ph&ograve;ng, r&egrave;m cửa (m&agrave;n cửa) c&ograve;n giữ ấm cho căn ph&ograve;ng khi m&ugrave;a đ&ocirc;ng đến, hạn chế c&aacute;i n&oacute;ng của m&ugrave;a h&egrave;, bụi v&agrave; tiếng ồn b&ecirc;n ngo&agrave;i.&nbsp;</p>\r\n', '', '', '<h3>M&Ocirc; TẢ SẢN PHẨM</h3>\r\n\r\n<p>Ngo&agrave;i t&aacute;c dụng điều chỉnh &aacute;nh s&aacute;ng cho căn ph&ograve;ng, r&egrave;m cửa (m&agrave;n cửa) c&ograve;n giữ ấm cho căn ph&ograve;ng khi m&ugrave;a đ&ocirc;ng đến, hạn chế c&aacute;i n&oacute;ng của m&ugrave;a h&egrave;, bụi v&agrave; tiếng ồn b&ecirc;n ngo&agrave;i. Kh&ocirc;ng chỉ c&oacute; thế, với kiểu d&aacute;ng v&agrave; m&agrave;u sắc th&iacute;ch hợp,&nbsp;r&egrave;m cửa&nbsp;c&ograve;n c&oacute; thể tạo khoảng kh&ocirc;ng ri&ecirc;ng tư hoặc th&ecirc;m ch&uacute;t vẻ đẹp sang trọng hay l&atilde;ng mạn cho căn ph&ograve;ng.<br />\r\n&nbsp;&nbsp;<br />\r\nChiếc r&egrave;m cửa kh&ocirc;ng chỉ đơn giản l&agrave; vật chắn s&aacute;ng hay tạo khoảng kh&ocirc;ng ri&ecirc;ng tư, n&oacute; c&ograve;n tạo cho mỗi căn ph&ograve;ng một ấn tượng v&agrave; cảm x&uacute;c kh&aacute;c nhau, t&ugrave;y theo c&aacute;ch chọn lựa của chủ nh&acirc;n.<br />\r\n&nbsp;&nbsp;<br />\r\nC&oacute; rất nhiều loại r&egrave;m kh&aacute;c nhau như r&egrave;m v&eacute;n,&nbsp;r&egrave;m roman&nbsp;(hay c&ograve;n gọi l&agrave; r&egrave;m xếp lớp), r&egrave;m cuốn, r&egrave;m l&aacute;,... Bạn cũng c&oacute; thể d&ugrave;ng r&egrave;m tr&uacute;c, r&egrave;m kim loại nhẹ, r&egrave;m bằng nhựa tổng hợp hay r&egrave;m giấy để trang tr&iacute; nh&agrave; cửa. Tuy nhi&ecirc;n, loại r&egrave;m phổ biến vẫn l&agrave; r&egrave;m vải v&igrave; t&iacute;nh năng dễ giặt tẩy, dễ lắp đặt, m&agrave;u v&agrave; kiểu phong ph&uacute;, hợp với nhiều phong c&aacute;ch nội thất.</p>\r\n\r\n<h3>CHẤT LIỆU</h3>\r\n\r\n<p>C&aacute;c loại vải may&nbsp;r&egrave;m cửa&nbsp;đang c&oacute; tr&ecirc;n thị trường rất đa dạng nhưng phần lớn l&agrave; cotton, polyester. Chất liệu thun, ren gần như kh&ocirc;ng c&ograve;n được ưa chuộng nữa v&igrave; dễ b&aacute;m bụi, mau bị sờn. &ETH;ược nhiều người chọn nhất vẫn l&agrave; c&aacute;c loại vải 65% cotton - 35% polyester hay loại 52% cotton - 48% polyester với nhiều nguồn gốc xuất xứ như Trung Quốc, H&agrave;n Quốc, Anh, Indonesia, Nga v&agrave; h&agrave;ng Việt Nam. Thị trường vải may r&egrave;m cửa kh&aacute; đa dạng với h&agrave;ng trăm mẫu hoa văn v&agrave; m&agrave;u sắc kh&aacute;c nhau. C&aacute;c loại r&egrave;m cửa bằng vải cotton, bố gấm, bố th&ocirc;, vải c&oacute; chất liệu chống thấm v&agrave; &iacute;t b&aacute;m bụi với c&aacute;c hoa văn đơn giản, c&aacute;c loại c&oacute; b&ocirc;ng ở ch&acirc;n may theo nếp gấp, li ống, li đứng đang được nhiều người ưa chuộng. C&aacute;c loại&nbsp;r&egrave;m&nbsp;cửa may theo kiểu b&egrave;o s&ograve; hay c&aacute;c kiểu rườm r&agrave; của một hai năm về trước đ&atilde; kh&ocirc;ng c&ograve;n được ưa chuộng. Xu hướng mới nhất năm nay l&agrave; dựa theo c&aacute;c mẫu đơn giản c&oacute; trong catologue nước ngo&agrave;i. Mẫu đang b&aacute;n chạy l&agrave; mẫu m&agrave;u kem với c&aacute;c hoa văn đơn giản. C&aacute;c loại hoa văn được xem l&agrave; mốt mới trong năm nay l&agrave; c&aacute;c h&igrave;nh lập thể, ca r&ocirc; v&agrave; c&aacute;c mẫu hoa nhỏ.</p>\r\n\r\n<h3>MẪU M&Atilde;, KIỂU D&Aacute;NG</h3>\r\n\r\n<p>Ch&uacute;ng t&ocirc;i rất đa dạng về kiểu d&aacute;ng, sản phẩm của&nbsp;r&egrave;m nghệ thuật d&ugrave; mang phong c&aacute;ch cổ điển, hiện đại hay được s&aacute;ng tạo&nbsp;ph&aacute; c&aacute;ch v&agrave; đầy ngẫu hứng vẫn lu&ocirc;n đem đến cho người sử dụng cảm gi&aacute;c th&iacute;ch th&uacute; v&agrave; h&agrave;i l&ograve;ng nhất. Ph&aacute;t huy s&aacute;ng tạo vượt mọi r&agrave;o cản r&egrave;m nghệ thuật l&agrave; đỉnh cao của những s&aacute;ng tạo kh&ocirc;ng giới hạn, ch&uacute;ng t&ocirc;i mong muốn mang đến những sản phẩm r&egrave;m cửa tốt nhất, rẻ nhất gi&uacute;p cho bữa cơm gia đ&igrave;nh th&ecirc;m đầm ấm, hạnh ph&uacute;c!</p>\r\n\r\n<p>&nbsp;</p>\r\n\r\n<p>&nbsp;</p>\r\n\r\n<p>Loại vải b&oacute;ng mượt, mềm mịn đem lại vẻ sang trọng như nhung, gấm, đũi, lụa, voan... thường một m&agrave;u hoặc mang hoa văn, hoạ tiết ch&igrave;m, trang nh&atilde;, hợp với ph&ograve;ng kh&aacute;ch. Những loại vải bề mặt th&ocirc; r&aacute;p cho cảm gi&aacute;c th&acirc;n mật, gần gũi thi&ecirc;n nhi&ecirc;n lại k&eacute;n phong c&aacute;ch b&agrave;i tr&iacute; như vải bạt, bố, th&ocirc;, thổ cẩm... chỉ n&ecirc;n sử dụng trong ph&ograve;ng b&agrave;y đồ đạc m&acirc;y, tre, gỗ mộc, thảm l&ocirc;ng th&uacute;. Vải b&ocirc;ng, lanh c&oacute; nhiều m&agrave;u hoa văn, hợp với nội thất b&igrave;nh thường, nhất l&agrave; ph&ograve;ng trẻ em, ph&ograve;ng ăn, ph&ograve;ng giải tr&iacute;...<br />\r\n<br />\r\nR&egrave;m (m&agrave;n) m&ugrave;a h&egrave; thường l&agrave; những loại&nbsp;r&egrave;m&nbsp;(m&agrave;n) c&oacute; chất liệu nhẹ nh&agrave;ng như: vải th&ocirc; mỏng, voan, lụa, lanh... c&ograve;n r&egrave;m m&ugrave;a đ&ocirc;ng lại cần tạo sự ấm &aacute;p, n&ecirc;n chất liệu chủ yếu l&agrave; nhung, gấm, th&ocirc; dầy v&agrave; thổ cẩm. Tuy nhi&ecirc;n l&agrave; m&ugrave;a đ&ocirc;ng hay m&ugrave;a h&egrave; việc lựa chọn chất liệu cũng phụ thuộc rất nhiều v&agrave;o mức độ chắn s&aacute;ng của &ocirc; cửa trong nh&agrave;.</p>\r\n\r\n<h3>GI&Aacute; TH&Agrave;NH</h3>\r\n\r\n<p>G&iacute;a:</p>\r\n\r\n<p>&nbsp;Khoảng 760.000đ/ 1m ngang ho&agrave;n thiện trở l&ecirc;n (bao gồm c&ocirc;ng, phụ kiện lắp đặt,&nbsp;</p>\r\n\r\n<h3>BẢO QUẢN V&Agrave; SỬ DỤNG</h3>\r\n', '', '', 25000, 0, 0, 'p9.jpg', '[]', '2017-05-22 00:05:17', '2018-03-30 16:03:46', 0, 1, 1, 0, '01', '', '', '', '', '', '', '', '', '', '', '', '', 0, 'Sản phẩm 09', 'Ngoài tác dụng điều chỉnh ánh sáng cho căn phòng, rèm cửa (màn cửa) còn giữ ấm cho căn phòng khi mùa đông đến, hạn chế cái nóng của mùa hè, bụi và tiếng ồn bên ngoài. ', 'san-pham-09', 'Rèm vải', NULL, 'Vải bóng', 'Cổ điển', '3 năm', NULL, NULL, '164,164', '108,'),
(36, 'Sản phẩm 10', '', '<p>Ngo&agrave;i t&aacute;c dụng điều chỉnh &aacute;nh s&aacute;ng cho căn ph&ograve;ng, r&egrave;m cửa (m&agrave;n cửa) c&ograve;n giữ ấm cho căn ph&ograve;ng khi m&ugrave;a đ&ocirc;ng đến, hạn chế c&aacute;i n&oacute;ng của m&ugrave;a h&egrave;, bụi v&agrave; tiếng ồn b&ecirc;n ngo&agrave;i.&nbsp;</p>\r\n', '', '', '<h3>M&Ocirc; TẢ SẢN PHẨM</h3>\r\n\r\n<p>Ngo&agrave;i t&aacute;c dụng điều chỉnh &aacute;nh s&aacute;ng cho căn ph&ograve;ng, r&egrave;m cửa (m&agrave;n cửa) c&ograve;n giữ ấm cho căn ph&ograve;ng khi m&ugrave;a đ&ocirc;ng đến, hạn chế c&aacute;i n&oacute;ng của m&ugrave;a h&egrave;, bụi v&agrave; tiếng ồn b&ecirc;n ngo&agrave;i. Kh&ocirc;ng chỉ c&oacute; thế, với kiểu d&aacute;ng v&agrave; m&agrave;u sắc th&iacute;ch hợp,&nbsp;r&egrave;m cửa&nbsp;c&ograve;n c&oacute; thể tạo khoảng kh&ocirc;ng ri&ecirc;ng tư hoặc th&ecirc;m ch&uacute;t vẻ đẹp sang trọng hay l&atilde;ng mạn cho căn ph&ograve;ng.<br />\r\n&nbsp;&nbsp;<br />\r\nChiếc r&egrave;m cửa kh&ocirc;ng chỉ đơn giản l&agrave; vật chắn s&aacute;ng hay tạo khoảng kh&ocirc;ng ri&ecirc;ng tư, n&oacute; c&ograve;n tạo cho mỗi căn ph&ograve;ng một ấn tượng v&agrave; cảm x&uacute;c kh&aacute;c nhau, t&ugrave;y theo c&aacute;ch chọn lựa của chủ nh&acirc;n.<br />\r\n&nbsp;&nbsp;<br />\r\nC&oacute; rất nhiều loại r&egrave;m kh&aacute;c nhau như r&egrave;m v&eacute;n,&nbsp;r&egrave;m roman&nbsp;(hay c&ograve;n gọi l&agrave; r&egrave;m xếp lớp), r&egrave;m cuốn, r&egrave;m l&aacute;,... Bạn cũng c&oacute; thể d&ugrave;ng r&egrave;m tr&uacute;c, r&egrave;m kim loại nhẹ, r&egrave;m bằng nhựa tổng hợp hay r&egrave;m giấy để trang tr&iacute; nh&agrave; cửa. Tuy nhi&ecirc;n, loại r&egrave;m phổ biến vẫn l&agrave; r&egrave;m vải v&igrave; t&iacute;nh năng dễ giặt tẩy, dễ lắp đặt, m&agrave;u v&agrave; kiểu phong ph&uacute;, hợp với nhiều phong c&aacute;ch nội thất.</p>\r\n\r\n<h3>CHẤT LIỆU</h3>\r\n\r\n<p>C&aacute;c loại vải may&nbsp;r&egrave;m cửa&nbsp;đang c&oacute; tr&ecirc;n thị trường rất đa dạng nhưng phần lớn l&agrave; cotton, polyester. Chất liệu thun, ren gần như kh&ocirc;ng c&ograve;n được ưa chuộng nữa v&igrave; dễ b&aacute;m bụi, mau bị sờn. &ETH;ược nhiều người chọn nhất vẫn l&agrave; c&aacute;c loại vải 65% cotton - 35% polyester hay loại 52% cotton - 48% polyester với nhiều nguồn gốc xuất xứ như Trung Quốc, H&agrave;n Quốc, Anh, Indonesia, Nga v&agrave; h&agrave;ng Việt Nam. Thị trường vải may r&egrave;m cửa kh&aacute; đa dạng với h&agrave;ng trăm mẫu hoa văn v&agrave; m&agrave;u sắc kh&aacute;c nhau. C&aacute;c loại r&egrave;m cửa bằng vải cotton, bố gấm, bố th&ocirc;, vải c&oacute; chất liệu chống thấm v&agrave; &iacute;t b&aacute;m bụi với c&aacute;c hoa văn đơn giản, c&aacute;c loại c&oacute; b&ocirc;ng ở ch&acirc;n may theo nếp gấp, li ống, li đứng đang được nhiều người ưa chuộng. C&aacute;c loại&nbsp;r&egrave;m&nbsp;cửa may theo kiểu b&egrave;o s&ograve; hay c&aacute;c kiểu rườm r&agrave; của một hai năm về trước đ&atilde; kh&ocirc;ng c&ograve;n được ưa chuộng. Xu hướng mới nhất năm nay l&agrave; dựa theo c&aacute;c mẫu đơn giản c&oacute; trong catologue nước ngo&agrave;i. Mẫu đang b&aacute;n chạy l&agrave; mẫu m&agrave;u kem với c&aacute;c hoa văn đơn giản. C&aacute;c loại hoa văn được xem l&agrave; mốt mới trong năm nay l&agrave; c&aacute;c h&igrave;nh lập thể, ca r&ocirc; v&agrave; c&aacute;c mẫu hoa nhỏ.</p>\r\n\r\n<h3>MẪU M&Atilde;, KIỂU D&Aacute;NG</h3>\r\n\r\n<p>Ch&uacute;ng t&ocirc;i rất đa dạng về kiểu d&aacute;ng, sản phẩm của&nbsp;r&egrave;m nghệ thuật d&ugrave; mang phong c&aacute;ch cổ điển, hiện đại hay được s&aacute;ng tạo&nbsp;ph&aacute; c&aacute;ch v&agrave; đầy ngẫu hứng vẫn lu&ocirc;n đem đến cho người sử dụng cảm gi&aacute;c th&iacute;ch th&uacute; v&agrave; h&agrave;i l&ograve;ng nhất. Ph&aacute;t huy s&aacute;ng tạo vượt mọi r&agrave;o cản r&egrave;m nghệ thuật l&agrave; đỉnh cao của những s&aacute;ng tạo kh&ocirc;ng giới hạn, ch&uacute;ng t&ocirc;i mong muốn mang đến những sản phẩm r&egrave;m cửa tốt nhất, rẻ nhất gi&uacute;p cho bữa cơm gia đ&igrave;nh th&ecirc;m đầm ấm, hạnh ph&uacute;c!</p>\r\n\r\n<p>&nbsp;</p>\r\n\r\n<p>&nbsp;</p>\r\n\r\n<p>Loại vải b&oacute;ng mượt, mềm mịn đem lại vẻ sang trọng như nhung, gấm, đũi, lụa, voan... thường một m&agrave;u hoặc mang hoa văn, hoạ tiết ch&igrave;m, trang nh&atilde;, hợp với ph&ograve;ng kh&aacute;ch. Những loại vải bề mặt th&ocirc; r&aacute;p cho cảm gi&aacute;c th&acirc;n mật, gần gũi thi&ecirc;n nhi&ecirc;n lại k&eacute;n phong c&aacute;ch b&agrave;i tr&iacute; như vải bạt, bố, th&ocirc;, thổ cẩm... chỉ n&ecirc;n sử dụng trong ph&ograve;ng b&agrave;y đồ đạc m&acirc;y, tre, gỗ mộc, thảm l&ocirc;ng th&uacute;. Vải b&ocirc;ng, lanh c&oacute; nhiều m&agrave;u hoa văn, hợp với nội thất b&igrave;nh thường, nhất l&agrave; ph&ograve;ng trẻ em, ph&ograve;ng ăn, ph&ograve;ng giải tr&iacute;...<br />\r\n<br />\r\nR&egrave;m (m&agrave;n) m&ugrave;a h&egrave; thường l&agrave; những loại&nbsp;r&egrave;m&nbsp;(m&agrave;n) c&oacute; chất liệu nhẹ nh&agrave;ng như: vải th&ocirc; mỏng, voan, lụa, lanh... c&ograve;n r&egrave;m m&ugrave;a đ&ocirc;ng lại cần tạo sự ấm &aacute;p, n&ecirc;n chất liệu chủ yếu l&agrave; nhung, gấm, th&ocirc; dầy v&agrave; thổ cẩm. Tuy nhi&ecirc;n l&agrave; m&ugrave;a đ&ocirc;ng hay m&ugrave;a h&egrave; việc lựa chọn chất liệu cũng phụ thuộc rất nhiều v&agrave;o mức độ chắn s&aacute;ng của &ocirc; cửa trong nh&agrave;.</p>\r\n\r\n<h3>GI&Aacute; TH&Agrave;NH</h3>\r\n\r\n<p>G&iacute;a:</p>\r\n\r\n<p>&nbsp;Khoảng 760.000đ/ 1m ngang ho&agrave;n thiện trở l&ecirc;n (bao gồm c&ocirc;ng, phụ kiện lắp đặt,&nbsp;</p>\r\n\r\n<h3>BẢO QUẢN V&Agrave; SỬ DỤNG</h3>\r\n', '', '', 7600000, 10, 0, 'p10.jpg', '[]', '2017-05-22 00:05:50', '2018-03-28 11:03:55', 0, 0, 0, 0, '01', '', '', '', '', '', '', '', '', '', '', '', '', 0, 'Sản phẩm 10', 'Ngoài tác dụng điều chỉnh ánh sáng cho căn phòng, rèm cửa (màn cửa) còn giữ ấm cho căn phòng khi mùa đông đến, hạn chế cái nóng của mùa hè, bụi và tiếng ồn bên ngoài. ', 'san-pham-10', 'Rèm vải', NULL, 'Vải bóng', 'Cổ điển', '3 năm', 4, NULL, '164,164', ''),
(37, 'Sản phẩm 15', '', '<p>Giấy d&aacute;n tường&nbsp;&nbsp;là m&ocirc;̣t loại v&acirc;̣t li&ecirc;̣u trang trí đang r&acirc;́t được ưa chu&ocirc;̣ng trong mọi loại hình ki&ecirc;́n trúc tr&ecirc;n khắp th&ecirc;́ giới. Ở Vi&ecirc;̣t Nam thì các loại gi&acirc;́y dán tường cao c&acirc;́p chủ y&ecirc;́u được nh&acirc;̣p từ nước ngoài trong đó có loại gi&acirc;́y dán tường Hàn Qu&ocirc;́c đang được ưa chu&ocirc;̣ng nh&acirc;́t.</p>\r\n', '', '', '<div>\r\n<h3>M&Ocirc; TẢ SẢN PHẨM</h3>\r\n\r\n<div>\r\n<div>\r\n<div>\r\n<p>Giấy d&aacute;n tường&nbsp;&nbsp;là m&ocirc;̣t loại v&acirc;̣t li&ecirc;̣u trang trí đang r&acirc;́t được ưa chu&ocirc;̣ng trong mọi loại hình ki&ecirc;́n trúc tr&ecirc;n khắp th&ecirc;́ giới. Ở Vi&ecirc;̣t Nam thì các loại gi&acirc;́y dán tường cao c&acirc;́p chủ y&ecirc;́u được nh&acirc;̣p từ nước ngoài trong đó có loại gi&acirc;́y dán tường Hàn Qu&ocirc;́c đang được ưa chu&ocirc;̣ng nh&acirc;́t. Có lẽ sự ảnh hưởng của văn hóa Hàn là m&ocirc;̣t trong những lý do làm người Vi&ecirc;̣t ngày càng chu&ocirc;̣ng các sản ph&acirc;̉m từ của Hàn. Tuy nhi&ecirc;n kh&ocirc;ng th&ecirc;̉ phủ nh&acirc;̣n được ch&acirc;́t lượng của các sản ph&acirc;̉m Hàn Qu&ocirc;́c chính hãng có mặt tr&ecirc;n thị trường Vi&ecirc;̣t Nam.B&ecirc;̀ mặt gi&acirc;́y được phủ m&ocirc;̣t lớp vinyl giúp gi&acirc;́y ch&ocirc;́ng xước, ch&ocirc;́ng th&acirc;́m. Bạn có th&ecirc;̉ d&ecirc;̃ dàng sử dụng khăn &acirc;̉m đ&ecirc;̉ làm sạch b&ecirc;̀ mặt gi&acirc;́y hàng ngày mà kh&ocirc;ng lo gi&acirc;́y bị th&acirc;́m ướt, &acirc;̉m m&ocirc;́c</p>\r\n\r\n<p>B&ecirc;̀n màu, có khả năng chịu được các ch&acirc;́t ki&ecirc;̀m và axit.</p>\r\n\r\n<p>Màu sắc đa dạng phù hợp với mọi kh&ocirc;ng gian ki&ecirc;́n trúc. Với gi&acirc;́y dán tường Hàn Qu&ocirc;́c bạn có th&ecirc;̉ thoải mái sáng tạo n&ecirc;n những kh&ocirc;ng gian mà bạn thích có th&ecirc;̉ là m&ocirc;̣t kh&ocirc;ng gian c&acirc;̀n sự sang trọng tinh t&ecirc;́, m&ocirc;̣t kh&ocirc;ng gian lãng mạn, cá tính hay đơn giảnlà m&ocirc;̣t kh&ocirc;ng gian có chút tinh nghịch trẻ thơ.</p>\r\n\r\n<p>Giấy d&aacute;n tường H&agrave;n Quốc&nbsp;có th&ecirc;̉ giúp bạn tạo n&ecirc;n m&ocirc;̣t kh&ocirc;ng gian hoàn toàn mới mẻ cho ng&ocirc;i nhà của bạn. Đ&ocirc;i khi thay đ&ocirc;̉i m&ocirc;̣t chút kh&ocirc;ng gian s&ocirc;́ng từ chính những bức tường cuả ng&ocirc;i nhà có th&ecirc;̉ giúp những thành vi&ecirc;n trong gia đình của bạn xích lại g&acirc;̀n nhau hơn.</p>\r\n</div>\r\n</div>\r\n</div>\r\n</div>\r\n\r\n<div>\r\n<h3>CHẤT LIỆU</h3>\r\n</div>\r\n\r\n<div>\r\n<h3>MẪU M&Atilde;, KIỂU D&Aacute;NG</h3>\r\n\r\n<div>\r\n<div>\r\n<div>\r\n<p>Khổ giấy 1,06 m X 15,6 m=16,5m2</p>\r\n</div>\r\n</div>\r\n</div>\r\n</div>\r\n\r\n<div>\r\n<h3>GI&Aacute; TH&Agrave;NH</h3>\r\n\r\n<div>\r\n<div>\r\n<div>\r\n<p>Giao động từ 1,150,000-1,450,000/cuộn</p>\r\n\r\n<p>hoặc 110,000-135,000/m2</p>\r\n</div>\r\n</div>\r\n</div>\r\n</div>\r\n\r\n<div>\r\n<h3>BẢO QUẢN V&Agrave; SỬ DỤNG</h3>\r\n</div>\r\n', '', '', 135000, 0, 0, 'p5.jpg', '[\"{\\\"image\\\":\\\"7_12.jpg\\\"}\",\"{\\\"image\\\":\\\"7_8.jpg\\\"}\",\"{\\\"image\\\":\\\"7_6.jpg\\\"}\",\"{\\\"image\\\":\\\"7_5.jpg\\\"}\",\"{\\\"image\\\":\\\"7_3_0.jpg\\\"}\"]', '2017-05-22 00:05:55', '2017-12-03 16:12:50', 0, 1, 1, 0, '01', '', '', '', '', '', '', '', '', '', '', '', '', 0, 'Sản phẩm 15', 'Giấy dán tường  là một loại vật liệu trang trí đang rất được ưa chuộng trong mọi loại hình kiến trúc trên khắp thế giới. Ở Việt Nam thì các loại giấy dán tường cao cấp chủ yếu được nhập từ nước ngoài trong đó có loại giấy dán tường Hàn Quốc đang được ưa chuộng nhất.', 'san-pham-15', '4u-1', NULL, 'Giấy dán', 'Khổ đứng', '5 năm', NULL, NULL, '164,164', ''),
(38, 'Sản phẩm 14', '', '<p>Giấy d&aacute;n tường&nbsp;&nbsp;là m&ocirc;̣t loại v&acirc;̣t li&ecirc;̣u trang trí đang r&acirc;́t được ưa chu&ocirc;̣ng trong mọi loại hình ki&ecirc;́n trúc tr&ecirc;n khắp th&ecirc;́ giới. Ở Vi&ecirc;̣t Nam thì các loại gi&acirc;́y dán tường cao c&acirc;́p chủ y&ecirc;́u được nh&acirc;̣p từ nước ngoài trong đó có loại gi&acirc;́y dán tường Hàn Qu&ocirc;́c đang được ưa chu&ocirc;̣ng nh&acirc;́t.</p>\r\n', '', '', '<h3>M&Ocirc; TẢ SẢN PHẨM</h3>\r\n\r\n<p>Giấy d&aacute;n tường&nbsp;&nbsp;là m&ocirc;̣t loại v&acirc;̣t li&ecirc;̣u trang trí đang r&acirc;́t được ưa chu&ocirc;̣ng trong mọi loại hình ki&ecirc;́n trúc tr&ecirc;n khắp th&ecirc;́ giới. Ở Vi&ecirc;̣t Nam thì các loại gi&acirc;́y dán tường cao c&acirc;́p chủ y&ecirc;́u được nh&acirc;̣p từ nước ngoài trong đó có loại gi&acirc;́y dán tường Hàn Qu&ocirc;́c đang được ưa chu&ocirc;̣ng nh&acirc;́t. Có lẽ sự ảnh hưởng của văn hóa Hàn là m&ocirc;̣t trong những lý do làm người Vi&ecirc;̣t ngày càng chu&ocirc;̣ng các sản ph&acirc;̉m từ của Hàn. Tuy nhi&ecirc;n kh&ocirc;ng th&ecirc;̉ phủ nh&acirc;̣n được ch&acirc;́t lượng của các sản ph&acirc;̉m Hàn Qu&ocirc;́c chính hãng có mặt tr&ecirc;n thị trường Vi&ecirc;̣t Nam.B&ecirc;̀ mặt gi&acirc;́y được phủ m&ocirc;̣t lớp vinyl giúp gi&acirc;́y ch&ocirc;́ng xước, ch&ocirc;́ng th&acirc;́m. Bạn có th&ecirc;̉ d&ecirc;̃ dàng sử dụng khăn &acirc;̉m đ&ecirc;̉ làm sạch b&ecirc;̀ mặt gi&acirc;́y hàng ngày mà kh&ocirc;ng lo gi&acirc;́y bị th&acirc;́m ướt, &acirc;̉m m&ocirc;́c</p>\r\n\r\n<p>B&ecirc;̀n màu, có khả năng chịu được các ch&acirc;́t ki&ecirc;̀m và axit.</p>\r\n\r\n<p>Màu sắc đa dạng phù hợp với mọi kh&ocirc;ng gian ki&ecirc;́n trúc. Với gi&acirc;́y dán tường Hàn Qu&ocirc;́c bạn có th&ecirc;̉ thoải mái sáng tạo n&ecirc;n những kh&ocirc;ng gian mà bạn thích có th&ecirc;̉ là m&ocirc;̣t kh&ocirc;ng gian c&acirc;̀n sự sang trọng tinh t&ecirc;́, m&ocirc;̣t kh&ocirc;ng gian lãng mạn, cá tính hay đơn giảnlà m&ocirc;̣t kh&ocirc;ng gian có chút tinh nghịch trẻ thơ.</p>\r\n\r\n<p>Giấy d&aacute;n tường H&agrave;n Quốc&nbsp;có th&ecirc;̉ giúp bạn tạo n&ecirc;n m&ocirc;̣t kh&ocirc;ng gian hoàn toàn mới mẻ cho ng&ocirc;i nhà của bạn. Đ&ocirc;i khi thay đ&ocirc;̉i m&ocirc;̣t chút kh&ocirc;ng gian s&ocirc;́ng từ chính những bức tường cuả ng&ocirc;i nhà có th&ecirc;̉ giúp những thành vi&ecirc;n trong gia đình của bạn xích lại g&acirc;̀n nhau hơn.</p>\r\n\r\n<h3>CHẤT LIỆU</h3>\r\n\r\n<h3>MẪU M&Atilde;, KIỂU D&Aacute;NG</h3>\r\n\r\n<p>Khổ giấy 1,06 m X 15,6 m=16,5m2</p>\r\n\r\n<h3>GI&Aacute; TH&Agrave;NH</h3>\r\n\r\n<p>Giao động từ 1,150,000-1,450,000/cuộn</p>\r\n\r\n<p>hoặc 110,000-135,000/m2</p>\r\n\r\n<h3>BẢO QUẢN V&Agrave; SỬ DỤNG</h3>\r\n', '', '', 135000, 0, 0, 'p4.jpg', '[]', '2017-05-22 00:05:39', '2018-03-30 10:03:10', 0, 1, 1, 0, '01', '', '', '', '', '', '', '', '', '', '', '', '', 0, 'Sản phẩm 14', 'Giấy dán tường  là một loại vật liệu trang trí đang rất được ưa chuộng trong mọi loại hình kiến trúc trên khắp thế giới. Ở Việt Nam thì các loại giấy dán tường cao cấp chủ yếu được nhập từ nước ngoài trong đó có loại giấy dán tường Hàn Quốc đang được ưa chuộng nhất.', 'san-pham-14', '4u-2', NULL, 'Giấy dán', 'Khổ đứng', '5 năm', NULL, NULL, '164,164', ''),
(65, 'Sản phẩm 11', '', '<p>L&uacute;c 11 giờ 45 ph&uacute;t ng&agrave;y, h&agrave;ng loạt t&agrave;i xế c&ugrave;ng mang tiền mệnh gi&aacute; thấp v&agrave; mệnh gi&aacute; cao để qua trạm BOT Cai Lậy. Ban đầu, một t&agrave;i xế đi xe c&oacute; BKS tỉnh Cần Thơ đ&atilde; đưa nhiều tờ tiền mệnh gi&aacute; thấp, tổng số tiền l&agrave; 25.100 đồng.</p>\r\n\r\n<p>Sau đ&oacute;, nh&acirc;n vi&ecirc;n thối lại 200 đồng. T&agrave;i xế n&agrave;y kh&ocirc;ng đồng &yacute; nhận tiền dư, y&ecirc;u cầu nh&acirc;n vi&ecirc;n phải đưa đ&uacute;ng 100 đồng. Ngo&agrave;i ra, c&oacute; một số t&agrave;i xế đưa tiền mệnh gi&aacute; 500.000 đồng.</p>\r\n\r\n<p>Thấy &ugrave;n tắc, CSGT đ&atilde; y&ecirc;u cầu t&agrave;i xế ra khu vực đưa tiền lẻ. Tuy nhi&ecirc;n, t&agrave;i xế kh&ocirc;ng chịu n&ecirc;n xe cẩu đ&atilde; được huy động đưa xe đi. Sau đ&oacute;, đơn vị quản l&yacute; đ&atilde; phải xả trạm.</p>\r\n\r\n<p>Đại t&aacute; Trương Văn S&aacute;ng, Trưởng C&ocirc;ng an huyện Cai Lậy, cho biết việc tăng cường lực lượng chức năng để tr&aacute;nh t&igrave;nh trạng g&acirc;y rối hoặc &ugrave;n tắc giao th&ocirc;ng. Về việc t&agrave;i xế đưa tiền mệnh gi&aacute; cao hoặc mệnh gi&aacute; thấp th&igrave; c&ocirc;ng an kh&ocirc;ng xử l&yacute;.</p>\r\n\r\n<p><strong>C&ocirc;ng an l&agrave;m việc hai với bảo mẫu bạo h&agrave;nh trẻ</strong></p>\r\n\r\n<p>Ng&agrave;y 29/11, Đại t&aacute; Đo&agrave;n Văn Ph&uacute;c, Trưởng C&ocirc;ng an quận 12 (TP.Hồ Ch&iacute; Minh) cho biết, li&ecirc;n quan đến vụ việc những bảo mẫu ở cơ sở mầm non Mầm Xanh h&agrave;nh hạ trẻ em, bảo mẫu Nguyễn Thị Đ&agrave;o (23 tuổi) đ&atilde; đến c&ocirc;ng an quận 12 tr&igrave;nh diện.</p>\r\n', '', '', '<p>L&uacute;c 11 giờ 45 ph&uacute;t ng&agrave;y, h&agrave;ng loạt t&agrave;i xế c&ugrave;ng mang tiền mệnh gi&aacute; thấp v&agrave; mệnh gi&aacute; cao để qua trạm BOT Cai Lậy. Ban đầu, một t&agrave;i xế đi xe c&oacute; BKS tỉnh Cần Thơ đ&atilde; đưa nhiều tờ tiền mệnh gi&aacute; thấp, tổng số tiền l&agrave; 25.100 đồng.</p>\r\n\r\n<p>Sau đ&oacute;, nh&acirc;n vi&ecirc;n thối lại 200 đồng. T&agrave;i xế n&agrave;y kh&ocirc;ng đồng &yacute; nhận tiền dư, y&ecirc;u cầu nh&acirc;n vi&ecirc;n phải đưa đ&uacute;ng 100 đồng. Ngo&agrave;i ra, c&oacute; một số t&agrave;i xế đưa tiền mệnh gi&aacute; 500.000 đồng.</p>\r\n\r\n<p>Thấy &ugrave;n tắc, CSGT đ&atilde; y&ecirc;u cầu t&agrave;i xế ra khu vực đưa tiền lẻ. Tuy nhi&ecirc;n, t&agrave;i xế kh&ocirc;ng chịu n&ecirc;n xe cẩu đ&atilde; được huy động đưa xe đi. Sau đ&oacute;, đơn vị quản l&yacute; đ&atilde; phải xả trạm.</p>\r\n\r\n<p>Đại t&aacute; Trương Văn S&aacute;ng, Trưởng C&ocirc;ng an huyện Cai Lậy, cho biết việc tăng cường lực lượng chức năng để tr&aacute;nh t&igrave;nh trạng g&acirc;y rối hoặc &ugrave;n tắc giao th&ocirc;ng. Về việc t&agrave;i xế đưa tiền mệnh gi&aacute; cao hoặc mệnh gi&aacute; thấp th&igrave; c&ocirc;ng an kh&ocirc;ng xử l&yacute;.</p>\r\n\r\n<p><strong>C&ocirc;ng an l&agrave;m việc hai với bảo mẫu bạo h&agrave;nh trẻ</strong></p>\r\n\r\n<p>Ng&agrave;y 29/11, Đại t&aacute; Đo&agrave;n Văn Ph&uacute;c, Trưởng C&ocirc;ng an quận 12 (TP.Hồ Ch&iacute; Minh) cho biết, li&ecirc;n quan đến vụ việc những bảo mẫu ở cơ sở mầm non Mầm Xanh h&agrave;nh hạ trẻ em, bảo mẫu Nguyễn Thị Đ&agrave;o (23 tuổi) đ&atilde; đến c&ocirc;ng an quận 12 tr&igrave;nh diện.</p>\r\n', '', '', 0, 0, 0, 'p1.jpg', '[]', '2017-11-30 20:11:47', '2018-03-30 10:03:01', 0, 1, 0, 0, '', '', '', '', '', '', '', '', '', '', '', '', '', 0, 'Sản phẩm 11', '', 'san-pham-11', '', 1, '', '', '', NULL, NULL, '177,164,164', ''),
(66, 'Sản phẩm 12', '', '<p>L&uacute;c 11 giờ 45 ph&uacute;t ng&agrave;y, h&agrave;ng loạt t&agrave;i xế c&ugrave;ng mang tiền mệnh gi&aacute; thấp v&agrave; mệnh gi&aacute; cao để qua trạm BOT Cai Lậy. Ban đầu, một t&agrave;i xế đi xe c&oacute; BKS tỉnh Cần Thơ đ&atilde; đưa nhiều tờ tiền mệnh gi&aacute; thấp, tổng số tiền l&agrave; 25.100 đồng.</p>\r\n\r\n<p>Sau đ&oacute;, nh&acirc;n vi&ecirc;n thối lại 200 đồng. T&agrave;i xế n&agrave;y kh&ocirc;ng đồng &yacute; nhận tiền dư, y&ecirc;u cầu nh&acirc;n vi&ecirc;n phải đưa đ&uacute;ng 100 đồng. Ngo&agrave;i ra, c&oacute; một số t&agrave;i xế đưa tiền mệnh gi&aacute; 500.000 đồng.</p>\r\n\r\n<p>Thấy &ugrave;n tắc, CSGT đ&atilde; y&ecirc;u cầu t&agrave;i xế ra khu vực đưa tiền lẻ. Tuy nhi&ecirc;n, t&agrave;i xế kh&ocirc;ng chịu n&ecirc;n xe cẩu đ&atilde; được huy động đưa xe đi. Sau đ&oacute;, đơn vị quản l&yacute; đ&atilde; phải xả trạm.</p>\r\n\r\n<p>Đại t&aacute; Trương Văn S&aacute;ng, Trưởng C&ocirc;ng an huyện Cai Lậy, cho biết việc tăng cường lực lượng chức năng để tr&aacute;nh t&igrave;nh trạng g&acirc;y rối hoặc &ugrave;n tắc giao th&ocirc;ng. Về việc t&agrave;i xế đưa tiền mệnh gi&aacute; cao hoặc mệnh gi&aacute; thấp th&igrave; c&ocirc;ng an kh&ocirc;ng xử l&yacute;.</p>\r\n\r\n<p><strong>C&ocirc;ng an l&agrave;m việc hai với bảo mẫu bạo h&agrave;nh trẻ</strong></p>\r\n\r\n<p>Ng&agrave;y 29/11, Đại t&aacute; Đo&agrave;n Văn Ph&uacute;c, Trưởng C&ocirc;ng an quận 12 (TP.Hồ Ch&iacute; Minh) cho biết, li&ecirc;n quan đến vụ việc những bảo mẫu ở cơ sở mầm non Mầm Xanh h&agrave;nh hạ trẻ em, bảo mẫu Nguyễn Thị Đ&agrave;o (23 tuổi) đ&atilde; đến c&ocirc;ng an quận 12 tr&igrave;nh diện.</p>\r\n', '', '', '<p>L&uacute;c 11 giờ 45 ph&uacute;t ng&agrave;y, h&agrave;ng loạt t&agrave;i xế c&ugrave;ng mang tiền mệnh gi&aacute; thấp v&agrave; mệnh gi&aacute; cao để qua trạm BOT Cai Lậy. Ban đầu, một t&agrave;i xế đi xe c&oacute; BKS tỉnh Cần Thơ đ&atilde; đưa nhiều tờ tiền mệnh gi&aacute; thấp, tổng số tiền l&agrave; 25.100 đồng.</p>\r\n\r\n<p>Sau đ&oacute;, nh&acirc;n vi&ecirc;n thối lại 200 đồng. T&agrave;i xế n&agrave;y kh&ocirc;ng đồng &yacute; nhận tiền dư, y&ecirc;u cầu nh&acirc;n vi&ecirc;n phải đưa đ&uacute;ng 100 đồng. Ngo&agrave;i ra, c&oacute; một số t&agrave;i xế đưa tiền mệnh gi&aacute; 500.000 đồng.</p>\r\n\r\n<p>Thấy &ugrave;n tắc, CSGT đ&atilde; y&ecirc;u cầu t&agrave;i xế ra khu vực đưa tiền lẻ. Tuy nhi&ecirc;n, t&agrave;i xế kh&ocirc;ng chịu n&ecirc;n xe cẩu đ&atilde; được huy động đưa xe đi. Sau đ&oacute;, đơn vị quản l&yacute; đ&atilde; phải xả trạm.</p>\r\n\r\n<p>Đại t&aacute; Trương Văn S&aacute;ng, Trưởng C&ocirc;ng an huyện Cai Lậy, cho biết việc tăng cường lực lượng chức năng để tr&aacute;nh t&igrave;nh trạng g&acirc;y rối hoặc &ugrave;n tắc giao th&ocirc;ng. Về việc t&agrave;i xế đưa tiền mệnh gi&aacute; cao hoặc mệnh gi&aacute; thấp th&igrave; c&ocirc;ng an kh&ocirc;ng xử l&yacute;.</p>\r\n\r\n<p><strong>C&ocirc;ng an l&agrave;m việc hai với bảo mẫu bạo h&agrave;nh trẻ</strong></p>\r\n\r\n<p>Ng&agrave;y 29/11, Đại t&aacute; Đo&agrave;n Văn Ph&uacute;c, Trưởng C&ocirc;ng an quận 12 (TP.Hồ Ch&iacute; Minh) cho biết, li&ecirc;n quan đến vụ việc những bảo mẫu ở cơ sở mầm non Mầm Xanh h&agrave;nh hạ trẻ em, bảo mẫu Nguyễn Thị Đ&agrave;o (23 tuổi) đ&atilde; đến c&ocirc;ng an quận 12 tr&igrave;nh diện.</p>\r\n', '', '', 0, 0, 0, 'p2.jpg', '[]', '2017-11-30 20:11:11', '2018-03-30 10:03:53', 0, 1, 0, 0, '', '', '', '', '', '', '', '', '', '', '', '', '', 0, 'Sản phẩm 12', '', 'san-pham-12', '', 1, '', '', '', NULL, NULL, '164,164', ''),
(67, 'Sản phẩm 13', '', '<p>L&uacute;c 11 giờ 45 ph&uacute;t ng&agrave;y, h&agrave;ng loạt t&agrave;i xế c&ugrave;ng mang tiền mệnh gi&aacute; thấp v&agrave; mệnh gi&aacute; cao để qua trạm BOT Cai Lậy. Ban đầu, một t&agrave;i xế đi xe c&oacute; BKS tỉnh Cần Thơ đ&atilde; đưa nhiều tờ tiền mệnh gi&aacute; thấp, tổng số tiền l&agrave; 25.100 đồng.</p>\r\n\r\n<p>Sau đ&oacute;, nh&acirc;n vi&ecirc;n thối lại 200 đồng. T&agrave;i xế n&agrave;y kh&ocirc;ng đồng &yacute; nhận tiền dư, y&ecirc;u cầu nh&acirc;n vi&ecirc;n phải đưa đ&uacute;ng 100 đồng. Ngo&agrave;i ra, c&oacute; một số t&agrave;i xế đưa tiền mệnh gi&aacute; 500.000 đồng.</p>\r\n\r\n<p>Thấy &ugrave;n tắc, CSGT đ&atilde; y&ecirc;u cầu t&agrave;i xế ra khu vực đưa tiền lẻ. Tuy nhi&ecirc;n, t&agrave;i xế kh&ocirc;ng chịu n&ecirc;n xe cẩu đ&atilde; được huy động đưa xe đi. Sau đ&oacute;, đơn vị quản l&yacute; đ&atilde; phải xả trạm.</p>\r\n\r\n<p style=\"text-align:center\"><img alt=\"\" height=\"257\" src=\"/image/images/2018-02-06%2016_22_51-Boniza.png\" width=\"600\" /></p>\r\n\r\n<p>Đại t&aacute; Trương Văn S&aacute;ng, Trưởng C&ocirc;ng an huyện Cai Lậy, cho biết việc tăng cường lực lượng chức năng để tr&aacute;nh t&igrave;nh trạng g&acirc;y rối hoặc &ugrave;n tắc giao th&ocirc;ng. Về việc t&agrave;i xế đưa tiền mệnh gi&aacute; cao hoặc mệnh gi&aacute; thấp th&igrave; c&ocirc;ng an kh&ocirc;ng xử l&yacute;.</p>\r\n\r\n<p><strong>C&ocirc;ng an l&agrave;m việc hai với bảo mẫu bạo h&agrave;nh trẻ</strong></p>\r\n\r\n<p>Ng&agrave;y 29/11, Đại t&aacute; Đo&agrave;n Văn Ph&uacute;c, Trưởng C&ocirc;ng an quận 12 (TP.Hồ Ch&iacute; Minh) cho biết, li&ecirc;n quan đến vụ việc những bảo mẫu ở cơ sở mầm non Mầm Xanh h&agrave;nh hạ trẻ em, bảo mẫu Nguyễn Thị Đ&agrave;o (23 tuổi) đ&atilde; đến c&ocirc;ng an quận 12 tr&igrave;nh diện.</p>\r\n', '', '', '<p>L&uacute;c 11 giờ 45 ph&uacute;t ng&agrave;y, h&agrave;ng loạt t&agrave;i xế c&ugrave;ng mang tiền mệnh gi&aacute; thấp v&agrave; mệnh gi&aacute; cao để qua trạm BOT Cai Lậy. Ban đầu, một t&agrave;i xế đi xe c&oacute; BKS tỉnh Cần Thơ đ&atilde; đưa nhiều tờ tiền mệnh gi&aacute; thấp, tổng số tiền l&agrave; 25.100 đồng.</p>\r\n\r\n<p>Sau đ&oacute;, nh&acirc;n vi&ecirc;n thối lại 200 đồng. T&agrave;i xế n&agrave;y kh&ocirc;ng đồng &yacute; nhận tiền dư, y&ecirc;u cầu nh&acirc;n vi&ecirc;n phải đưa đ&uacute;ng 100 đồng. Ngo&agrave;i ra, c&oacute; một số t&agrave;i xế đưa tiền mệnh gi&aacute; 500.000 đồng.</p>\r\n\r\n<p style=\"text-align:center\"><img alt=\"\" height=\"257\" src=\"/image/images/2018-02-06%2016_22_51-Boniza(1).png\" width=\"600\" /></p>\r\n\r\n<p>Thấy &ugrave;n tắc, CSGT đ&atilde; y&ecirc;u cầu t&agrave;i xế ra khu vực đưa tiền lẻ. Tuy nhi&ecirc;n, t&agrave;i xế kh&ocirc;ng chịu n&ecirc;n xe cẩu đ&atilde; được huy động đưa xe đi. Sau đ&oacute;, đơn vị quản l&yacute; đ&atilde; phải xả trạm.</p>\r\n\r\n<p>Đại t&aacute; Trương Văn S&aacute;ng, Trưởng C&ocirc;ng an huyện Cai Lậy, cho biết việc tăng cường lực lượng chức năng để tr&aacute;nh t&igrave;nh trạng g&acirc;y rối hoặc &ugrave;n tắc giao th&ocirc;ng. Về việc t&agrave;i xế đưa tiền mệnh gi&aacute; cao hoặc mệnh gi&aacute; thấp th&igrave; c&ocirc;ng an kh&ocirc;ng xử l&yacute;.</p>\r\n\r\n<p><strong>C&ocirc;ng an l&agrave;m việc hai với bảo mẫu bạo h&agrave;nh trẻ</strong></p>\r\n\r\n<p>Ng&agrave;y 29/11, Đại t&aacute; Đo&agrave;n Văn Ph&uacute;c, Trưởng C&ocirc;ng an quận 12 (TP.Hồ Ch&iacute; Minh) cho biết, li&ecirc;n quan đến vụ việc những bảo mẫu ở cơ sở mầm non Mầm Xanh h&agrave;nh hạ trẻ em, bảo mẫu Nguyễn Thị Đ&agrave;o (23 tuổi) đ&atilde; đến c&ocirc;ng an quận 12 tr&igrave;nh diện.</p>\r\n', '', '', 5000, 0, 0, 'p3.jpg', '[\"{\\\"image\\\":\\\"p1.jpg\\\"}\",\"{\\\"image\\\":\\\"p9.jpg\\\"}\",\"{\\\"image\\\":\\\"p10.jpg\\\"}\"]', '2017-11-30 20:11:55', '2018-03-30 16:03:58', 0, 1, 0, 0, '', '', '', '', '', '', '', '', '', '', '', '', '', 0, 'Sản phẩm 13', '', 'san-pham-13', '', 1, '', '', '', NULL, NULL, '164,164', '108,107,');

-- --------------------------------------------------------

--
-- Cấu trúc bảng cho bảng `productcat`
--

CREATE TABLE `productcat` (
  `productcat_id` int(11) NOT NULL,
  `productcat_name` text COLLATE utf8_unicode_ci,
  `productcat_des` text COLLATE utf8_unicode_ci,
  `productcat_content` text COLLATE utf8_unicode_ci,
  `productcat_parent` int(11) NOT NULL DEFAULT '0',
  `productcat_sort_order` int(11) NOT NULL DEFAULT '0',
  `productcat_img` text COLLATE utf8_unicode_ci,
  `productcat_created_date` datetime DEFAULT NULL,
  `productcat_update_date` datetime DEFAULT NULL,
  `productcat_sub_info1` text COLLATE utf8_unicode_ci,
  `productcat_sub_info2` text COLLATE utf8_unicode_ci,
  `productcat_sub_info3` text COLLATE utf8_unicode_ci,
  `productcat_sub_info4` text COLLATE utf8_unicode_ci,
  `productcat_sub_info5` text COLLATE utf8_unicode_ci,
  `state` int(11) NOT NULL DEFAULT '0',
  `title_seo` text COLLATE utf8_unicode_ci,
  `des_seo` text COLLATE utf8_unicode_ci,
  `friendly_url` text COLLATE utf8_unicode_ci,
  `keyword` text COLLATE utf8_unicode_ci,
  `created_id` int(11) DEFAULT NULL
) ENGINE=InnoDB DEFAULT CHARSET=utf8 COLLATE=utf8_unicode_ci;

--
-- Đang đổ dữ liệu cho bảng `productcat`
--

INSERT INTO `productcat` (`productcat_id`, `productcat_name`, `productcat_des`, `productcat_content`, `productcat_parent`, `productcat_sort_order`, `productcat_img`, `productcat_created_date`, `productcat_update_date`, `productcat_sub_info1`, `productcat_sub_info2`, `productcat_sub_info3`, `productcat_sub_info4`, `productcat_sub_info5`, `state`, `title_seo`, `des_seo`, `friendly_url`, `keyword`, `created_id`) VALUES
(163, 'Danh mục sản phẩm 1', '<p>M&ocirc; tả Danh mục sản phẩm 1</p>\r\n', '<p>Chi tiết danh mục sản phẩm 1</p>\r\n', 0, 0, 'p6.jpg', '2017-12-03 16:12:04', NULL, '', '', '', '', '', 1, 'Danh mục sản phẩm 1', '', 'danh-muc-san-pham-1', '', 1),
(164, 'Danh mục sản phẩm 2', '<p>M&ocirc; tả danh mục sản phẩm 2</p>\r\n', '<p>Chi tiết danh mục san phẩm 2</p>\r\n', 0, 0, 'p5.jpg', '2017-12-03 16:12:55', NULL, '', '', '', '', '', 1, 'Danh mục sản phẩm 2', '', 'danh-muc-san-pham-2', '', 1),
(165, 'Danh mục sản phẩm 3', '<p>M&ocirc; tả Danh mục sản phẩm 3</p>\r\n', '<p>Chi tiết danh mục sản phẩm 3</p>\r\n', 0, 0, 'p4.jpg', '2017-12-03 16:12:44', NULL, '', '', '', '', '', 1, 'Danh mục sản phẩm 3', '', 'danh-muc-san-pham-3', '', 1),
(166, 'Danh mục sản phẩm 4', '<p>M&ocirc; tả danh mục sản phẩm 4</p>\r\n', '<p>Chi tiết Danh mục sản phẩm 4</p>\r\n', 0, 0, 'p8.jpg', '2017-12-03 16:12:32', NULL, '', '', '', '', '', 1, 'Danh mục sản phẩm 4', '', 'danh-muc-san-pham-4', '', 1),
(167, 'Danh mục sản phẩm 5', '<p>M&ocirc; tả Danh mục sản phẩm 5</p>\r\n', '<p>Chi tiết Danh mục sản phẩm 5</p>\r\n', 0, 0, 'p2.jpg', '2017-12-03 16:12:27', NULL, '', '', '', '', '', 1, 'Danh mục sản phẩm 5', '', 'danh-muc-san-pham-5', '', 1),
(168, 'Danh mục sản phẩm 6', '<p>M&ocirc; tả Danh mục sản phẩm 6</p>\r\n', '<p>Chi tiết Danh muc sản phẩm 6</p>\r\n', 0, 1, 'p1.jpg', '2017-12-29 14:12:20', NULL, '', '', '', '', '', 1, 'Danh mục sản phẩm 6', '', 'danh-muc-san-pham-6', '', 1),
(169, 'Danh mục sản phẩm 4.1', '<p>M&ocirc; tả Danh muc sản phẩm 4.1</p>\r\n', '<p>Chi tiết Danh mục sản phẩm 4.2</p>\r\n', 166, 0, 'p3.jpg', '2017-12-03 16:12:33', NULL, '', '', '', '', '', 1, 'Danh mục sản phẩm 4.1', '', 'danh-muc-san-pham-41', '', 1),
(170, 'Danh mục sản phẩm 4.2', '<p>M&ocirc; tả danh mục sản phẩm 4.2</p>\r\n', '<p>Chi tiết Danh mục sản phẩm 4.2</p>\r\n', 166, 0, 'p2.jpg', '2017-12-03 16:12:22', NULL, '', '', '', '', '', 1, 'Danh mục sản phẩm 4.2', '', 'danh-muc-san-pham-42', '', 1),
(171, 'Danh mục sản phẩm 4.3', '<p>M&ocirc; tả Danh mục sản phẩm 4.3</p>\r\n', '<p>Chi tiết Danh mục sản phẩm 4.3</p>\r\n', 166, 0, 'p1.jpg', '2017-12-03 16:12:08', NULL, '', '', '', '', '', 1, 'Danh mục sản phẩm 4.3', '', 'danh-muc-san-pham-43', '', 1),
(172, 'Danh mục sản phẩm 4.4', '<p>M&ocirc; tả Danh s&aacute;ch sản phẩm 4.4</p>\r\n', '<p>Chi tiết Danh mục sản phẩm 4.4</p>\r\n', 166, 0, 'p10.jpg', '2017-12-03 16:12:55', NULL, '', '', '', '', '', 1, 'Danh mục sản phẩm 4.4', '', 'danh-muc-san-pham-44', '', 1),
(173, 'Danh mục sản phẩm 4.5', '<p>M&ocirc; tả Danh mục sản phẩm 4.5</p>\r\n', '<p>Chi tiết Danh mục sản phẩm 4.5</p>\r\n', 166, 0, 'p9.jpg', '2017-12-03 16:12:45', NULL, '', '', '', '', '', 1, 'Danh mục sản phẩm 4.5', '', 'danh-muc-san-pham-45', '', 1),
(174, 'Danh mục sản phẩm 5.1', '<p>M&ocirc; tả Danh mục sản phẩm 5.1</p>\r\n', '<p>Chi tiết Danh mục sản phẩm 5.1</p>\r\n', 167, 0, 'p7.jpg', '2017-12-03 16:12:20', NULL, '', '', '', '', '', 1, 'Danh mục sản phẩm 5.1', '', 'danh-muc-san-pham-51', '', 1),
(175, 'Danh mục sản phẩm 5.2', '<p>M&ocirc; tả Danh mục sản phẩm 5.2</p>\r\n', '<p>Chi tiết Danh mục sản phẩm 5.2</p>\r\n', 167, 0, 'p6.jpg', '2017-12-03 16:12:08', NULL, '', '', '', '', '', 1, 'Danh mục sản phẩm 5.2', '', 'danh-muc-san-pham-52', '', 1),
(176, 'Danh mục sản phẩm 5.3', '<p>M&ocirc; tả Danh mục sản phẩm 5.3</p>\r\n', '<p>Chi tiết Danh muc sản phẩm 5.3</p>\r\n', 167, 0, 'p5.jpg', '2017-12-03 16:12:57', NULL, '', '', '', '', '', 1, 'Danh mục sản phẩm 5.3', '', 'danh-muc-san-pham-53', '', 1),
(177, 'Danh mục sản phẩm 5.4', '<p>M&ocirc; tả Danh mục sản phẩm 5.4</p>\r\n', '<p>Chi tiết Sản phẩm 5.4</p>\r\n', 167, 0, 'p4.jpg', '2017-12-03 16:12:48', NULL, '', '', '', '', '', 1, 'Danh mục sản phẩm 5.4', '', 'danh-muc-san-pham-54', '', 1),
(178, 'Danh mục sản phẩm 5.5', '<p>M&ocirc; tả danh mục sản phẩm 5.5</p>\r\n', '<p>Chi tiết Danh muc sản phẩm 5.5</p>\r\n', 167, 0, 'p3.jpg', '2017-12-03 16:12:38', NULL, '', '', '', '', '', 1, 'Danh mục sản phẩm 5.5', '', 'danh-muc-san-pham-55', '', 1);

-- --------------------------------------------------------

--
-- Cấu trúc bảng cho bảng `productcat_languages`
--

CREATE TABLE `productcat_languages` (
  `id` bigint(20) NOT NULL,
  `productcat_id` int(11) DEFAULT NULL,
  `lang_productcat_name` text COLLATE utf8_unicode_ci,
  `languages_code` varchar(255) COLLATE utf8_unicode_ci DEFAULT NULL,
  `lang_productcat_des` text COLLATE utf8_unicode_ci,
  `lang_productcat_content` text COLLATE utf8_unicode_ci,
  `lang_productcat_sub_info1` text COLLATE utf8_unicode_ci,
  `lang_productcat_sub_info2` text COLLATE utf8_unicode_ci,
  `lang_productcat_sub_info3` text COLLATE utf8_unicode_ci,
  `lang_productcat_sub_info4` text COLLATE utf8_unicode_ci,
  `lang_productcat_sub_info5` text COLLATE utf8_unicode_ci,
  `edit_state` int(11) NOT NULL DEFAULT '0',
  `friendly_url` varchar(255) COLLATE utf8_unicode_ci DEFAULT NULL,
  `keyword` text COLLATE utf8_unicode_ci,
  `title_seo` varchar(255) COLLATE utf8_unicode_ci DEFAULT NULL,
  `des_seo` text COLLATE utf8_unicode_ci
) ENGINE=InnoDB DEFAULT CHARSET=utf8 COLLATE=utf8_unicode_ci;

--
-- Đang đổ dữ liệu cho bảng `productcat_languages`
--

INSERT INTO `productcat_languages` (`id`, `productcat_id`, `lang_productcat_name`, `languages_code`, `lang_productcat_des`, `lang_productcat_content`, `lang_productcat_sub_info1`, `lang_productcat_sub_info2`, `lang_productcat_sub_info3`, `lang_productcat_sub_info4`, `lang_productcat_sub_info5`, `edit_state`, `friendly_url`, `keyword`, `title_seo`, `des_seo`) VALUES
(311, 163, 'Danh mục sản phẩm 1', 'vn', '<p>M&ocirc; tả Danh mục sản phẩm 1</p>\r\n', '<p>Chi tiết danh mục sản phẩm 1</p>\r\n', '', '', '', '', '', 0, 'danh-muc-san-pham-1', '', 'Danh mục sản phẩm 1', ''),
(312, 163, 'Danh mục sản phẩm 1', 'en', '<p>M&ocirc; tả Danh mục sản phẩm 1</p>\r\n', '<p>Chi tiết danh mục sản phẩm 1</p>\r\n', '', '', '', '', '', 0, 'danh-muc-san-pham-1', '', 'Danh mục sản phẩm 1', ''),
(313, 164, 'Danh mục sản phẩm 2', 'vn', '<p>Mô tả danh mục sản phẩm 2</p>\r\n', '<p>Chi tiết danh mục san phẩm 2</p>\r\n', '', '', '', '', '', 1, 'danh-muc-san-pham-2', '', 'Danh mục sản phẩm 2', ''),
(314, 164, 'Category Product 2', 'en', '<p>Mô tả danh mục sản phẩm 2</p>\r\n', '<p>Chi tiết danh mục san phẩm 2</p>\r\n', '', '', '', '', '', 1, 'category-product-2', '', 'Danh mục sản phẩm 2', ''),
(315, 165, 'Danh mục sản phẩm 3', 'vn', '<p>M&ocirc; tả Danh mục sản phẩm 3</p>\r\n', '<p>Chi tiết danh mục sản phẩm 3</p>\r\n', '', '', '', '', '', 0, 'danh-muc-san-pham-3', '', 'Danh mục sản phẩm 3', ''),
(316, 165, 'Danh mục sản phẩm 3', 'en', '<p>M&ocirc; tả Danh mục sản phẩm 3</p>\r\n', '<p>Chi tiết danh mục sản phẩm 3</p>\r\n', '', '', '', '', '', 0, 'danh-muc-san-pham-3', '', 'Danh mục sản phẩm 3', ''),
(317, 166, 'Danh mục sản phẩm 4', 'vn', '<p>M&ocirc; tả danh mục sản phẩm 4</p>\r\n', '<p>Chi tiết Danh mục sản phẩm 4</p>\r\n', '', '', '', '', '', 0, 'danh-muc-san-pham-4', '', 'Danh mục sản phẩm 4', ''),
(318, 166, 'Danh mục sản phẩm 4', 'en', '<p>M&ocirc; tả danh mục sản phẩm 4</p>\r\n', '<p>Chi tiết Danh mục sản phẩm 4</p>\r\n', '', '', '', '', '', 0, 'danh-muc-san-pham-4', '', 'Danh mục sản phẩm 4', ''),
(319, 167, 'Danh mục sản phẩm 5', 'vn', '<p>M&ocirc; tả Danh mục sản phẩm 5</p>\r\n', '<p>Chi tiết Danh mục sản phẩm 5</p>\r\n', '', '', '', '', '', 0, 'danh-muc-san-pham-5', '', 'Danh mục sản phẩm 5', ''),
(320, 167, 'Danh mục sản phẩm 5', 'en', '<p>M&ocirc; tả Danh mục sản phẩm 5</p>\r\n', '<p>Chi tiết Danh mục sản phẩm 5</p>\r\n', '', '', '', '', '', 0, 'danh-muc-san-pham-5', '', 'Danh mục sản phẩm 5', ''),
(321, 168, 'Danh mục sản phẩm 6', 'vn', '<p>M&ocirc; tả Danh mục sản phẩm 6</p>\r\n', '<p>Chi tiết Danh muc sản phẩm 6</p>\r\n', '', '', '', '', '', 1, 'danh-muc-san-pham-6', '', 'Danh mục sản phẩm 6', ''),
(322, 168, 'Danh mục sản phẩm 6', 'en', '<p>M&ocirc; tả Danh mục sản phẩm 6 en</p>\r\n', '<p>Chi tiết Danh muc sản phẩm 6 en</p>\r\n', '', '', '', '', '', 1, 'danh-muc-san-pham-6', 'en', 'Danh mục sản phẩm 6 en', 'en'),
(323, 169, 'Danh mục sản phẩm 4.1', 'vn', '<p>M&ocirc; tả Danh muc sản phẩm 4.1</p>\r\n', '<p>Chi tiết Danh mục sản phẩm 4.2</p>\r\n', '', '', '', '', '', 0, 'danh-muc-san-pham-41', '', 'Danh mục sản phẩm 4.1', ''),
(324, 169, 'Danh mục sản phẩm 4.1', 'en', '<p>M&ocirc; tả Danh muc sản phẩm 4.1</p>\r\n', '<p>Chi tiết Danh mục sản phẩm 4.2</p>\r\n', '', '', '', '', '', 0, 'danh-muc-san-pham-41', '', 'Danh mục sản phẩm 4.1', ''),
(325, 170, 'Danh mục sản phẩm 4.2', 'vn', '<p>M&ocirc; tả danh mục sản phẩm 4.2</p>\r\n', '<p>Chi tiết Danh mục sản phẩm 4.2</p>\r\n', '', '', '', '', '', 0, 'danh-muc-san-pham-42', '', 'Danh mục sản phẩm 4.2', ''),
(326, 170, 'Danh mục sản phẩm 4.2', 'en', '<p>M&ocirc; tả danh mục sản phẩm 4.2</p>\r\n', '<p>Chi tiết Danh mục sản phẩm 4.2</p>\r\n', '', '', '', '', '', 0, 'danh-muc-san-pham-42', '', 'Danh mục sản phẩm 4.2', ''),
(327, 171, 'Danh mục sản phẩm 4.3', 'vn', '<p>M&ocirc; tả Danh mục sản phẩm 4.3</p>\r\n', '<p>Chi tiết Danh mục sản phẩm 4.3</p>\r\n', '', '', '', '', '', 0, 'danh-muc-san-pham-43', '', 'Danh mục sản phẩm 4.3', ''),
(328, 171, 'Danh mục sản phẩm 4.3', 'en', '<p>M&ocirc; tả Danh mục sản phẩm 4.3</p>\r\n', '<p>Chi tiết Danh mục sản phẩm 4.3</p>\r\n', '', '', '', '', '', 0, 'danh-muc-san-pham-43', '', 'Danh mục sản phẩm 4.3', ''),
(329, 172, 'Danh mục sản phẩm 4.4', 'vn', '<p>M&ocirc; tả Danh s&aacute;ch sản phẩm 4.4</p>\r\n', '<p>Chi tiết Danh mục sản phẩm 4.4</p>\r\n', '', '', '', '', '', 0, 'danh-muc-san-pham-44', '', 'Danh mục sản phẩm 4.4', ''),
(330, 172, 'Danh mục sản phẩm 4.4', 'en', '<p>M&ocirc; tả Danh s&aacute;ch sản phẩm 4.4</p>\r\n', '<p>Chi tiết Danh mục sản phẩm 4.4</p>\r\n', '', '', '', '', '', 0, 'danh-muc-san-pham-44', '', 'Danh mục sản phẩm 4.4', ''),
(331, 173, 'Danh mục sản phẩm 4.5', 'vn', '<p>M&ocirc; tả Danh mục sản phẩm 4.5</p>\r\n', '<p>Chi tiết Danh mục sản phẩm 4.5</p>\r\n', '', '', '', '', '', 0, 'danh-muc-san-pham-45', '', 'Danh mục sản phẩm 4.5', ''),
(332, 173, 'Danh mục sản phẩm 4.5', 'en', '<p>M&ocirc; tả Danh mục sản phẩm 4.5</p>\r\n', '<p>Chi tiết Danh mục sản phẩm 4.5</p>\r\n', '', '', '', '', '', 0, 'danh-muc-san-pham-45', '', 'Danh mục sản phẩm 4.5', ''),
(333, 174, 'Danh mục sản phẩm 5.1', 'vn', '<p>M&ocirc; tả Danh mục sản phẩm 5.1</p>\r\n', '<p>Chi tiết Danh mục sản phẩm 5.1</p>\r\n', '', '', '', '', '', 0, 'danh-muc-san-pham-51', '', 'Danh mục sản phẩm 5.1', ''),
(334, 174, 'Danh mục sản phẩm 5.1', 'en', '<p>M&ocirc; tả Danh mục sản phẩm 5.1</p>\r\n', '<p>Chi tiết Danh mục sản phẩm 5.1</p>\r\n', '', '', '', '', '', 0, 'danh-muc-san-pham-51', '', 'Danh mục sản phẩm 5.1', ''),
(335, 175, 'Danh mục sản phẩm 5.2', 'vn', '<p>M&ocirc; tả Danh mục sản phẩm 5.2</p>\r\n', '<p>Chi tiết Danh mục sản phẩm 5.2</p>\r\n', '', '', '', '', '', 0, 'danh-muc-san-pham-52', '', 'Danh mục sản phẩm 5.2', ''),
(336, 175, 'Danh mục sản phẩm 5.2', 'en', '<p>M&ocirc; tả Danh mục sản phẩm 5.2</p>\r\n', '<p>Chi tiết Danh mục sản phẩm 5.2</p>\r\n', '', '', '', '', '', 0, 'danh-muc-san-pham-52', '', 'Danh mục sản phẩm 5.2', ''),
(337, 176, 'Danh mục sản phẩm 5.3', 'vn', '<p>M&ocirc; tả Danh mục sản phẩm 5.3</p>\r\n', '<p>Chi tiết Danh muc sản phẩm 5.3</p>\r\n', '', '', '', '', '', 0, 'danh-muc-san-pham-53', '', 'Danh mục sản phẩm 5.3', ''),
(338, 176, 'Danh mục sản phẩm 5.3', 'en', '<p>M&ocirc; tả Danh mục sản phẩm 5.3</p>\r\n', '<p>Chi tiết Danh muc sản phẩm 5.3</p>\r\n', '', '', '', '', '', 0, 'danh-muc-san-pham-53', '', 'Danh mục sản phẩm 5.3', ''),
(339, 177, 'Danh mục sản phẩm 5.4', 'vn', '<p>M&ocirc; tả Danh mục sản phẩm 5.4</p>\r\n', '<p>Chi tiết Sản phẩm 5.4</p>\r\n', '', '', '', '', '', 0, 'danh-muc-san-pham-54', '', 'Danh mục sản phẩm 5.4', ''),
(340, 177, 'Danh mục sản phẩm 5.4', 'en', '<p>M&ocirc; tả Danh mục sản phẩm 5.4</p>\r\n', '<p>Chi tiết Sản phẩm 5.4</p>\r\n', '', '', '', '', '', 0, 'danh-muc-san-pham-54', '', 'Danh mục sản phẩm 5.4', ''),
(341, 178, 'Danh mục sản phẩm 5.5', 'vn', '<p>M&ocirc; tả danh mục sản phẩm 5.5</p>\r\n', '<p>Chi tiết Danh muc sản phẩm 5.5</p>\r\n', '', '', '', '', '', 0, 'danh-muc-san-pham-55', '', 'Danh mục sản phẩm 5.5', ''),
(342, 178, 'Danh mục sản phẩm 5.5', 'en', '<p>M&ocirc; tả danh mục sản phẩm 5.5</p>\r\n', '<p>Chi tiết Danh muc sản phẩm 5.5</p>\r\n', '', '', '', '', '', 0, 'danh-muc-san-pham-55', '', 'Danh mục sản phẩm 5.5', '');

-- --------------------------------------------------------

--
-- Cấu trúc bảng cho bảng `producttag`
--

CREATE TABLE `producttag` (
  `producttag_id` int(11) NOT NULL,
  `producttag_name` text CHARACTER SET utf8 COLLATE utf8_unicode_ci NOT NULL,
  `producttag_des` text CHARACTER SET utf8 COLLATE utf8_unicode_ci NOT NULL,
  `producttag_content` text CHARACTER SET utf8 COLLATE utf8_unicode_ci NOT NULL,
  `producttag_sort_order` int(11) NOT NULL,
  `producttag_img` text CHARACTER SET utf8 COLLATE utf8_unicode_ci NOT NULL,
  `producttag_created_date` datetime NOT NULL,
  `producttag_update_date` datetime NOT NULL,
  `producttag_sub_info1` text CHARACTER SET utf8 COLLATE utf8_unicode_ci NOT NULL,
  `producttag_sub_info2` text CHARACTER SET utf8 COLLATE utf8_unicode_ci NOT NULL,
  `producttag_sub_info3` text CHARACTER SET utf8 COLLATE utf8_unicode_ci NOT NULL,
  `producttag_sub_info4` text CHARACTER SET utf8 COLLATE utf8_unicode_ci NOT NULL,
  `producttag_sub_info5` text CHARACTER SET utf8 COLLATE utf8_unicode_ci NOT NULL,
  `state` int(11) NOT NULL,
  `title_seo` text CHARACTER SET utf8 COLLATE utf8_unicode_ci NOT NULL,
  `des_seo` text CHARACTER SET utf8 COLLATE utf8_unicode_ci NOT NULL,
  `friendly_url` text CHARACTER SET utf8 COLLATE utf8_unicode_ci NOT NULL,
  `keyword` text CHARACTER SET utf8 COLLATE utf8_unicode_ci NOT NULL,
  `created_id` int(11) NOT NULL
) ENGINE=InnoDB DEFAULT CHARSET=latin1;

--
-- Đang đổ dữ liệu cho bảng `producttag`
--

INSERT INTO `producttag` (`producttag_id`, `producttag_name`, `producttag_des`, `producttag_content`, `producttag_sort_order`, `producttag_img`, `producttag_created_date`, `producttag_update_date`, `producttag_sub_info1`, `producttag_sub_info2`, `producttag_sub_info3`, `producttag_sub_info4`, `producttag_sub_info5`, `state`, `title_seo`, `des_seo`, `friendly_url`, `keyword`, `created_id`) VALUES
(105, 'đỏ', '<p>des</p>\r\n', '<p>content1</p>\r\n', 0, '', '2017-12-12 19:12:53', '2017-12-13 12:12:30', '', '', '', '', '', 1, 'đỏ', 'a1', 'do', 'a1', 1),
(107, 'Xanh', '', '', 0, '', '2017-12-13 12:12:49', '2017-12-13 12:12:49', '', '', '', '', '', 1, 'Xanh', '', 'xanh', '', 1),
(108, 'Vàng', '', '', 0, '', '2017-12-13 12:12:04', '2017-12-13 17:12:26', '', '', '', '', '', 1, 'Vàng', '', 'vang', '', 1),
(109, 'Tím', '', '', 0, '', '2018-04-01 11:04:17', '2018-04-01 11:04:17', '', '', '', '', '', 1, 'Tím', '', 'tim', '', 1);

-- --------------------------------------------------------

--
-- Cấu trúc bảng cho bảng `producttag_languages`
--

CREATE TABLE `producttag_languages` (
  `id` int(11) NOT NULL,
  `producttag_id` int(11) NOT NULL,
  `lang_producttag_name` text CHARACTER SET utf8 COLLATE utf8_unicode_ci NOT NULL,
  `languages_code` varchar(30) CHARACTER SET utf8 COLLATE utf8_unicode_ci NOT NULL,
  `lang_producttag_des` text CHARACTER SET utf8 COLLATE utf8_unicode_ci NOT NULL,
  `lang_producttag_content` text CHARACTER SET utf8 COLLATE utf8_unicode_ci NOT NULL,
  `lang_producttag_sub_info1` text CHARACTER SET utf8 COLLATE utf8_unicode_ci NOT NULL,
  `lang_producttag_sub_info2` text CHARACTER SET utf8 COLLATE utf8_unicode_ci NOT NULL,
  `lang_producttag_sub_info3` text CHARACTER SET utf8 COLLATE utf8_unicode_ci NOT NULL,
  `lang_producttag_sub_info4` text CHARACTER SET utf8 COLLATE utf8_unicode_ci NOT NULL,
  `lang_producttag_sub_info5` text CHARACTER SET utf8 COLLATE utf8_unicode_ci NOT NULL,
  `edit_state` int(11) NOT NULL,
  `friendly_url` varchar(225) CHARACTER SET utf8 COLLATE utf8_unicode_ci NOT NULL,
  `keyword` text CHARACTER SET utf8 COLLATE utf8_unicode_ci NOT NULL,
  `title_seo` varchar(225) CHARACTER SET utf8 COLLATE utf8_unicode_ci NOT NULL,
  `des_seo` text CHARACTER SET utf8 COLLATE utf8_unicode_ci NOT NULL
) ENGINE=InnoDB DEFAULT CHARSET=latin1;

--
-- Đang đổ dữ liệu cho bảng `producttag_languages`
--

INSERT INTO `producttag_languages` (`id`, `producttag_id`, `lang_producttag_name`, `languages_code`, `lang_producttag_des`, `lang_producttag_content`, `lang_producttag_sub_info1`, `lang_producttag_sub_info2`, `lang_producttag_sub_info3`, `lang_producttag_sub_info4`, `lang_producttag_sub_info5`, `edit_state`, `friendly_url`, `keyword`, `title_seo`, `des_seo`) VALUES
(2, 105, 'đỏ', 'vn', '<p>des</p>\r\n', '<p>content1</p>\r\n', '', '', '', '', '', 1, 'do', 'a1', 'đỏ', 'a1'),
(3, 105, 'tag produnt', 'en', '<p>des</p>\r\n', '<p>content</p>\r\n', '', '', '', '', '', 1, 'tag-produnt', 'a', 'tag produnt', 'a'),
(6, 107, 'Xanh', 'vn', '', '', '', '', '', '', '', 1, 'xanh', '', 'Xanh', ''),
(7, 107, 'Xanh', 'en', '', '', '', '', '', '', '', 1, 'xanh', '', 'Xanh', ''),
(8, 108, 'Vàng', 'vn', '<p>1</p>\r\n', '<p>1</p>\r\n', '', '', '', '', '', 1, 'vang', '', 'Vàng', ''),
(9, 108, 'yellow', 'en', '', '', '', '', '', '', '', 1, 'vang', '', 'Vàng', ''),
(10, 109, 'Tím', 'vn', '', '', '', '', '', '', '', 1, 'tim', '', 'Tím', ''),
(11, 109, 'Tím', 'en', '', '', '', '', '', '', '', 1, 'tim', '', 'Tím', '');

-- --------------------------------------------------------

--
-- Cấu trúc bảng cho bảng `product_color`
--

CREATE TABLE `product_color` (
  `id` bigint(20) NOT NULL,
  `product_id` int(11) NOT NULL,
  `color` text COLLATE utf8_unicode_ci
) ENGINE=InnoDB DEFAULT CHARSET=utf8 COLLATE=utf8_unicode_ci;

-- --------------------------------------------------------

--
-- Cấu trúc bảng cho bảng `product_languages`
--

CREATE TABLE `product_languages` (
  `id` bigint(20) NOT NULL,
  `product_id` int(11) DEFAULT NULL,
  `languages_code` varchar(255) COLLATE utf8_unicode_ci DEFAULT NULL,
  `lang_product_name` text COLLATE utf8_unicode_ci,
  `lang_product_des` text COLLATE utf8_unicode_ci,
  `lang_product_des2` text COLLATE utf8_unicode_ci,
  `lang_product_des3` text COLLATE utf8_unicode_ci,
  `lang_product_content` text COLLATE utf8_unicode_ci,
  `lang_product_content2` text COLLATE utf8_unicode_ci,
  `lang_product_content3` text COLLATE utf8_unicode_ci,
  `lang_product_code` text COLLATE utf8_unicode_ci,
  `lang_product_original` text COLLATE utf8_unicode_ci,
  `lang_product_size` text COLLATE utf8_unicode_ci,
  `lang_product_package` text COLLATE utf8_unicode_ci,
  `lang_product_delivery` text COLLATE utf8_unicode_ci,
  `lang_product_delivery_time` text COLLATE utf8_unicode_ci,
  `lang_product_payment` text COLLATE utf8_unicode_ci,
  `lang_product_payment_type` text COLLATE utf8_unicode_ci,
  `lang_product_sub_info1` text COLLATE utf8_unicode_ci,
  `lang_product_sub_info2` text COLLATE utf8_unicode_ci,
  `lang_product_sub_info3` text COLLATE utf8_unicode_ci,
  `lang_product_sub_info4` text COLLATE utf8_unicode_ci,
  `lang_product_sub_info5` text COLLATE utf8_unicode_ci,
  `edit_state` int(11) NOT NULL DEFAULT '0',
  `friendly_url` varchar(255) COLLATE utf8_unicode_ci DEFAULT NULL,
  `title_seo` varchar(255) COLLATE utf8_unicode_ci DEFAULT NULL,
  `des_seo` text COLLATE utf8_unicode_ci,
  `keyword` text COLLATE utf8_unicode_ci
) ENGINE=InnoDB DEFAULT CHARSET=utf8 COLLATE=utf8_unicode_ci;

--
-- Đang đổ dữ liệu cho bảng `product_languages`
--

INSERT INTO `product_languages` (`id`, `product_id`, `languages_code`, `lang_product_name`, `lang_product_des`, `lang_product_des2`, `lang_product_des3`, `lang_product_content`, `lang_product_content2`, `lang_product_content3`, `lang_product_code`, `lang_product_original`, `lang_product_size`, `lang_product_package`, `lang_product_delivery`, `lang_product_delivery_time`, `lang_product_payment`, `lang_product_payment_type`, `lang_product_sub_info1`, `lang_product_sub_info2`, `lang_product_sub_info3`, `lang_product_sub_info4`, `lang_product_sub_info5`, `edit_state`, `friendly_url`, `title_seo`, `des_seo`, `keyword`) VALUES
(41, 27, 'vn', 'Sản phẩm 001', '<p>Ngo&agrave;i t&aacute;c dụng điều chỉnh &aacute;nh s&aacute;ng cho căn ph&ograve;ng, r&egrave;m cửa (m&agrave;n cửa) c&ograve;n giữ ấm cho căn ph&ograve;ng khi m&ugrave;a đ&ocirc;ng đến, hạn chế c&aacute;i n&oacute;ng của m&ugrave;a h&egrave;, bụi v&agrave; tiếng ồn b&ecirc;n ngo&agrave;i.&nbsp;</p>\r\n', '', '', '<div>\r\n<h3>M&Ocirc; TẢ SẢN PHẨM</h3>\r\n\r\n<div>\r\n<div>\r\n<div>\r\n<p>Ngo&agrave;i t&aacute;c dụng điều chỉnh &aacute;nh s&aacute;ng cho căn ph&ograve;ng, r&egrave;m cửa (m&agrave;n cửa) c&ograve;n giữ ấm cho căn ph&ograve;ng khi m&ugrave;a đ&ocirc;ng đến, hạn chế c&aacute;i n&oacute;ng của m&ugrave;a h&egrave;, bụi v&agrave; tiếng ồn b&ecirc;n ngo&agrave;i. Kh&ocirc;ng chỉ c&oacute; thế, với kiểu d&aacute;ng v&agrave; m&agrave;u sắc th&iacute;ch hợp,&nbsp;r&egrave;m cửa&nbsp;c&ograve;n c&oacute; thể tạo khoảng kh&ocirc;ng ri&ecirc;ng tư hoặc th&ecirc;m ch&uacute;t vẻ đẹp sang trọng hay l&atilde;ng mạn cho căn ph&ograve;ng.<br />\r\n&nbsp;&nbsp;<br />\r\nChiếc r&egrave;m cửa kh&ocirc;ng chỉ đơn giản l&agrave; vật chắn s&aacute;ng hay tạo khoảng kh&ocirc;ng ri&ecirc;ng tư, n&oacute; c&ograve;n tạo cho mỗi căn ph&ograve;ng một ấn tượng v&agrave; cảm x&uacute;c kh&aacute;c nhau, t&ugrave;y theo c&aacute;ch chọn lựa của chủ nh&acirc;n.<br />\r\n&nbsp;&nbsp;<br />\r\nC&oacute; rất nhiều loại r&egrave;m kh&aacute;c nhau như r&egrave;m v&eacute;n,&nbsp;r&egrave;m roman&nbsp;(hay c&ograve;n gọi l&agrave; r&egrave;m xếp lớp), r&egrave;m cuốn, r&egrave;m l&aacute;,... Bạn cũng c&oacute; thể d&ugrave;ng r&egrave;m tr&uacute;c, r&egrave;m kim loại nhẹ, r&egrave;m bằng nhựa tổng hợp hay r&egrave;m giấy để trang tr&iacute; nh&agrave; cửa. Tuy nhi&ecirc;n, loại r&egrave;m phổ biến vẫn l&agrave; r&egrave;m vải v&igrave; t&iacute;nh năng dễ giặt tẩy, dễ lắp đặt, m&agrave;u v&agrave; kiểu phong ph&uacute;, hợp với nhiều phong c&aacute;ch nội thất.</p>\r\n</div>\r\n</div>\r\n</div>\r\n</div>\r\n\r\n<div>\r\n<h3>CHẤT LIỆU</h3>\r\n\r\n<div>\r\n<div>\r\n<div>\r\n<p>C&aacute;c loại vải may&nbsp;r&egrave;m cửa&nbsp;đang c&oacute; tr&ecirc;n thị trường rất đa dạng nhưng phần lớn l&agrave; cotton, polyester. Chất liệu thun, ren gần như kh&ocirc;ng c&ograve;n được ưa chuộng nữa v&igrave; dễ b&aacute;m bụi, mau bị sờn. &ETH;ược nhiều người chọn nhất vẫn l&agrave; c&aacute;c loại vải 65% cotton - 35% polyester hay loại 52% cotton - 48% polyester với nhiều nguồn gốc xuất xứ như Trung Quốc, H&agrave;n Quốc, Anh, Indonesia, Nga v&agrave; h&agrave;ng Việt Nam. Thị trường vải may r&egrave;m cửa kh&aacute; đa dạng với h&agrave;ng trăm mẫu hoa văn v&agrave; m&agrave;u sắc kh&aacute;c nhau. C&aacute;c loại r&egrave;m cửa bằng vải cotton, bố gấm, bố th&ocirc;, vải c&oacute; chất liệu chống thấm v&agrave; &iacute;t b&aacute;m bụi với c&aacute;c hoa văn đơn giản, c&aacute;c loại c&oacute; b&ocirc;ng ở ch&acirc;n may theo nếp gấp, li ống, li đứng đang được nhiều người ưa chuộng. C&aacute;c loại&nbsp;r&egrave;m&nbsp;cửa may theo kiểu b&egrave;o s&ograve; hay c&aacute;c kiểu rườm r&agrave; của một hai năm về trước đ&atilde; kh&ocirc;ng c&ograve;n được ưa chuộng. Xu hướng mới nhất năm nay l&agrave; dựa theo c&aacute;c mẫu đơn giản c&oacute; trong catologue nước ngo&agrave;i. Mẫu đang b&aacute;n chạy l&agrave; mẫu m&agrave;u kem với c&aacute;c hoa văn đơn giản. C&aacute;c loại hoa văn được xem l&agrave; mốt mới trong năm nay l&agrave; c&aacute;c h&igrave;nh lập thể, ca r&ocirc; v&agrave; c&aacute;c mẫu hoa nhỏ.</p>\r\n</div>\r\n</div>\r\n</div>\r\n</div>\r\n\r\n<div>\r\n<h3>MẪU M&Atilde;, KIỂU D&Aacute;NG</h3>\r\n\r\n<div>\r\n<div>\r\n<div>\r\n<p>Ch&uacute;ng t&ocirc;i rất đa dạng về kiểu d&aacute;ng, sản phẩm của&nbsp;r&egrave;m nghệ thuật d&ugrave; mang phong c&aacute;ch cổ điển, hiện đại hay được s&aacute;ng tạo&nbsp;ph&aacute; c&aacute;ch v&agrave; đầy ngẫu hứng vẫn lu&ocirc;n đem đến cho người sử dụng cảm gi&aacute;c th&iacute;ch th&uacute; v&agrave; h&agrave;i l&ograve;ng nhất. Ph&aacute;t huy s&aacute;ng tạo vượt mọi r&agrave;o cản r&egrave;m nghệ thuật l&agrave; đỉnh cao của những s&aacute;ng tạo kh&ocirc;ng giới hạn, ch&uacute;ng t&ocirc;i mong muốn mang đến những sản phẩm r&egrave;m cửa tốt nhất, rẻ nhất gi&uacute;p cho bữa cơm gia đ&igrave;nh th&ecirc;m đầm ấm, hạnh ph&uacute;c!</p>\r\n\r\n<p>&nbsp;</p>\r\n\r\n<p>&nbsp;</p>\r\n\r\n<p>Loại vải b&oacute;ng mượt, mềm mịn đem lại vẻ sang trọng như nhung, gấm, đũi, lụa, voan... thường một m&agrave;u hoặc mang hoa văn, hoạ tiết ch&igrave;m, trang nh&atilde;, hợp với ph&ograve;ng kh&aacute;ch. Những loại vải bề mặt th&ocirc; r&aacute;p cho cảm gi&aacute;c th&acirc;n mật, gần gũi thi&ecirc;n nhi&ecirc;n lại k&eacute;n phong c&aacute;ch b&agrave;i tr&iacute; như vải bạt, bố, th&ocirc;, thổ cẩm... chỉ n&ecirc;n sử dụng trong ph&ograve;ng b&agrave;y đồ đạc m&acirc;y, tre, gỗ mộc, thảm l&ocirc;ng th&uacute;. Vải b&ocirc;ng, lanh c&oacute; nhiều m&agrave;u hoa văn, hợp với nội thất b&igrave;nh thường, nhất l&agrave; ph&ograve;ng trẻ em, ph&ograve;ng ăn, ph&ograve;ng giải tr&iacute;...<br />\r\n<br />\r\nR&egrave;m (m&agrave;n) m&ugrave;a h&egrave; thường l&agrave; những loại&nbsp;r&egrave;m&nbsp;(m&agrave;n) c&oacute; chất liệu nhẹ nh&agrave;ng như: vải th&ocirc; mỏng, voan, lụa, lanh... c&ograve;n r&egrave;m m&ugrave;a đ&ocirc;ng lại cần tạo sự ấm &aacute;p, n&ecirc;n chất liệu chủ yếu l&agrave; nhung, gấm, th&ocirc; dầy v&agrave; thổ cẩm. Tuy nhi&ecirc;n l&agrave; m&ugrave;a đ&ocirc;ng hay m&ugrave;a h&egrave; việc lựa chọn chất liệu cũng phụ thuộc rất nhiều v&agrave;o mức độ chắn s&aacute;ng của &ocirc; cửa trong nh&agrave;.</p>\r\n</div>\r\n</div>\r\n</div>\r\n</div>\r\n\r\n<div>\r\n<h3>GI&Aacute; TH&Agrave;NH</h3>\r\n\r\n<div>\r\n<div>\r\n<div>\r\n<p>G&iacute;a:</p>\r\n\r\n<p>&nbsp;Khoảng 760.000đ/ 1m ngang ho&agrave;n thiện trở l&ecirc;n (bao gồm c&ocirc;ng, phụ kiện lắp đặt,&nbsp;</p>\r\n</div>\r\n</div>\r\n</div>\r\n</div>\r\n\r\n<div>\r\n<h3>BẢO QUẢN V&Agrave; SỬ DỤNG</h3>\r\n</div>\r\n', '', '', '01', '', '', '', '', '', '', '', '', '', '', '', '', 0, 'san-pham-001', 'Sản phẩm 001', 'Ngoài tác dụng điều chỉnh ánh sáng cho căn phòng, rèm cửa (màn cửa) còn giữ ấm cho căn phòng khi mùa đông đến, hạn chế cái nóng của mùa hè, bụi và tiếng ồn bên ngoài. ', 'Rèm vải'),
(42, 27, 'en', 'Rèm vải 01', '<p>Ngo&agrave;i t&aacute;c dụng điều chỉnh &aacute;nh s&aacute;ng cho căn ph&ograve;ng, r&egrave;m cửa (m&agrave;n cửa) c&ograve;n giữ ấm cho căn ph&ograve;ng khi m&ugrave;a đ&ocirc;ng đến, hạn chế c&aacute;i n&oacute;ng của m&ugrave;a h&egrave;, bụi v&agrave; tiếng ồn b&ecirc;n ngo&agrave;i.&nbsp;</p>\r\n', '', '', '<div>\r\n<h3>M&Ocirc; TẢ SẢN PHẨM</h3>\r\n\r\n<div>\r\n<div>\r\n<div>\r\n<p>Ngo&agrave;i t&aacute;c dụng điều chỉnh &aacute;nh s&aacute;ng cho căn ph&ograve;ng, r&egrave;m cửa (m&agrave;n cửa) c&ograve;n giữ ấm cho căn ph&ograve;ng khi m&ugrave;a đ&ocirc;ng đến, hạn chế c&aacute;i n&oacute;ng của m&ugrave;a h&egrave;, bụi v&agrave; tiếng ồn b&ecirc;n ngo&agrave;i. Kh&ocirc;ng chỉ c&oacute; thế, với kiểu d&aacute;ng v&agrave; m&agrave;u sắc th&iacute;ch hợp,&nbsp;r&egrave;m cửa&nbsp;c&ograve;n c&oacute; thể tạo khoảng kh&ocirc;ng ri&ecirc;ng tư hoặc th&ecirc;m ch&uacute;t vẻ đẹp sang trọng hay l&atilde;ng mạn cho căn ph&ograve;ng.<br />\r\n&nbsp;&nbsp;<br />\r\nChiếc r&egrave;m cửa kh&ocirc;ng chỉ đơn giản l&agrave; vật chắn s&aacute;ng hay tạo khoảng kh&ocirc;ng ri&ecirc;ng tư, n&oacute; c&ograve;n tạo cho mỗi căn ph&ograve;ng một ấn tượng v&agrave; cảm x&uacute;c kh&aacute;c nhau, t&ugrave;y theo c&aacute;ch chọn lựa của chủ nh&acirc;n.<br />\r\n&nbsp;&nbsp;<br />\r\nC&oacute; rất nhiều loại r&egrave;m kh&aacute;c nhau như r&egrave;m v&eacute;n,&nbsp;r&egrave;m roman&nbsp;(hay c&ograve;n gọi l&agrave; r&egrave;m xếp lớp), r&egrave;m cuốn, r&egrave;m l&aacute;,... Bạn cũng c&oacute; thể d&ugrave;ng r&egrave;m tr&uacute;c, r&egrave;m kim loại nhẹ, r&egrave;m bằng nhựa tổng hợp hay r&egrave;m giấy để trang tr&iacute; nh&agrave; cửa. Tuy nhi&ecirc;n, loại r&egrave;m phổ biến vẫn l&agrave; r&egrave;m vải v&igrave; t&iacute;nh năng dễ giặt tẩy, dễ lắp đặt, m&agrave;u v&agrave; kiểu phong ph&uacute;, hợp với nhiều phong c&aacute;ch nội thất.</p>\r\n</div>\r\n</div>\r\n</div>\r\n</div>\r\n\r\n<div>\r\n<h3>CHẤT LIỆU</h3>\r\n\r\n<div>\r\n<div>\r\n<div>\r\n<p>C&aacute;c loại vải may&nbsp;r&egrave;m cửa&nbsp;đang c&oacute; tr&ecirc;n thị trường rất đa dạng nhưng phần lớn l&agrave; cotton, polyester. Chất liệu thun, ren gần như kh&ocirc;ng c&ograve;n được ưa chuộng nữa v&igrave; dễ b&aacute;m bụi, mau bị sờn. &ETH;ược nhiều người chọn nhất vẫn l&agrave; c&aacute;c loại vải 65% cotton - 35% polyester hay loại 52% cotton - 48% polyester với nhiều nguồn gốc xuất xứ như Trung Quốc, H&agrave;n Quốc, Anh, Indonesia, Nga v&agrave; h&agrave;ng Việt Nam. Thị trường vải may r&egrave;m cửa kh&aacute; đa dạng với h&agrave;ng trăm mẫu hoa văn v&agrave; m&agrave;u sắc kh&aacute;c nhau. C&aacute;c loại r&egrave;m cửa bằng vải cotton, bố gấm, bố th&ocirc;, vải c&oacute; chất liệu chống thấm v&agrave; &iacute;t b&aacute;m bụi với c&aacute;c hoa văn đơn giản, c&aacute;c loại c&oacute; b&ocirc;ng ở ch&acirc;n may theo nếp gấp, li ống, li đứng đang được nhiều người ưa chuộng. C&aacute;c loại&nbsp;r&egrave;m&nbsp;cửa may theo kiểu b&egrave;o s&ograve; hay c&aacute;c kiểu rườm r&agrave; của một hai năm về trước đ&atilde; kh&ocirc;ng c&ograve;n được ưa chuộng. Xu hướng mới nhất năm nay l&agrave; dựa theo c&aacute;c mẫu đơn giản c&oacute; trong catologue nước ngo&agrave;i. Mẫu đang b&aacute;n chạy l&agrave; mẫu m&agrave;u kem với c&aacute;c hoa văn đơn giản. C&aacute;c loại hoa văn được xem l&agrave; mốt mới trong năm nay l&agrave; c&aacute;c h&igrave;nh lập thể, ca r&ocirc; v&agrave; c&aacute;c mẫu hoa nhỏ.</p>\r\n</div>\r\n</div>\r\n</div>\r\n</div>\r\n\r\n<div>\r\n<h3>MẪU M&Atilde;, KIỂU D&Aacute;NG</h3>\r\n\r\n<div>\r\n<div>\r\n<div>\r\n<p>Ch&uacute;ng t&ocirc;i rất đa dạng về kiểu d&aacute;ng, sản phẩm của&nbsp;r&egrave;m nghệ thuật d&ugrave; mang phong c&aacute;ch cổ điển, hiện đại hay được s&aacute;ng tạo&nbsp;ph&aacute; c&aacute;ch v&agrave; đầy ngẫu hứng vẫn lu&ocirc;n đem đến cho người sử dụng cảm gi&aacute;c th&iacute;ch th&uacute; v&agrave; h&agrave;i l&ograve;ng nhất. Ph&aacute;t huy s&aacute;ng tạo vượt mọi r&agrave;o cản r&egrave;m nghệ thuật l&agrave; đỉnh cao của những s&aacute;ng tạo kh&ocirc;ng giới hạn, ch&uacute;ng t&ocirc;i mong muốn mang đến những sản phẩm r&egrave;m cửa tốt nhất, rẻ nhất gi&uacute;p cho bữa cơm gia đ&igrave;nh th&ecirc;m đầm ấm, hạnh ph&uacute;c!</p>\r\n\r\n<p>&nbsp;</p>\r\n\r\n<p>&nbsp;</p>\r\n\r\n<p>Loại vải b&oacute;ng mượt, mềm mịn đem lại vẻ sang trọng như nhung, gấm, đũi, lụa, voan... thường một m&agrave;u hoặc mang hoa văn, hoạ tiết ch&igrave;m, trang nh&atilde;, hợp với ph&ograve;ng kh&aacute;ch. Những loại vải bề mặt th&ocirc; r&aacute;p cho cảm gi&aacute;c th&acirc;n mật, gần gũi thi&ecirc;n nhi&ecirc;n lại k&eacute;n phong c&aacute;ch b&agrave;i tr&iacute; như vải bạt, bố, th&ocirc;, thổ cẩm... chỉ n&ecirc;n sử dụng trong ph&ograve;ng b&agrave;y đồ đạc m&acirc;y, tre, gỗ mộc, thảm l&ocirc;ng th&uacute;. Vải b&ocirc;ng, lanh c&oacute; nhiều m&agrave;u hoa văn, hợp với nội thất b&igrave;nh thường, nhất l&agrave; ph&ograve;ng trẻ em, ph&ograve;ng ăn, ph&ograve;ng giải tr&iacute;...<br />\r\n<br />\r\nR&egrave;m (m&agrave;n) m&ugrave;a h&egrave; thường l&agrave; những loại&nbsp;r&egrave;m&nbsp;(m&agrave;n) c&oacute; chất liệu nhẹ nh&agrave;ng như: vải th&ocirc; mỏng, voan, lụa, lanh... c&ograve;n r&egrave;m m&ugrave;a đ&ocirc;ng lại cần tạo sự ấm &aacute;p, n&ecirc;n chất liệu chủ yếu l&agrave; nhung, gấm, th&ocirc; dầy v&agrave; thổ cẩm. Tuy nhi&ecirc;n l&agrave; m&ugrave;a đ&ocirc;ng hay m&ugrave;a h&egrave; việc lựa chọn chất liệu cũng phụ thuộc rất nhiều v&agrave;o mức độ chắn s&aacute;ng của &ocirc; cửa trong nh&agrave;.</p>\r\n</div>\r\n</div>\r\n</div>\r\n</div>\r\n\r\n<div>\r\n<h3>GI&Aacute; TH&Agrave;NH</h3>\r\n\r\n<div>\r\n<div>\r\n<div>\r\n<p>G&iacute;a:</p>\r\n\r\n<p>&nbsp;Khoảng 760.000đ/ 1m ngang ho&agrave;n thiện trở l&ecirc;n (bao gồm c&ocirc;ng, phụ kiện lắp đặt,&nbsp;</p>\r\n</div>\r\n</div>\r\n</div>\r\n</div>\r\n\r\n<div>\r\n<h3>BẢO QUẢN V&Agrave; SỬ DỤNG</h3>\r\n</div>\r\n', '', '', '01', '', '', '', '', '', '', '', '', '', '', '', '', 0, 'rem-vai-01', 'Rèm vải 01', 'Ngoài tác dụng điều chỉnh ánh sáng cho căn phòng, rèm cửa (màn cửa) còn giữ ấm cho căn phòng khi mùa đông đến, hạn chế cái nóng của mùa hè, bụi và tiếng ồn bên ngoài. ', 'Rèm vải'),
(43, 28, 'vn', 'Sản phẩm 02', '<p>Ngo&agrave;i t&aacute;c dụng điều chỉnh &aacute;nh s&aacute;ng cho căn ph&ograve;ng, r&egrave;m cửa (m&agrave;n cửa) c&ograve;n giữ ấm cho căn ph&ograve;ng khi m&ugrave;a đ&ocirc;ng đến, hạn chế c&aacute;i n&oacute;ng của m&ugrave;a h&egrave;, bụi v&agrave; tiếng ồn b&ecirc;n ngo&agrave;i.&nbsp;</p>\r\n', '', '', '<h3>M&Ocirc; TẢ SẢN PHẨM</h3>\r\n\r\n<p>Ngo&agrave;i t&aacute;c dụng điều chỉnh &aacute;nh s&aacute;ng cho căn ph&ograve;ng, r&egrave;m cửa (m&agrave;n cửa) c&ograve;n giữ ấm cho căn ph&ograve;ng khi m&ugrave;a đ&ocirc;ng đến, hạn chế c&aacute;i n&oacute;ng của m&ugrave;a h&egrave;, bụi v&agrave; tiếng ồn b&ecirc;n ngo&agrave;i. Kh&ocirc;ng chỉ c&oacute; thế, với kiểu d&aacute;ng v&agrave; m&agrave;u sắc th&iacute;ch hợp,&nbsp;r&egrave;m cửa&nbsp;c&ograve;n c&oacute; thể tạo khoảng kh&ocirc;ng ri&ecirc;ng tư hoặc th&ecirc;m ch&uacute;t vẻ đẹp sang trọng hay l&atilde;ng mạn cho căn ph&ograve;ng.<br />\r\n&nbsp;&nbsp;<br />\r\nChiếc r&egrave;m cửa kh&ocirc;ng chỉ đơn giản l&agrave; vật chắn s&aacute;ng hay tạo khoảng kh&ocirc;ng ri&ecirc;ng tư, n&oacute; c&ograve;n tạo cho mỗi căn ph&ograve;ng một ấn tượng v&agrave; cảm x&uacute;c kh&aacute;c nhau, t&ugrave;y theo c&aacute;ch chọn lựa của chủ nh&acirc;n.<br />\r\n&nbsp;&nbsp;<br />\r\nC&oacute; rất nhiều loại r&egrave;m kh&aacute;c nhau như r&egrave;m v&eacute;n,&nbsp;r&egrave;m roman&nbsp;(hay c&ograve;n gọi l&agrave; r&egrave;m xếp lớp), r&egrave;m cuốn, r&egrave;m l&aacute;,... Bạn cũng c&oacute; thể d&ugrave;ng r&egrave;m tr&uacute;c, r&egrave;m kim loại nhẹ, r&egrave;m bằng nhựa tổng hợp hay r&egrave;m giấy để trang tr&iacute; nh&agrave; cửa. Tuy nhi&ecirc;n, loại r&egrave;m phổ biến vẫn l&agrave; r&egrave;m vải v&igrave; t&iacute;nh năng dễ giặt tẩy, dễ lắp đặt, m&agrave;u v&agrave; kiểu phong ph&uacute;, hợp với nhiều phong c&aacute;ch nội thất.</p>\r\n\r\n<h3>CHẤT LIỆU</h3>\r\n\r\n<p>C&aacute;c loại vải may&nbsp;r&egrave;m cửa&nbsp;đang c&oacute; tr&ecirc;n thị trường rất đa dạng nhưng phần lớn l&agrave; cotton, polyester. Chất liệu thun, ren gần như kh&ocirc;ng c&ograve;n được ưa chuộng nữa v&igrave; dễ b&aacute;m bụi, mau bị sờn. &ETH;ược nhiều người chọn nhất vẫn l&agrave; c&aacute;c loại vải 65% cotton - 35% polyester hay loại 52% cotton - 48% polyester với nhiều nguồn gốc xuất xứ như Trung Quốc, H&agrave;n Quốc, Anh, Indonesia, Nga v&agrave; h&agrave;ng Việt Nam. Thị trường vải may r&egrave;m cửa kh&aacute; đa dạng với h&agrave;ng trăm mẫu hoa văn v&agrave; m&agrave;u sắc kh&aacute;c nhau. C&aacute;c loại r&egrave;m cửa bằng vải cotton, bố gấm, bố th&ocirc;, vải c&oacute; chất liệu chống thấm v&agrave; &iacute;t b&aacute;m bụi với c&aacute;c hoa văn đơn giản, c&aacute;c loại c&oacute; b&ocirc;ng ở ch&acirc;n may theo nếp gấp, li ống, li đứng đang được nhiều người ưa chuộng. C&aacute;c loại&nbsp;r&egrave;m&nbsp;cửa may theo kiểu b&egrave;o s&ograve; hay c&aacute;c kiểu rườm r&agrave; của một hai năm về trước đ&atilde; kh&ocirc;ng c&ograve;n được ưa chuộng. Xu hướng mới nhất năm nay l&agrave; dựa theo c&aacute;c mẫu đơn giản c&oacute; trong catologue nước ngo&agrave;i. Mẫu đang b&aacute;n chạy l&agrave; mẫu m&agrave;u kem với c&aacute;c hoa văn đơn giản. C&aacute;c loại hoa văn được xem l&agrave; mốt mới trong năm nay l&agrave; c&aacute;c h&igrave;nh lập thể, ca r&ocirc; v&agrave; c&aacute;c mẫu hoa nhỏ.</p>\r\n\r\n<h3>MẪU M&Atilde;, KIỂU D&Aacute;NG</h3>\r\n\r\n<p>Ch&uacute;ng t&ocirc;i rất đa dạng về kiểu d&aacute;ng, sản phẩm của&nbsp;r&egrave;m nghệ thuật d&ugrave; mang phong c&aacute;ch cổ điển, hiện đại hay được s&aacute;ng tạo&nbsp;ph&aacute; c&aacute;ch v&agrave; đầy ngẫu hứng vẫn lu&ocirc;n đem đến cho người sử dụng cảm gi&aacute;c th&iacute;ch th&uacute; v&agrave; h&agrave;i l&ograve;ng nhất. Ph&aacute;t huy s&aacute;ng tạo vượt mọi r&agrave;o cản r&egrave;m nghệ thuật l&agrave; đỉnh cao của những s&aacute;ng tạo kh&ocirc;ng giới hạn, ch&uacute;ng t&ocirc;i mong muốn mang đến những sản phẩm r&egrave;m cửa tốt nhất, rẻ nhất gi&uacute;p cho bữa cơm gia đ&igrave;nh th&ecirc;m đầm ấm, hạnh ph&uacute;c!</p>\r\n\r\n<p>&nbsp;</p>\r\n\r\n<p>&nbsp;</p>\r\n\r\n<p>Loại vải b&oacute;ng mượt, mềm mịn đem lại vẻ sang trọng như nhung, gấm, đũi, lụa, voan... thường một m&agrave;u hoặc mang hoa văn, hoạ tiết ch&igrave;m, trang nh&atilde;, hợp với ph&ograve;ng kh&aacute;ch. Những loại vải bề mặt th&ocirc; r&aacute;p cho cảm gi&aacute;c th&acirc;n mật, gần gũi thi&ecirc;n nhi&ecirc;n lại k&eacute;n phong c&aacute;ch b&agrave;i tr&iacute; như vải bạt, bố, th&ocirc;, thổ cẩm... chỉ n&ecirc;n sử dụng trong ph&ograve;ng b&agrave;y đồ đạc m&acirc;y, tre, gỗ mộc, thảm l&ocirc;ng th&uacute;. Vải b&ocirc;ng, lanh c&oacute; nhiều m&agrave;u hoa văn, hợp với nội thất b&igrave;nh thường, nhất l&agrave; ph&ograve;ng trẻ em, ph&ograve;ng ăn, ph&ograve;ng giải tr&iacute;...<br />\r\n<br />\r\nR&egrave;m (m&agrave;n) m&ugrave;a h&egrave; thường l&agrave; những loại&nbsp;r&egrave;m&nbsp;(m&agrave;n) c&oacute; chất liệu nhẹ nh&agrave;ng như: vải th&ocirc; mỏng, voan, lụa, lanh... c&ograve;n r&egrave;m m&ugrave;a đ&ocirc;ng lại cần tạo sự ấm &aacute;p, n&ecirc;n chất liệu chủ yếu l&agrave; nhung, gấm, th&ocirc; dầy v&agrave; thổ cẩm. Tuy nhi&ecirc;n l&agrave; m&ugrave;a đ&ocirc;ng hay m&ugrave;a h&egrave; việc lựa chọn chất liệu cũng phụ thuộc rất nhiều v&agrave;o mức độ chắn s&aacute;ng của &ocirc; cửa trong nh&agrave;.</p>\r\n\r\n<h3>GI&Aacute; TH&Agrave;NH</h3>\r\n\r\n<p>G&iacute;a:</p>\r\n\r\n<p>&nbsp;Khoảng 760.000đ/ 1m ngang ho&agrave;n thiện trở l&ecirc;n (bao gồm c&ocirc;ng, phụ kiện lắp đặt,&nbsp;</p>\r\n\r\n<h3>BẢO QUẢN V&Agrave; SỬ DỤNG</h3>\r\n', '', '', '02', '', '', '', '', '', '', '', '', '', '', '', '', 0, 'san-pham-02', 'Sản phẩm 02', 'Ngoài tác dụng điều chỉnh ánh sáng cho căn phòng, rèm cửa (màn cửa) còn giữ ấm cho căn phòng khi mùa đông đến, hạn chế cái nóng của mùa hè, bụi và tiếng ồn bên ngoài. ', 'Rèm vải'),
(44, 28, 'en', 'Rèm vải 02', '<p>Ngo&agrave;i t&aacute;c dụng điều chỉnh &aacute;nh s&aacute;ng cho căn ph&ograve;ng, r&egrave;m cửa (m&agrave;n cửa) c&ograve;n giữ ấm cho căn ph&ograve;ng khi m&ugrave;a đ&ocirc;ng đến, hạn chế c&aacute;i n&oacute;ng của m&ugrave;a h&egrave;, bụi v&agrave; tiếng ồn b&ecirc;n ngo&agrave;i.&nbsp;</p>\r\n', '', '', '<h3>M&Ocirc; TẢ SẢN PHẨM</h3>\r\n\r\n<p>Ngo&agrave;i t&aacute;c dụng điều chỉnh &aacute;nh s&aacute;ng cho căn ph&ograve;ng, r&egrave;m cửa (m&agrave;n cửa) c&ograve;n giữ ấm cho căn ph&ograve;ng khi m&ugrave;a đ&ocirc;ng đến, hạn chế c&aacute;i n&oacute;ng của m&ugrave;a h&egrave;, bụi v&agrave; tiếng ồn b&ecirc;n ngo&agrave;i. Kh&ocirc;ng chỉ c&oacute; thế, với kiểu d&aacute;ng v&agrave; m&agrave;u sắc th&iacute;ch hợp,&nbsp;r&egrave;m cửa&nbsp;c&ograve;n c&oacute; thể tạo khoảng kh&ocirc;ng ri&ecirc;ng tư hoặc th&ecirc;m ch&uacute;t vẻ đẹp sang trọng hay l&atilde;ng mạn cho căn ph&ograve;ng.<br />\r\n&nbsp;&nbsp;<br />\r\nChiếc r&egrave;m cửa kh&ocirc;ng chỉ đơn giản l&agrave; vật chắn s&aacute;ng hay tạo khoảng kh&ocirc;ng ri&ecirc;ng tư, n&oacute; c&ograve;n tạo cho mỗi căn ph&ograve;ng một ấn tượng v&agrave; cảm x&uacute;c kh&aacute;c nhau, t&ugrave;y theo c&aacute;ch chọn lựa của chủ nh&acirc;n.<br />\r\n&nbsp;&nbsp;<br />\r\nC&oacute; rất nhiều loại r&egrave;m kh&aacute;c nhau như r&egrave;m v&eacute;n,&nbsp;r&egrave;m roman&nbsp;(hay c&ograve;n gọi l&agrave; r&egrave;m xếp lớp), r&egrave;m cuốn, r&egrave;m l&aacute;,... Bạn cũng c&oacute; thể d&ugrave;ng r&egrave;m tr&uacute;c, r&egrave;m kim loại nhẹ, r&egrave;m bằng nhựa tổng hợp hay r&egrave;m giấy để trang tr&iacute; nh&agrave; cửa. Tuy nhi&ecirc;n, loại r&egrave;m phổ biến vẫn l&agrave; r&egrave;m vải v&igrave; t&iacute;nh năng dễ giặt tẩy, dễ lắp đặt, m&agrave;u v&agrave; kiểu phong ph&uacute;, hợp với nhiều phong c&aacute;ch nội thất.</p>\r\n\r\n<h3>CHẤT LIỆU</h3>\r\n\r\n<p>C&aacute;c loại vải may&nbsp;r&egrave;m cửa&nbsp;đang c&oacute; tr&ecirc;n thị trường rất đa dạng nhưng phần lớn l&agrave; cotton, polyester. Chất liệu thun, ren gần như kh&ocirc;ng c&ograve;n được ưa chuộng nữa v&igrave; dễ b&aacute;m bụi, mau bị sờn. &ETH;ược nhiều người chọn nhất vẫn l&agrave; c&aacute;c loại vải 65% cotton - 35% polyester hay loại 52% cotton - 48% polyester với nhiều nguồn gốc xuất xứ như Trung Quốc, H&agrave;n Quốc, Anh, Indonesia, Nga v&agrave; h&agrave;ng Việt Nam. Thị trường vải may r&egrave;m cửa kh&aacute; đa dạng với h&agrave;ng trăm mẫu hoa văn v&agrave; m&agrave;u sắc kh&aacute;c nhau. C&aacute;c loại r&egrave;m cửa bằng vải cotton, bố gấm, bố th&ocirc;, vải c&oacute; chất liệu chống thấm v&agrave; &iacute;t b&aacute;m bụi với c&aacute;c hoa văn đơn giản, c&aacute;c loại c&oacute; b&ocirc;ng ở ch&acirc;n may theo nếp gấp, li ống, li đứng đang được nhiều người ưa chuộng. C&aacute;c loại&nbsp;r&egrave;m&nbsp;cửa may theo kiểu b&egrave;o s&ograve; hay c&aacute;c kiểu rườm r&agrave; của một hai năm về trước đ&atilde; kh&ocirc;ng c&ograve;n được ưa chuộng. Xu hướng mới nhất năm nay l&agrave; dựa theo c&aacute;c mẫu đơn giản c&oacute; trong catologue nước ngo&agrave;i. Mẫu đang b&aacute;n chạy l&agrave; mẫu m&agrave;u kem với c&aacute;c hoa văn đơn giản. C&aacute;c loại hoa văn được xem l&agrave; mốt mới trong năm nay l&agrave; c&aacute;c h&igrave;nh lập thể, ca r&ocirc; v&agrave; c&aacute;c mẫu hoa nhỏ.</p>\r\n\r\n<h3>MẪU M&Atilde;, KIỂU D&Aacute;NG</h3>\r\n\r\n<p>Ch&uacute;ng t&ocirc;i rất đa dạng về kiểu d&aacute;ng, sản phẩm của&nbsp;r&egrave;m nghệ thuật d&ugrave; mang phong c&aacute;ch cổ điển, hiện đại hay được s&aacute;ng tạo&nbsp;ph&aacute; c&aacute;ch v&agrave; đầy ngẫu hứng vẫn lu&ocirc;n đem đến cho người sử dụng cảm gi&aacute;c th&iacute;ch th&uacute; v&agrave; h&agrave;i l&ograve;ng nhất. Ph&aacute;t huy s&aacute;ng tạo vượt mọi r&agrave;o cản r&egrave;m nghệ thuật l&agrave; đỉnh cao của những s&aacute;ng tạo kh&ocirc;ng giới hạn, ch&uacute;ng t&ocirc;i mong muốn mang đến những sản phẩm r&egrave;m cửa tốt nhất, rẻ nhất gi&uacute;p cho bữa cơm gia đ&igrave;nh th&ecirc;m đầm ấm, hạnh ph&uacute;c!</p>\r\n\r\n<p>&nbsp;</p>\r\n\r\n<p>&nbsp;</p>\r\n\r\n<p>Loại vải b&oacute;ng mượt, mềm mịn đem lại vẻ sang trọng như nhung, gấm, đũi, lụa, voan... thường một m&agrave;u hoặc mang hoa văn, hoạ tiết ch&igrave;m, trang nh&atilde;, hợp với ph&ograve;ng kh&aacute;ch. Những loại vải bề mặt th&ocirc; r&aacute;p cho cảm gi&aacute;c th&acirc;n mật, gần gũi thi&ecirc;n nhi&ecirc;n lại k&eacute;n phong c&aacute;ch b&agrave;i tr&iacute; như vải bạt, bố, th&ocirc;, thổ cẩm... chỉ n&ecirc;n sử dụng trong ph&ograve;ng b&agrave;y đồ đạc m&acirc;y, tre, gỗ mộc, thảm l&ocirc;ng th&uacute;. Vải b&ocirc;ng, lanh c&oacute; nhiều m&agrave;u hoa văn, hợp với nội thất b&igrave;nh thường, nhất l&agrave; ph&ograve;ng trẻ em, ph&ograve;ng ăn, ph&ograve;ng giải tr&iacute;...<br />\r\n<br />\r\nR&egrave;m (m&agrave;n) m&ugrave;a h&egrave; thường l&agrave; những loại&nbsp;r&egrave;m&nbsp;(m&agrave;n) c&oacute; chất liệu nhẹ nh&agrave;ng như: vải th&ocirc; mỏng, voan, lụa, lanh... c&ograve;n r&egrave;m m&ugrave;a đ&ocirc;ng lại cần tạo sự ấm &aacute;p, n&ecirc;n chất liệu chủ yếu l&agrave; nhung, gấm, th&ocirc; dầy v&agrave; thổ cẩm. Tuy nhi&ecirc;n l&agrave; m&ugrave;a đ&ocirc;ng hay m&ugrave;a h&egrave; việc lựa chọn chất liệu cũng phụ thuộc rất nhiều v&agrave;o mức độ chắn s&aacute;ng của &ocirc; cửa trong nh&agrave;.</p>\r\n\r\n<h3>GI&Aacute; TH&Agrave;NH</h3>\r\n\r\n<p>G&iacute;a:</p>\r\n\r\n<p>&nbsp;Khoảng 760.000đ/ 1m ngang ho&agrave;n thiện trở l&ecirc;n (bao gồm c&ocirc;ng, phụ kiện lắp đặt,&nbsp;</p>\r\n\r\n<h3>BẢO QUẢN V&Agrave; SỬ DỤNG</h3>\r\n', '', '', '02', '', '', '', '', '', '', '', '', '', '', '', '', 0, 'rem-vai-02', 'Rèm vải 02', 'Ngoài tác dụng điều chỉnh ánh sáng cho căn phòng, rèm cửa (màn cửa) còn giữ ấm cho căn phòng khi mùa đông đến, hạn chế cái nóng của mùa hè, bụi và tiếng ồn bên ngoài. ', 'Rèm vải'),
(45, 29, 'vn', 'Sản phẩm 03', '<p>Ngo&agrave;i t&aacute;c dụng điều chỉnh &aacute;nh s&aacute;ng cho căn ph&ograve;ng, r&egrave;m cửa (m&agrave;n cửa) c&ograve;n giữ ấm cho căn ph&ograve;ng khi m&ugrave;a đ&ocirc;ng đến, hạn chế c&aacute;i n&oacute;ng của m&ugrave;a h&egrave;, bụi v&agrave; tiếng ồn b&ecirc;n ngo&agrave;i.&nbsp;</p>\r\n', '', '', '<h3>M&Ocirc; TẢ SẢN PHẨM</h3>\r\n\r\n<p>Ngo&agrave;i t&aacute;c dụng điều chỉnh &aacute;nh s&aacute;ng cho căn ph&ograve;ng, r&egrave;m cửa (m&agrave;n cửa) c&ograve;n giữ ấm cho căn ph&ograve;ng khi m&ugrave;a đ&ocirc;ng đến, hạn chế c&aacute;i n&oacute;ng của m&ugrave;a h&egrave;, bụi v&agrave; tiếng ồn b&ecirc;n ngo&agrave;i. Kh&ocirc;ng chỉ c&oacute; thế, với kiểu d&aacute;ng v&agrave; m&agrave;u sắc th&iacute;ch hợp,&nbsp;r&egrave;m cửa&nbsp;c&ograve;n c&oacute; thể tạo khoảng kh&ocirc;ng ri&ecirc;ng tư hoặc th&ecirc;m ch&uacute;t vẻ đẹp sang trọng hay l&atilde;ng mạn cho căn ph&ograve;ng.<br />\r\n&nbsp;&nbsp;<br />\r\nChiếc r&egrave;m cửa kh&ocirc;ng chỉ đơn giản l&agrave; vật chắn s&aacute;ng hay tạo khoảng kh&ocirc;ng ri&ecirc;ng tư, n&oacute; c&ograve;n tạo cho mỗi căn ph&ograve;ng một ấn tượng v&agrave; cảm x&uacute;c kh&aacute;c nhau, t&ugrave;y theo c&aacute;ch chọn lựa của chủ nh&acirc;n.<br />\r\n&nbsp;&nbsp;<br />\r\nC&oacute; rất nhiều loại r&egrave;m kh&aacute;c nhau như r&egrave;m v&eacute;n,&nbsp;r&egrave;m roman&nbsp;(hay c&ograve;n gọi l&agrave; r&egrave;m xếp lớp), r&egrave;m cuốn, r&egrave;m l&aacute;,... Bạn cũng c&oacute; thể d&ugrave;ng r&egrave;m tr&uacute;c, r&egrave;m kim loại nhẹ, r&egrave;m bằng nhựa tổng hợp hay r&egrave;m giấy để trang tr&iacute; nh&agrave; cửa. Tuy nhi&ecirc;n, loại r&egrave;m phổ biến vẫn l&agrave; r&egrave;m vải v&igrave; t&iacute;nh năng dễ giặt tẩy, dễ lắp đặt, m&agrave;u v&agrave; kiểu phong ph&uacute;, hợp với nhiều phong c&aacute;ch nội thất.</p>\r\n\r\n<h3>CHẤT LIỆU</h3>\r\n\r\n<p>C&aacute;c loại vải may&nbsp;r&egrave;m cửa&nbsp;đang c&oacute; tr&ecirc;n thị trường rất đa dạng nhưng phần lớn l&agrave; cotton, polyester. Chất liệu thun, ren gần như kh&ocirc;ng c&ograve;n được ưa chuộng nữa v&igrave; dễ b&aacute;m bụi, mau bị sờn. &ETH;ược nhiều người chọn nhất vẫn l&agrave; c&aacute;c loại vải 65% cotton - 35% polyester hay loại 52% cotton - 48% polyester với nhiều nguồn gốc xuất xứ như Trung Quốc, H&agrave;n Quốc, Anh, Indonesia, Nga v&agrave; h&agrave;ng Việt Nam. Thị trường vải may r&egrave;m cửa kh&aacute; đa dạng với h&agrave;ng trăm mẫu hoa văn v&agrave; m&agrave;u sắc kh&aacute;c nhau. C&aacute;c loại r&egrave;m cửa bằng vải cotton, bố gấm, bố th&ocirc;, vải c&oacute; chất liệu chống thấm v&agrave; &iacute;t b&aacute;m bụi với c&aacute;c hoa văn đơn giản, c&aacute;c loại c&oacute; b&ocirc;ng ở ch&acirc;n may theo nếp gấp, li ống, li đứng đang được nhiều người ưa chuộng. C&aacute;c loại&nbsp;r&egrave;m&nbsp;cửa may theo kiểu b&egrave;o s&ograve; hay c&aacute;c kiểu rườm r&agrave; của một hai năm về trước đ&atilde; kh&ocirc;ng c&ograve;n được ưa chuộng. Xu hướng mới nhất năm nay l&agrave; dựa theo c&aacute;c mẫu đơn giản c&oacute; trong catologue nước ngo&agrave;i. Mẫu đang b&aacute;n chạy l&agrave; mẫu m&agrave;u kem với c&aacute;c hoa văn đơn giản. C&aacute;c loại hoa văn được xem l&agrave; mốt mới trong năm nay l&agrave; c&aacute;c h&igrave;nh lập thể, ca r&ocirc; v&agrave; c&aacute;c mẫu hoa nhỏ.</p>\r\n\r\n<h3>MẪU M&Atilde;, KIỂU D&Aacute;NG</h3>\r\n\r\n<p>Ch&uacute;ng t&ocirc;i rất đa dạng về kiểu d&aacute;ng, sản phẩm của&nbsp;r&egrave;m nghệ thuật d&ugrave; mang phong c&aacute;ch cổ điển, hiện đại hay được s&aacute;ng tạo&nbsp;ph&aacute; c&aacute;ch v&agrave; đầy ngẫu hứng vẫn lu&ocirc;n đem đến cho người sử dụng cảm gi&aacute;c th&iacute;ch th&uacute; v&agrave; h&agrave;i l&ograve;ng nhất. Ph&aacute;t huy s&aacute;ng tạo vượt mọi r&agrave;o cản r&egrave;m nghệ thuật l&agrave; đỉnh cao của những s&aacute;ng tạo kh&ocirc;ng giới hạn, ch&uacute;ng t&ocirc;i mong muốn mang đến những sản phẩm r&egrave;m cửa tốt nhất, rẻ nhất gi&uacute;p cho bữa cơm gia đ&igrave;nh th&ecirc;m đầm ấm, hạnh ph&uacute;c!</p>\r\n\r\n<p>&nbsp;</p>\r\n\r\n<p>&nbsp;</p>\r\n\r\n<p>Loại vải b&oacute;ng mượt, mềm mịn đem lại vẻ sang trọng như nhung, gấm, đũi, lụa, voan... thường một m&agrave;u hoặc mang hoa văn, hoạ tiết ch&igrave;m, trang nh&atilde;, hợp với ph&ograve;ng kh&aacute;ch. Những loại vải bề mặt th&ocirc; r&aacute;p cho cảm gi&aacute;c th&acirc;n mật, gần gũi thi&ecirc;n nhi&ecirc;n lại k&eacute;n phong c&aacute;ch b&agrave;i tr&iacute; như vải bạt, bố, th&ocirc;, thổ cẩm... chỉ n&ecirc;n sử dụng trong ph&ograve;ng b&agrave;y đồ đạc m&acirc;y, tre, gỗ mộc, thảm l&ocirc;ng th&uacute;. Vải b&ocirc;ng, lanh c&oacute; nhiều m&agrave;u hoa văn, hợp với nội thất b&igrave;nh thường, nhất l&agrave; ph&ograve;ng trẻ em, ph&ograve;ng ăn, ph&ograve;ng giải tr&iacute;...<br />\r\n<br />\r\nR&egrave;m (m&agrave;n) m&ugrave;a h&egrave; thường l&agrave; những loại&nbsp;r&egrave;m&nbsp;(m&agrave;n) c&oacute; chất liệu nhẹ nh&agrave;ng như: vải th&ocirc; mỏng, voan, lụa, lanh... c&ograve;n r&egrave;m m&ugrave;a đ&ocirc;ng lại cần tạo sự ấm &aacute;p, n&ecirc;n chất liệu chủ yếu l&agrave; nhung, gấm, th&ocirc; dầy v&agrave; thổ cẩm. Tuy nhi&ecirc;n l&agrave; m&ugrave;a đ&ocirc;ng hay m&ugrave;a h&egrave; việc lựa chọn chất liệu cũng phụ thuộc rất nhiều v&agrave;o mức độ chắn s&aacute;ng của &ocirc; cửa trong nh&agrave;.</p>\r\n\r\n<h3>GI&Aacute; TH&Agrave;NH</h3>\r\n\r\n<p>G&iacute;a:</p>\r\n\r\n<p>&nbsp;Khoảng 760.000đ/ 1m ngang ho&agrave;n thiện trở l&ecirc;n (bao gồm c&ocirc;ng, phụ kiện lắp đặt,&nbsp;</p>\r\n\r\n<h3>BẢO QUẢN V&Agrave; SỬ DỤNG</h3>\r\n', '', '', '03', '', '', '', '', '', '', '', '', '', '', '', '', 0, 'san-pham-03', 'Sản phẩm 03', 'Ngoài tác dụng điều chỉnh ánh sáng cho căn phòng, rèm cửa (màn cửa) còn giữ ấm cho căn phòng khi mùa đông đến, hạn chế cái nóng của mùa hè, bụi và tiếng ồn bên ngoài. ', 'Rèm vải'),
(46, 29, 'en', 'Rèm vải 03', '<p>Ngo&agrave;i t&aacute;c dụng điều chỉnh &aacute;nh s&aacute;ng cho căn ph&ograve;ng, r&egrave;m cửa (m&agrave;n cửa) c&ograve;n giữ ấm cho căn ph&ograve;ng khi m&ugrave;a đ&ocirc;ng đến, hạn chế c&aacute;i n&oacute;ng của m&ugrave;a h&egrave;, bụi v&agrave; tiếng ồn b&ecirc;n ngo&agrave;i.&nbsp;</p>\r\n', '', '', '<h3>M&Ocirc; TẢ SẢN PHẨM</h3>\r\n\r\n<p>Ngo&agrave;i t&aacute;c dụng điều chỉnh &aacute;nh s&aacute;ng cho căn ph&ograve;ng, r&egrave;m cửa (m&agrave;n cửa) c&ograve;n giữ ấm cho căn ph&ograve;ng khi m&ugrave;a đ&ocirc;ng đến, hạn chế c&aacute;i n&oacute;ng của m&ugrave;a h&egrave;, bụi v&agrave; tiếng ồn b&ecirc;n ngo&agrave;i. Kh&ocirc;ng chỉ c&oacute; thế, với kiểu d&aacute;ng v&agrave; m&agrave;u sắc th&iacute;ch hợp,&nbsp;r&egrave;m cửa&nbsp;c&ograve;n c&oacute; thể tạo khoảng kh&ocirc;ng ri&ecirc;ng tư hoặc th&ecirc;m ch&uacute;t vẻ đẹp sang trọng hay l&atilde;ng mạn cho căn ph&ograve;ng.<br />\r\n&nbsp;&nbsp;<br />\r\nChiếc r&egrave;m cửa kh&ocirc;ng chỉ đơn giản l&agrave; vật chắn s&aacute;ng hay tạo khoảng kh&ocirc;ng ri&ecirc;ng tư, n&oacute; c&ograve;n tạo cho mỗi căn ph&ograve;ng một ấn tượng v&agrave; cảm x&uacute;c kh&aacute;c nhau, t&ugrave;y theo c&aacute;ch chọn lựa của chủ nh&acirc;n.<br />\r\n&nbsp;&nbsp;<br />\r\nC&oacute; rất nhiều loại r&egrave;m kh&aacute;c nhau như r&egrave;m v&eacute;n,&nbsp;r&egrave;m roman&nbsp;(hay c&ograve;n gọi l&agrave; r&egrave;m xếp lớp), r&egrave;m cuốn, r&egrave;m l&aacute;,... Bạn cũng c&oacute; thể d&ugrave;ng r&egrave;m tr&uacute;c, r&egrave;m kim loại nhẹ, r&egrave;m bằng nhựa tổng hợp hay r&egrave;m giấy để trang tr&iacute; nh&agrave; cửa. Tuy nhi&ecirc;n, loại r&egrave;m phổ biến vẫn l&agrave; r&egrave;m vải v&igrave; t&iacute;nh năng dễ giặt tẩy, dễ lắp đặt, m&agrave;u v&agrave; kiểu phong ph&uacute;, hợp với nhiều phong c&aacute;ch nội thất.</p>\r\n\r\n<h3>CHẤT LIỆU</h3>\r\n\r\n<p>C&aacute;c loại vải may&nbsp;r&egrave;m cửa&nbsp;đang c&oacute; tr&ecirc;n thị trường rất đa dạng nhưng phần lớn l&agrave; cotton, polyester. Chất liệu thun, ren gần như kh&ocirc;ng c&ograve;n được ưa chuộng nữa v&igrave; dễ b&aacute;m bụi, mau bị sờn. &ETH;ược nhiều người chọn nhất vẫn l&agrave; c&aacute;c loại vải 65% cotton - 35% polyester hay loại 52% cotton - 48% polyester với nhiều nguồn gốc xuất xứ như Trung Quốc, H&agrave;n Quốc, Anh, Indonesia, Nga v&agrave; h&agrave;ng Việt Nam. Thị trường vải may r&egrave;m cửa kh&aacute; đa dạng với h&agrave;ng trăm mẫu hoa văn v&agrave; m&agrave;u sắc kh&aacute;c nhau. C&aacute;c loại r&egrave;m cửa bằng vải cotton, bố gấm, bố th&ocirc;, vải c&oacute; chất liệu chống thấm v&agrave; &iacute;t b&aacute;m bụi với c&aacute;c hoa văn đơn giản, c&aacute;c loại c&oacute; b&ocirc;ng ở ch&acirc;n may theo nếp gấp, li ống, li đứng đang được nhiều người ưa chuộng. C&aacute;c loại&nbsp;r&egrave;m&nbsp;cửa may theo kiểu b&egrave;o s&ograve; hay c&aacute;c kiểu rườm r&agrave; của một hai năm về trước đ&atilde; kh&ocirc;ng c&ograve;n được ưa chuộng. Xu hướng mới nhất năm nay l&agrave; dựa theo c&aacute;c mẫu đơn giản c&oacute; trong catologue nước ngo&agrave;i. Mẫu đang b&aacute;n chạy l&agrave; mẫu m&agrave;u kem với c&aacute;c hoa văn đơn giản. C&aacute;c loại hoa văn được xem l&agrave; mốt mới trong năm nay l&agrave; c&aacute;c h&igrave;nh lập thể, ca r&ocirc; v&agrave; c&aacute;c mẫu hoa nhỏ.</p>\r\n\r\n<h3>MẪU M&Atilde;, KIỂU D&Aacute;NG</h3>\r\n\r\n<p>Ch&uacute;ng t&ocirc;i rất đa dạng về kiểu d&aacute;ng, sản phẩm của&nbsp;r&egrave;m nghệ thuật d&ugrave; mang phong c&aacute;ch cổ điển, hiện đại hay được s&aacute;ng tạo&nbsp;ph&aacute; c&aacute;ch v&agrave; đầy ngẫu hứng vẫn lu&ocirc;n đem đến cho người sử dụng cảm gi&aacute;c th&iacute;ch th&uacute; v&agrave; h&agrave;i l&ograve;ng nhất. Ph&aacute;t huy s&aacute;ng tạo vượt mọi r&agrave;o cản r&egrave;m nghệ thuật l&agrave; đỉnh cao của những s&aacute;ng tạo kh&ocirc;ng giới hạn, ch&uacute;ng t&ocirc;i mong muốn mang đến những sản phẩm r&egrave;m cửa tốt nhất, rẻ nhất gi&uacute;p cho bữa cơm gia đ&igrave;nh th&ecirc;m đầm ấm, hạnh ph&uacute;c!</p>\r\n\r\n<p>&nbsp;</p>\r\n\r\n<p>&nbsp;</p>\r\n\r\n<p>Loại vải b&oacute;ng mượt, mềm mịn đem lại vẻ sang trọng như nhung, gấm, đũi, lụa, voan... thường một m&agrave;u hoặc mang hoa văn, hoạ tiết ch&igrave;m, trang nh&atilde;, hợp với ph&ograve;ng kh&aacute;ch. Những loại vải bề mặt th&ocirc; r&aacute;p cho cảm gi&aacute;c th&acirc;n mật, gần gũi thi&ecirc;n nhi&ecirc;n lại k&eacute;n phong c&aacute;ch b&agrave;i tr&iacute; như vải bạt, bố, th&ocirc;, thổ cẩm... chỉ n&ecirc;n sử dụng trong ph&ograve;ng b&agrave;y đồ đạc m&acirc;y, tre, gỗ mộc, thảm l&ocirc;ng th&uacute;. Vải b&ocirc;ng, lanh c&oacute; nhiều m&agrave;u hoa văn, hợp với nội thất b&igrave;nh thường, nhất l&agrave; ph&ograve;ng trẻ em, ph&ograve;ng ăn, ph&ograve;ng giải tr&iacute;...<br />\r\n<br />\r\nR&egrave;m (m&agrave;n) m&ugrave;a h&egrave; thường l&agrave; những loại&nbsp;r&egrave;m&nbsp;(m&agrave;n) c&oacute; chất liệu nhẹ nh&agrave;ng như: vải th&ocirc; mỏng, voan, lụa, lanh... c&ograve;n r&egrave;m m&ugrave;a đ&ocirc;ng lại cần tạo sự ấm &aacute;p, n&ecirc;n chất liệu chủ yếu l&agrave; nhung, gấm, th&ocirc; dầy v&agrave; thổ cẩm. Tuy nhi&ecirc;n l&agrave; m&ugrave;a đ&ocirc;ng hay m&ugrave;a h&egrave; việc lựa chọn chất liệu cũng phụ thuộc rất nhiều v&agrave;o mức độ chắn s&aacute;ng của &ocirc; cửa trong nh&agrave;.</p>\r\n\r\n<h3>GI&Aacute; TH&Agrave;NH</h3>\r\n\r\n<p>G&iacute;a:</p>\r\n\r\n<p>&nbsp;Khoảng 760.000đ/ 1m ngang ho&agrave;n thiện trở l&ecirc;n (bao gồm c&ocirc;ng, phụ kiện lắp đặt,&nbsp;</p>\r\n\r\n<h3>BẢO QUẢN V&Agrave; SỬ DỤNG</h3>\r\n', '', '', '03', '', '', '', '', '', '', '', '', '', '', '', '', 0, 'rem-vai-03', 'Rèm vải 03', 'Ngoài tác dụng điều chỉnh ánh sáng cho căn phòng, rèm cửa (màn cửa) còn giữ ấm cho căn phòng khi mùa đông đến, hạn chế cái nóng của mùa hè, bụi và tiếng ồn bên ngoài. ', 'Rèm vải'),
(47, 30, 'vn', 'Sản phẩm 04', '<p>Ngo&agrave;i t&aacute;c dụng điều chỉnh &aacute;nh s&aacute;ng cho căn ph&ograve;ng, r&egrave;m cửa (m&agrave;n cửa) c&ograve;n giữ ấm cho căn ph&ograve;ng khi m&ugrave;a đ&ocirc;ng đến, hạn chế c&aacute;i n&oacute;ng của m&ugrave;a h&egrave;, bụi v&agrave; tiếng ồn b&ecirc;n ngo&agrave;i.&nbsp;</p>\r\n', '', '', '<h3>M&Ocirc; TẢ SẢN PHẨM</h3>\r\n\r\n<p>Ngo&agrave;i t&aacute;c dụng điều chỉnh &aacute;nh s&aacute;ng cho căn ph&ograve;ng, r&egrave;m cửa (m&agrave;n cửa) c&ograve;n giữ ấm cho căn ph&ograve;ng khi m&ugrave;a đ&ocirc;ng đến, hạn chế c&aacute;i n&oacute;ng của m&ugrave;a h&egrave;, bụi v&agrave; tiếng ồn b&ecirc;n ngo&agrave;i. Kh&ocirc;ng chỉ c&oacute; thế, với kiểu d&aacute;ng v&agrave; m&agrave;u sắc th&iacute;ch hợp,&nbsp;r&egrave;m cửa&nbsp;c&ograve;n c&oacute; thể tạo khoảng kh&ocirc;ng ri&ecirc;ng tư hoặc th&ecirc;m ch&uacute;t vẻ đẹp sang trọng hay l&atilde;ng mạn cho căn ph&ograve;ng.<br />\r\n&nbsp;&nbsp;<br />\r\nChiếc r&egrave;m cửa kh&ocirc;ng chỉ đơn giản l&agrave; vật chắn s&aacute;ng hay tạo khoảng kh&ocirc;ng ri&ecirc;ng tư, n&oacute; c&ograve;n tạo cho mỗi căn ph&ograve;ng một ấn tượng v&agrave; cảm x&uacute;c kh&aacute;c nhau, t&ugrave;y theo c&aacute;ch chọn lựa của chủ nh&acirc;n.<br />\r\n&nbsp;&nbsp;<br />\r\nC&oacute; rất nhiều loại r&egrave;m kh&aacute;c nhau như r&egrave;m v&eacute;n,&nbsp;r&egrave;m roman&nbsp;(hay c&ograve;n gọi l&agrave; r&egrave;m xếp lớp), r&egrave;m cuốn, r&egrave;m l&aacute;,... Bạn cũng c&oacute; thể d&ugrave;ng r&egrave;m tr&uacute;c, r&egrave;m kim loại nhẹ, r&egrave;m bằng nhựa tổng hợp hay r&egrave;m giấy để trang tr&iacute; nh&agrave; cửa. Tuy nhi&ecirc;n, loại r&egrave;m phổ biến vẫn l&agrave; r&egrave;m vải v&igrave; t&iacute;nh năng dễ giặt tẩy, dễ lắp đặt, m&agrave;u v&agrave; kiểu phong ph&uacute;, hợp với nhiều phong c&aacute;ch nội thất.</p>\r\n\r\n<h3>CHẤT LIỆU</h3>\r\n\r\n<p>C&aacute;c loại vải may&nbsp;r&egrave;m cửa&nbsp;đang c&oacute; tr&ecirc;n thị trường rất đa dạng nhưng phần lớn l&agrave; cotton, polyester. Chất liệu thun, ren gần như kh&ocirc;ng c&ograve;n được ưa chuộng nữa v&igrave; dễ b&aacute;m bụi, mau bị sờn. &ETH;ược nhiều người chọn nhất vẫn l&agrave; c&aacute;c loại vải 65% cotton - 35% polyester hay loại 52% cotton - 48% polyester với nhiều nguồn gốc xuất xứ như Trung Quốc, H&agrave;n Quốc, Anh, Indonesia, Nga v&agrave; h&agrave;ng Việt Nam. Thị trường vải may r&egrave;m cửa kh&aacute; đa dạng với h&agrave;ng trăm mẫu hoa văn v&agrave; m&agrave;u sắc kh&aacute;c nhau. C&aacute;c loại r&egrave;m cửa bằng vải cotton, bố gấm, bố th&ocirc;, vải c&oacute; chất liệu chống thấm v&agrave; &iacute;t b&aacute;m bụi với c&aacute;c hoa văn đơn giản, c&aacute;c loại c&oacute; b&ocirc;ng ở ch&acirc;n may theo nếp gấp, li ống, li đứng đang được nhiều người ưa chuộng. C&aacute;c loại&nbsp;r&egrave;m&nbsp;cửa may theo kiểu b&egrave;o s&ograve; hay c&aacute;c kiểu rườm r&agrave; của một hai năm về trước đ&atilde; kh&ocirc;ng c&ograve;n được ưa chuộng. Xu hướng mới nhất năm nay l&agrave; dựa theo c&aacute;c mẫu đơn giản c&oacute; trong catologue nước ngo&agrave;i. Mẫu đang b&aacute;n chạy l&agrave; mẫu m&agrave;u kem với c&aacute;c hoa văn đơn giản. C&aacute;c loại hoa văn được xem l&agrave; mốt mới trong năm nay l&agrave; c&aacute;c h&igrave;nh lập thể, ca r&ocirc; v&agrave; c&aacute;c mẫu hoa nhỏ.</p>\r\n\r\n<h3>MẪU M&Atilde;, KIỂU D&Aacute;NG</h3>\r\n\r\n<p>Ch&uacute;ng t&ocirc;i rất đa dạng về kiểu d&aacute;ng, sản phẩm của&nbsp;r&egrave;m nghệ thuật d&ugrave; mang phong c&aacute;ch cổ điển, hiện đại hay được s&aacute;ng tạo&nbsp;ph&aacute; c&aacute;ch v&agrave; đầy ngẫu hứng vẫn lu&ocirc;n đem đến cho người sử dụng cảm gi&aacute;c th&iacute;ch th&uacute; v&agrave; h&agrave;i l&ograve;ng nhất. Ph&aacute;t huy s&aacute;ng tạo vượt mọi r&agrave;o cản r&egrave;m nghệ thuật l&agrave; đỉnh cao của những s&aacute;ng tạo kh&ocirc;ng giới hạn, ch&uacute;ng t&ocirc;i mong muốn mang đến những sản phẩm r&egrave;m cửa tốt nhất, rẻ nhất gi&uacute;p cho bữa cơm gia đ&igrave;nh th&ecirc;m đầm ấm, hạnh ph&uacute;c!</p>\r\n\r\n<p>&nbsp;</p>\r\n\r\n<p>&nbsp;</p>\r\n\r\n<p>Loại vải b&oacute;ng mượt, mềm mịn đem lại vẻ sang trọng như nhung, gấm, đũi, lụa, voan... thường một m&agrave;u hoặc mang hoa văn, hoạ tiết ch&igrave;m, trang nh&atilde;, hợp với ph&ograve;ng kh&aacute;ch. Những loại vải bề mặt th&ocirc; r&aacute;p cho cảm gi&aacute;c th&acirc;n mật, gần gũi thi&ecirc;n nhi&ecirc;n lại k&eacute;n phong c&aacute;ch b&agrave;i tr&iacute; như vải bạt, bố, th&ocirc;, thổ cẩm... chỉ n&ecirc;n sử dụng trong ph&ograve;ng b&agrave;y đồ đạc m&acirc;y, tre, gỗ mộc, thảm l&ocirc;ng th&uacute;. Vải b&ocirc;ng, lanh c&oacute; nhiều m&agrave;u hoa văn, hợp với nội thất b&igrave;nh thường, nhất l&agrave; ph&ograve;ng trẻ em, ph&ograve;ng ăn, ph&ograve;ng giải tr&iacute;...<br />\r\n<br />\r\nR&egrave;m (m&agrave;n) m&ugrave;a h&egrave; thường l&agrave; những loại&nbsp;r&egrave;m&nbsp;(m&agrave;n) c&oacute; chất liệu nhẹ nh&agrave;ng như: vải th&ocirc; mỏng, voan, lụa, lanh... c&ograve;n r&egrave;m m&ugrave;a đ&ocirc;ng lại cần tạo sự ấm &aacute;p, n&ecirc;n chất liệu chủ yếu l&agrave; nhung, gấm, th&ocirc; dầy v&agrave; thổ cẩm. Tuy nhi&ecirc;n l&agrave; m&ugrave;a đ&ocirc;ng hay m&ugrave;a h&egrave; việc lựa chọn chất liệu cũng phụ thuộc rất nhiều v&agrave;o mức độ chắn s&aacute;ng của &ocirc; cửa trong nh&agrave;.</p>\r\n\r\n<h3>GI&Aacute; TH&Agrave;NH</h3>\r\n\r\n<p>G&iacute;a:</p>\r\n\r\n<p>&nbsp;Khoảng 760.000đ/ 1m ngang ho&agrave;n thiện trở l&ecirc;n (bao gồm c&ocirc;ng, phụ kiện lắp đặt,&nbsp;</p>\r\n\r\n<h3>BẢO QUẢN V&Agrave; SỬ DỤNG</h3>\r\n', '', '', '01', '', '', '', '', '', '', '', '', '', '', '', '', 0, 'san-pham-04', 'Sản phẩm 04', 'Ngoài tác dụng điều chỉnh ánh sáng cho căn phòng, rèm cửa (màn cửa) còn giữ ấm cho căn phòng khi mùa đông đến, hạn chế cái nóng của mùa hè, bụi và tiếng ồn bên ngoài. ', 'Rèm vải'),
(48, 30, 'en', 'Rèm vải 04', '<p>Ngo&agrave;i t&aacute;c dụng điều chỉnh &aacute;nh s&aacute;ng cho căn ph&ograve;ng, r&egrave;m cửa (m&agrave;n cửa) c&ograve;n giữ ấm cho căn ph&ograve;ng khi m&ugrave;a đ&ocirc;ng đến, hạn chế c&aacute;i n&oacute;ng của m&ugrave;a h&egrave;, bụi v&agrave; tiếng ồn b&ecirc;n ngo&agrave;i.&nbsp;</p>\r\n', '', '', '<h3>M&Ocirc; TẢ SẢN PHẨM</h3>\r\n\r\n<p>Ngo&agrave;i t&aacute;c dụng điều chỉnh &aacute;nh s&aacute;ng cho căn ph&ograve;ng, r&egrave;m cửa (m&agrave;n cửa) c&ograve;n giữ ấm cho căn ph&ograve;ng khi m&ugrave;a đ&ocirc;ng đến, hạn chế c&aacute;i n&oacute;ng của m&ugrave;a h&egrave;, bụi v&agrave; tiếng ồn b&ecirc;n ngo&agrave;i. Kh&ocirc;ng chỉ c&oacute; thế, với kiểu d&aacute;ng v&agrave; m&agrave;u sắc th&iacute;ch hợp,&nbsp;r&egrave;m cửa&nbsp;c&ograve;n c&oacute; thể tạo khoảng kh&ocirc;ng ri&ecirc;ng tư hoặc th&ecirc;m ch&uacute;t vẻ đẹp sang trọng hay l&atilde;ng mạn cho căn ph&ograve;ng.<br />\r\n&nbsp;&nbsp;<br />\r\nChiếc r&egrave;m cửa kh&ocirc;ng chỉ đơn giản l&agrave; vật chắn s&aacute;ng hay tạo khoảng kh&ocirc;ng ri&ecirc;ng tư, n&oacute; c&ograve;n tạo cho mỗi căn ph&ograve;ng một ấn tượng v&agrave; cảm x&uacute;c kh&aacute;c nhau, t&ugrave;y theo c&aacute;ch chọn lựa của chủ nh&acirc;n.<br />\r\n&nbsp;&nbsp;<br />\r\nC&oacute; rất nhiều loại r&egrave;m kh&aacute;c nhau như r&egrave;m v&eacute;n,&nbsp;r&egrave;m roman&nbsp;(hay c&ograve;n gọi l&agrave; r&egrave;m xếp lớp), r&egrave;m cuốn, r&egrave;m l&aacute;,... Bạn cũng c&oacute; thể d&ugrave;ng r&egrave;m tr&uacute;c, r&egrave;m kim loại nhẹ, r&egrave;m bằng nhựa tổng hợp hay r&egrave;m giấy để trang tr&iacute; nh&agrave; cửa. Tuy nhi&ecirc;n, loại r&egrave;m phổ biến vẫn l&agrave; r&egrave;m vải v&igrave; t&iacute;nh năng dễ giặt tẩy, dễ lắp đặt, m&agrave;u v&agrave; kiểu phong ph&uacute;, hợp với nhiều phong c&aacute;ch nội thất.</p>\r\n\r\n<h3>CHẤT LIỆU</h3>\r\n\r\n<p>C&aacute;c loại vải may&nbsp;r&egrave;m cửa&nbsp;đang c&oacute; tr&ecirc;n thị trường rất đa dạng nhưng phần lớn l&agrave; cotton, polyester. Chất liệu thun, ren gần như kh&ocirc;ng c&ograve;n được ưa chuộng nữa v&igrave; dễ b&aacute;m bụi, mau bị sờn. &ETH;ược nhiều người chọn nhất vẫn l&agrave; c&aacute;c loại vải 65% cotton - 35% polyester hay loại 52% cotton - 48% polyester với nhiều nguồn gốc xuất xứ như Trung Quốc, H&agrave;n Quốc, Anh, Indonesia, Nga v&agrave; h&agrave;ng Việt Nam. Thị trường vải may r&egrave;m cửa kh&aacute; đa dạng với h&agrave;ng trăm mẫu hoa văn v&agrave; m&agrave;u sắc kh&aacute;c nhau. C&aacute;c loại r&egrave;m cửa bằng vải cotton, bố gấm, bố th&ocirc;, vải c&oacute; chất liệu chống thấm v&agrave; &iacute;t b&aacute;m bụi với c&aacute;c hoa văn đơn giản, c&aacute;c loại c&oacute; b&ocirc;ng ở ch&acirc;n may theo nếp gấp, li ống, li đứng đang được nhiều người ưa chuộng. C&aacute;c loại&nbsp;r&egrave;m&nbsp;cửa may theo kiểu b&egrave;o s&ograve; hay c&aacute;c kiểu rườm r&agrave; của một hai năm về trước đ&atilde; kh&ocirc;ng c&ograve;n được ưa chuộng. Xu hướng mới nhất năm nay l&agrave; dựa theo c&aacute;c mẫu đơn giản c&oacute; trong catologue nước ngo&agrave;i. Mẫu đang b&aacute;n chạy l&agrave; mẫu m&agrave;u kem với c&aacute;c hoa văn đơn giản. C&aacute;c loại hoa văn được xem l&agrave; mốt mới trong năm nay l&agrave; c&aacute;c h&igrave;nh lập thể, ca r&ocirc; v&agrave; c&aacute;c mẫu hoa nhỏ.</p>\r\n\r\n<h3>MẪU M&Atilde;, KIỂU D&Aacute;NG</h3>\r\n\r\n<p>Ch&uacute;ng t&ocirc;i rất đa dạng về kiểu d&aacute;ng, sản phẩm của&nbsp;r&egrave;m nghệ thuật d&ugrave; mang phong c&aacute;ch cổ điển, hiện đại hay được s&aacute;ng tạo&nbsp;ph&aacute; c&aacute;ch v&agrave; đầy ngẫu hứng vẫn lu&ocirc;n đem đến cho người sử dụng cảm gi&aacute;c th&iacute;ch th&uacute; v&agrave; h&agrave;i l&ograve;ng nhất. Ph&aacute;t huy s&aacute;ng tạo vượt mọi r&agrave;o cản r&egrave;m nghệ thuật l&agrave; đỉnh cao của những s&aacute;ng tạo kh&ocirc;ng giới hạn, ch&uacute;ng t&ocirc;i mong muốn mang đến những sản phẩm r&egrave;m cửa tốt nhất, rẻ nhất gi&uacute;p cho bữa cơm gia đ&igrave;nh th&ecirc;m đầm ấm, hạnh ph&uacute;c!</p>\r\n\r\n<p>&nbsp;</p>\r\n\r\n<p>&nbsp;</p>\r\n\r\n<p>Loại vải b&oacute;ng mượt, mềm mịn đem lại vẻ sang trọng như nhung, gấm, đũi, lụa, voan... thường một m&agrave;u hoặc mang hoa văn, hoạ tiết ch&igrave;m, trang nh&atilde;, hợp với ph&ograve;ng kh&aacute;ch. Những loại vải bề mặt th&ocirc; r&aacute;p cho cảm gi&aacute;c th&acirc;n mật, gần gũi thi&ecirc;n nhi&ecirc;n lại k&eacute;n phong c&aacute;ch b&agrave;i tr&iacute; như vải bạt, bố, th&ocirc;, thổ cẩm... chỉ n&ecirc;n sử dụng trong ph&ograve;ng b&agrave;y đồ đạc m&acirc;y, tre, gỗ mộc, thảm l&ocirc;ng th&uacute;. Vải b&ocirc;ng, lanh c&oacute; nhiều m&agrave;u hoa văn, hợp với nội thất b&igrave;nh thường, nhất l&agrave; ph&ograve;ng trẻ em, ph&ograve;ng ăn, ph&ograve;ng giải tr&iacute;...<br />\r\n<br />\r\nR&egrave;m (m&agrave;n) m&ugrave;a h&egrave; thường l&agrave; những loại&nbsp;r&egrave;m&nbsp;(m&agrave;n) c&oacute; chất liệu nhẹ nh&agrave;ng như: vải th&ocirc; mỏng, voan, lụa, lanh... c&ograve;n r&egrave;m m&ugrave;a đ&ocirc;ng lại cần tạo sự ấm &aacute;p, n&ecirc;n chất liệu chủ yếu l&agrave; nhung, gấm, th&ocirc; dầy v&agrave; thổ cẩm. Tuy nhi&ecirc;n l&agrave; m&ugrave;a đ&ocirc;ng hay m&ugrave;a h&egrave; việc lựa chọn chất liệu cũng phụ thuộc rất nhiều v&agrave;o mức độ chắn s&aacute;ng của &ocirc; cửa trong nh&agrave;.</p>\r\n\r\n<h3>GI&Aacute; TH&Agrave;NH</h3>\r\n\r\n<p>G&iacute;a:</p>\r\n\r\n<p>&nbsp;Khoảng 760.000đ/ 1m ngang ho&agrave;n thiện trở l&ecirc;n (bao gồm c&ocirc;ng, phụ kiện lắp đặt,&nbsp;</p>\r\n\r\n<h3>BẢO QUẢN V&Agrave; SỬ DỤNG</h3>\r\n', '', '', '01', '', '', '', '', '', '', '', '', '', '', '', '', 0, 'rem-vai-04', 'Rèm vải 04', 'Ngoài tác dụng điều chỉnh ánh sáng cho căn phòng, rèm cửa (màn cửa) còn giữ ấm cho căn phòng khi mùa đông đến, hạn chế cái nóng của mùa hè, bụi và tiếng ồn bên ngoài. ', 'Rèm vải');
INSERT INTO `product_languages` (`id`, `product_id`, `languages_code`, `lang_product_name`, `lang_product_des`, `lang_product_des2`, `lang_product_des3`, `lang_product_content`, `lang_product_content2`, `lang_product_content3`, `lang_product_code`, `lang_product_original`, `lang_product_size`, `lang_product_package`, `lang_product_delivery`, `lang_product_delivery_time`, `lang_product_payment`, `lang_product_payment_type`, `lang_product_sub_info1`, `lang_product_sub_info2`, `lang_product_sub_info3`, `lang_product_sub_info4`, `lang_product_sub_info5`, `edit_state`, `friendly_url`, `title_seo`, `des_seo`, `keyword`) VALUES
(49, 31, 'vn', 'Sản phẩm 05', '<p>Ngo&agrave;i t&aacute;c dụng điều chỉnh &aacute;nh s&aacute;ng cho căn ph&ograve;ng, r&egrave;m cửa (m&agrave;n cửa) c&ograve;n giữ ấm cho căn ph&ograve;ng khi m&ugrave;a đ&ocirc;ng đến, hạn chế c&aacute;i n&oacute;ng của m&ugrave;a h&egrave;, bụi v&agrave; tiếng ồn b&ecirc;n ngo&agrave;i.&nbsp;</p>\r\n', '', '', '<h3>M&Ocirc; TẢ SẢN PHẨM</h3>\r\n\r\n<p>Ngo&agrave;i t&aacute;c dụng điều chỉnh &aacute;nh s&aacute;ng cho căn ph&ograve;ng, r&egrave;m cửa (m&agrave;n cửa) c&ograve;n giữ ấm cho căn ph&ograve;ng khi m&ugrave;a đ&ocirc;ng đến, hạn chế c&aacute;i n&oacute;ng của m&ugrave;a h&egrave;, bụi v&agrave; tiếng ồn b&ecirc;n ngo&agrave;i. Kh&ocirc;ng chỉ c&oacute; thế, với kiểu d&aacute;ng v&agrave; m&agrave;u sắc th&iacute;ch hợp,&nbsp;r&egrave;m cửa&nbsp;c&ograve;n c&oacute; thể tạo khoảng kh&ocirc;ng ri&ecirc;ng tư hoặc th&ecirc;m ch&uacute;t vẻ đẹp sang trọng hay l&atilde;ng mạn cho căn ph&ograve;ng.<br />\r\n&nbsp;&nbsp;<br />\r\nChiếc r&egrave;m cửa kh&ocirc;ng chỉ đơn giản l&agrave; vật chắn s&aacute;ng hay tạo khoảng kh&ocirc;ng ri&ecirc;ng tư, n&oacute; c&ograve;n tạo cho mỗi căn ph&ograve;ng một ấn tượng v&agrave; cảm x&uacute;c kh&aacute;c nhau, t&ugrave;y theo c&aacute;ch chọn lựa của chủ nh&acirc;n.<br />\r\n&nbsp;&nbsp;<br />\r\nC&oacute; rất nhiều loại r&egrave;m kh&aacute;c nhau như r&egrave;m v&eacute;n,&nbsp;r&egrave;m roman&nbsp;(hay c&ograve;n gọi l&agrave; r&egrave;m xếp lớp), r&egrave;m cuốn, r&egrave;m l&aacute;,... Bạn cũng c&oacute; thể d&ugrave;ng r&egrave;m tr&uacute;c, r&egrave;m kim loại nhẹ, r&egrave;m bằng nhựa tổng hợp hay r&egrave;m giấy để trang tr&iacute; nh&agrave; cửa. Tuy nhi&ecirc;n, loại r&egrave;m phổ biến vẫn l&agrave; r&egrave;m vải v&igrave; t&iacute;nh năng dễ giặt tẩy, dễ lắp đặt, m&agrave;u v&agrave; kiểu phong ph&uacute;, hợp với nhiều phong c&aacute;ch nội thất.</p>\r\n\r\n<h3>CHẤT LIỆU</h3>\r\n\r\n<p>C&aacute;c loại vải may&nbsp;r&egrave;m cửa&nbsp;đang c&oacute; tr&ecirc;n thị trường rất đa dạng nhưng phần lớn l&agrave; cotton, polyester. Chất liệu thun, ren gần như kh&ocirc;ng c&ograve;n được ưa chuộng nữa v&igrave; dễ b&aacute;m bụi, mau bị sờn. &ETH;ược nhiều người chọn nhất vẫn l&agrave; c&aacute;c loại vải 65% cotton - 35% polyester hay loại 52% cotton - 48% polyester với nhiều nguồn gốc xuất xứ như Trung Quốc, H&agrave;n Quốc, Anh, Indonesia, Nga v&agrave; h&agrave;ng Việt Nam. Thị trường vải may r&egrave;m cửa kh&aacute; đa dạng với h&agrave;ng trăm mẫu hoa văn v&agrave; m&agrave;u sắc kh&aacute;c nhau. C&aacute;c loại r&egrave;m cửa bằng vải cotton, bố gấm, bố th&ocirc;, vải c&oacute; chất liệu chống thấm v&agrave; &iacute;t b&aacute;m bụi với c&aacute;c hoa văn đơn giản, c&aacute;c loại c&oacute; b&ocirc;ng ở ch&acirc;n may theo nếp gấp, li ống, li đứng đang được nhiều người ưa chuộng. C&aacute;c loại&nbsp;r&egrave;m&nbsp;cửa may theo kiểu b&egrave;o s&ograve; hay c&aacute;c kiểu rườm r&agrave; của một hai năm về trước đ&atilde; kh&ocirc;ng c&ograve;n được ưa chuộng. Xu hướng mới nhất năm nay l&agrave; dựa theo c&aacute;c mẫu đơn giản c&oacute; trong catologue nước ngo&agrave;i. Mẫu đang b&aacute;n chạy l&agrave; mẫu m&agrave;u kem với c&aacute;c hoa văn đơn giản. C&aacute;c loại hoa văn được xem l&agrave; mốt mới trong năm nay l&agrave; c&aacute;c h&igrave;nh lập thể, ca r&ocirc; v&agrave; c&aacute;c mẫu hoa nhỏ.</p>\r\n\r\n<h3>MẪU M&Atilde;, KIỂU D&Aacute;NG</h3>\r\n\r\n<p>Ch&uacute;ng t&ocirc;i rất đa dạng về kiểu d&aacute;ng, sản phẩm của&nbsp;r&egrave;m nghệ thuật d&ugrave; mang phong c&aacute;ch cổ điển, hiện đại hay được s&aacute;ng tạo&nbsp;ph&aacute; c&aacute;ch v&agrave; đầy ngẫu hứng vẫn lu&ocirc;n đem đến cho người sử dụng cảm gi&aacute;c th&iacute;ch th&uacute; v&agrave; h&agrave;i l&ograve;ng nhất. Ph&aacute;t huy s&aacute;ng tạo vượt mọi r&agrave;o cản r&egrave;m nghệ thuật l&agrave; đỉnh cao của những s&aacute;ng tạo kh&ocirc;ng giới hạn, ch&uacute;ng t&ocirc;i mong muốn mang đến những sản phẩm r&egrave;m cửa tốt nhất, rẻ nhất gi&uacute;p cho bữa cơm gia đ&igrave;nh th&ecirc;m đầm ấm, hạnh ph&uacute;c!</p>\r\n\r\n<p>&nbsp;</p>\r\n\r\n<p>&nbsp;</p>\r\n\r\n<p>Loại vải b&oacute;ng mượt, mềm mịn đem lại vẻ sang trọng như nhung, gấm, đũi, lụa, voan... thường một m&agrave;u hoặc mang hoa văn, hoạ tiết ch&igrave;m, trang nh&atilde;, hợp với ph&ograve;ng kh&aacute;ch. Những loại vải bề mặt th&ocirc; r&aacute;p cho cảm gi&aacute;c th&acirc;n mật, gần gũi thi&ecirc;n nhi&ecirc;n lại k&eacute;n phong c&aacute;ch b&agrave;i tr&iacute; như vải bạt, bố, th&ocirc;, thổ cẩm... chỉ n&ecirc;n sử dụng trong ph&ograve;ng b&agrave;y đồ đạc m&acirc;y, tre, gỗ mộc, thảm l&ocirc;ng th&uacute;. Vải b&ocirc;ng, lanh c&oacute; nhiều m&agrave;u hoa văn, hợp với nội thất b&igrave;nh thường, nhất l&agrave; ph&ograve;ng trẻ em, ph&ograve;ng ăn, ph&ograve;ng giải tr&iacute;...<br />\r\n<br />\r\nR&egrave;m (m&agrave;n) m&ugrave;a h&egrave; thường l&agrave; những loại&nbsp;r&egrave;m&nbsp;(m&agrave;n) c&oacute; chất liệu nhẹ nh&agrave;ng như: vải th&ocirc; mỏng, voan, lụa, lanh... c&ograve;n r&egrave;m m&ugrave;a đ&ocirc;ng lại cần tạo sự ấm &aacute;p, n&ecirc;n chất liệu chủ yếu l&agrave; nhung, gấm, th&ocirc; dầy v&agrave; thổ cẩm. Tuy nhi&ecirc;n l&agrave; m&ugrave;a đ&ocirc;ng hay m&ugrave;a h&egrave; việc lựa chọn chất liệu cũng phụ thuộc rất nhiều v&agrave;o mức độ chắn s&aacute;ng của &ocirc; cửa trong nh&agrave;.</p>\r\n\r\n<h3>GI&Aacute; TH&Agrave;NH</h3>\r\n\r\n<p>G&iacute;a:</p>\r\n\r\n<p>&nbsp;Khoảng 760.000đ/ 1m ngang ho&agrave;n thiện trở l&ecirc;n (bao gồm c&ocirc;ng, phụ kiện lắp đặt,&nbsp;</p>\r\n\r\n<h3>BẢO QUẢN V&Agrave; SỬ DỤNG</h3>\r\n', '', '', '05', '', '', '', '', '', '', '', '', '', '', '', '', 0, 'san-pham-05', 'Sản phẩm 05', 'Ngoài tác dụng điều chỉnh ánh sáng cho căn phòng, rèm cửa (màn cửa) còn giữ ấm cho căn phòng khi mùa đông đến, hạn chế cái nóng của mùa hè, bụi và tiếng ồn bên ngoài. ', 'Rèm vải'),
(50, 31, 'en', 'Rèm vải 05', '<p>Ngo&agrave;i t&aacute;c dụng điều chỉnh &aacute;nh s&aacute;ng cho căn ph&ograve;ng, r&egrave;m cửa (m&agrave;n cửa) c&ograve;n giữ ấm cho căn ph&ograve;ng khi m&ugrave;a đ&ocirc;ng đến, hạn chế c&aacute;i n&oacute;ng của m&ugrave;a h&egrave;, bụi v&agrave; tiếng ồn b&ecirc;n ngo&agrave;i.&nbsp;</p>\r\n', '', '', '<h3>M&Ocirc; TẢ SẢN PHẨM</h3>\r\n\r\n<p>Ngo&agrave;i t&aacute;c dụng điều chỉnh &aacute;nh s&aacute;ng cho căn ph&ograve;ng, r&egrave;m cửa (m&agrave;n cửa) c&ograve;n giữ ấm cho căn ph&ograve;ng khi m&ugrave;a đ&ocirc;ng đến, hạn chế c&aacute;i n&oacute;ng của m&ugrave;a h&egrave;, bụi v&agrave; tiếng ồn b&ecirc;n ngo&agrave;i. Kh&ocirc;ng chỉ c&oacute; thế, với kiểu d&aacute;ng v&agrave; m&agrave;u sắc th&iacute;ch hợp,&nbsp;r&egrave;m cửa&nbsp;c&ograve;n c&oacute; thể tạo khoảng kh&ocirc;ng ri&ecirc;ng tư hoặc th&ecirc;m ch&uacute;t vẻ đẹp sang trọng hay l&atilde;ng mạn cho căn ph&ograve;ng.<br />\r\n&nbsp;&nbsp;<br />\r\nChiếc r&egrave;m cửa kh&ocirc;ng chỉ đơn giản l&agrave; vật chắn s&aacute;ng hay tạo khoảng kh&ocirc;ng ri&ecirc;ng tư, n&oacute; c&ograve;n tạo cho mỗi căn ph&ograve;ng một ấn tượng v&agrave; cảm x&uacute;c kh&aacute;c nhau, t&ugrave;y theo c&aacute;ch chọn lựa của chủ nh&acirc;n.<br />\r\n&nbsp;&nbsp;<br />\r\nC&oacute; rất nhiều loại r&egrave;m kh&aacute;c nhau như r&egrave;m v&eacute;n,&nbsp;r&egrave;m roman&nbsp;(hay c&ograve;n gọi l&agrave; r&egrave;m xếp lớp), r&egrave;m cuốn, r&egrave;m l&aacute;,... Bạn cũng c&oacute; thể d&ugrave;ng r&egrave;m tr&uacute;c, r&egrave;m kim loại nhẹ, r&egrave;m bằng nhựa tổng hợp hay r&egrave;m giấy để trang tr&iacute; nh&agrave; cửa. Tuy nhi&ecirc;n, loại r&egrave;m phổ biến vẫn l&agrave; r&egrave;m vải v&igrave; t&iacute;nh năng dễ giặt tẩy, dễ lắp đặt, m&agrave;u v&agrave; kiểu phong ph&uacute;, hợp với nhiều phong c&aacute;ch nội thất.</p>\r\n\r\n<h3>CHẤT LIỆU</h3>\r\n\r\n<p>C&aacute;c loại vải may&nbsp;r&egrave;m cửa&nbsp;đang c&oacute; tr&ecirc;n thị trường rất đa dạng nhưng phần lớn l&agrave; cotton, polyester. Chất liệu thun, ren gần như kh&ocirc;ng c&ograve;n được ưa chuộng nữa v&igrave; dễ b&aacute;m bụi, mau bị sờn. &ETH;ược nhiều người chọn nhất vẫn l&agrave; c&aacute;c loại vải 65% cotton - 35% polyester hay loại 52% cotton - 48% polyester với nhiều nguồn gốc xuất xứ như Trung Quốc, H&agrave;n Quốc, Anh, Indonesia, Nga v&agrave; h&agrave;ng Việt Nam. Thị trường vải may r&egrave;m cửa kh&aacute; đa dạng với h&agrave;ng trăm mẫu hoa văn v&agrave; m&agrave;u sắc kh&aacute;c nhau. C&aacute;c loại r&egrave;m cửa bằng vải cotton, bố gấm, bố th&ocirc;, vải c&oacute; chất liệu chống thấm v&agrave; &iacute;t b&aacute;m bụi với c&aacute;c hoa văn đơn giản, c&aacute;c loại c&oacute; b&ocirc;ng ở ch&acirc;n may theo nếp gấp, li ống, li đứng đang được nhiều người ưa chuộng. C&aacute;c loại&nbsp;r&egrave;m&nbsp;cửa may theo kiểu b&egrave;o s&ograve; hay c&aacute;c kiểu rườm r&agrave; của một hai năm về trước đ&atilde; kh&ocirc;ng c&ograve;n được ưa chuộng. Xu hướng mới nhất năm nay l&agrave; dựa theo c&aacute;c mẫu đơn giản c&oacute; trong catologue nước ngo&agrave;i. Mẫu đang b&aacute;n chạy l&agrave; mẫu m&agrave;u kem với c&aacute;c hoa văn đơn giản. C&aacute;c loại hoa văn được xem l&agrave; mốt mới trong năm nay l&agrave; c&aacute;c h&igrave;nh lập thể, ca r&ocirc; v&agrave; c&aacute;c mẫu hoa nhỏ.</p>\r\n\r\n<h3>MẪU M&Atilde;, KIỂU D&Aacute;NG</h3>\r\n\r\n<p>Ch&uacute;ng t&ocirc;i rất đa dạng về kiểu d&aacute;ng, sản phẩm của&nbsp;r&egrave;m nghệ thuật d&ugrave; mang phong c&aacute;ch cổ điển, hiện đại hay được s&aacute;ng tạo&nbsp;ph&aacute; c&aacute;ch v&agrave; đầy ngẫu hứng vẫn lu&ocirc;n đem đến cho người sử dụng cảm gi&aacute;c th&iacute;ch th&uacute; v&agrave; h&agrave;i l&ograve;ng nhất. Ph&aacute;t huy s&aacute;ng tạo vượt mọi r&agrave;o cản r&egrave;m nghệ thuật l&agrave; đỉnh cao của những s&aacute;ng tạo kh&ocirc;ng giới hạn, ch&uacute;ng t&ocirc;i mong muốn mang đến những sản phẩm r&egrave;m cửa tốt nhất, rẻ nhất gi&uacute;p cho bữa cơm gia đ&igrave;nh th&ecirc;m đầm ấm, hạnh ph&uacute;c!</p>\r\n\r\n<p>&nbsp;</p>\r\n\r\n<p>&nbsp;</p>\r\n\r\n<p>Loại vải b&oacute;ng mượt, mềm mịn đem lại vẻ sang trọng như nhung, gấm, đũi, lụa, voan... thường một m&agrave;u hoặc mang hoa văn, hoạ tiết ch&igrave;m, trang nh&atilde;, hợp với ph&ograve;ng kh&aacute;ch. Những loại vải bề mặt th&ocirc; r&aacute;p cho cảm gi&aacute;c th&acirc;n mật, gần gũi thi&ecirc;n nhi&ecirc;n lại k&eacute;n phong c&aacute;ch b&agrave;i tr&iacute; như vải bạt, bố, th&ocirc;, thổ cẩm... chỉ n&ecirc;n sử dụng trong ph&ograve;ng b&agrave;y đồ đạc m&acirc;y, tre, gỗ mộc, thảm l&ocirc;ng th&uacute;. Vải b&ocirc;ng, lanh c&oacute; nhiều m&agrave;u hoa văn, hợp với nội thất b&igrave;nh thường, nhất l&agrave; ph&ograve;ng trẻ em, ph&ograve;ng ăn, ph&ograve;ng giải tr&iacute;...<br />\r\n<br />\r\nR&egrave;m (m&agrave;n) m&ugrave;a h&egrave; thường l&agrave; những loại&nbsp;r&egrave;m&nbsp;(m&agrave;n) c&oacute; chất liệu nhẹ nh&agrave;ng như: vải th&ocirc; mỏng, voan, lụa, lanh... c&ograve;n r&egrave;m m&ugrave;a đ&ocirc;ng lại cần tạo sự ấm &aacute;p, n&ecirc;n chất liệu chủ yếu l&agrave; nhung, gấm, th&ocirc; dầy v&agrave; thổ cẩm. Tuy nhi&ecirc;n l&agrave; m&ugrave;a đ&ocirc;ng hay m&ugrave;a h&egrave; việc lựa chọn chất liệu cũng phụ thuộc rất nhiều v&agrave;o mức độ chắn s&aacute;ng của &ocirc; cửa trong nh&agrave;.</p>\r\n\r\n<h3>GI&Aacute; TH&Agrave;NH</h3>\r\n\r\n<p>G&iacute;a:</p>\r\n\r\n<p>&nbsp;Khoảng 760.000đ/ 1m ngang ho&agrave;n thiện trở l&ecirc;n (bao gồm c&ocirc;ng, phụ kiện lắp đặt,&nbsp;</p>\r\n\r\n<h3>BẢO QUẢN V&Agrave; SỬ DỤNG</h3>\r\n', '', '', '05', '', '', '', '', '', '', '', '', '', '', '', '', 0, 'rem-vai-05', 'Rèm vải 05', 'Ngoài tác dụng điều chỉnh ánh sáng cho căn phòng, rèm cửa (màn cửa) còn giữ ấm cho căn phòng khi mùa đông đến, hạn chế cái nóng của mùa hè, bụi và tiếng ồn bên ngoài. ', 'Rèm vải'),
(51, 32, 'vn', 'Sản phẩm 06', '<p>Ngo&agrave;i t&aacute;c dụng điều chỉnh &aacute;nh s&aacute;ng cho căn ph&ograve;ng, r&egrave;m cửa (m&agrave;n cửa) c&ograve;n giữ ấm cho căn ph&ograve;ng khi m&ugrave;a đ&ocirc;ng đến, hạn chế c&aacute;i n&oacute;ng của m&ugrave;a h&egrave;, bụi v&agrave; tiếng ồn b&ecirc;n ngo&agrave;i.&nbsp;</p>\r\n', '', '', '<h3>M&Ocirc; TẢ SẢN PHẨM</h3>\r\n\r\n<p>Ngo&agrave;i t&aacute;c dụng điều chỉnh &aacute;nh s&aacute;ng cho căn ph&ograve;ng, r&egrave;m cửa (m&agrave;n cửa) c&ograve;n giữ ấm cho căn ph&ograve;ng khi m&ugrave;a đ&ocirc;ng đến, hạn chế c&aacute;i n&oacute;ng của m&ugrave;a h&egrave;, bụi v&agrave; tiếng ồn b&ecirc;n ngo&agrave;i. Kh&ocirc;ng chỉ c&oacute; thế, với kiểu d&aacute;ng v&agrave; m&agrave;u sắc th&iacute;ch hợp,&nbsp;r&egrave;m cửa&nbsp;c&ograve;n c&oacute; thể tạo khoảng kh&ocirc;ng ri&ecirc;ng tư hoặc th&ecirc;m ch&uacute;t vẻ đẹp sang trọng hay l&atilde;ng mạn cho căn ph&ograve;ng.<br />\r\n&nbsp;&nbsp;<br />\r\nChiếc r&egrave;m cửa kh&ocirc;ng chỉ đơn giản l&agrave; vật chắn s&aacute;ng hay tạo khoảng kh&ocirc;ng ri&ecirc;ng tư, n&oacute; c&ograve;n tạo cho mỗi căn ph&ograve;ng một ấn tượng v&agrave; cảm x&uacute;c kh&aacute;c nhau, t&ugrave;y theo c&aacute;ch chọn lựa của chủ nh&acirc;n.<br />\r\n&nbsp;&nbsp;<br />\r\nC&oacute; rất nhiều loại r&egrave;m kh&aacute;c nhau như r&egrave;m v&eacute;n,&nbsp;r&egrave;m roman&nbsp;(hay c&ograve;n gọi l&agrave; r&egrave;m xếp lớp), r&egrave;m cuốn, r&egrave;m l&aacute;,... Bạn cũng c&oacute; thể d&ugrave;ng r&egrave;m tr&uacute;c, r&egrave;m kim loại nhẹ, r&egrave;m bằng nhựa tổng hợp hay r&egrave;m giấy để trang tr&iacute; nh&agrave; cửa. Tuy nhi&ecirc;n, loại r&egrave;m phổ biến vẫn l&agrave; r&egrave;m vải v&igrave; t&iacute;nh năng dễ giặt tẩy, dễ lắp đặt, m&agrave;u v&agrave; kiểu phong ph&uacute;, hợp với nhiều phong c&aacute;ch nội thất.</p>\r\n\r\n<h3>CHẤT LIỆU</h3>\r\n\r\n<p>C&aacute;c loại vải may&nbsp;r&egrave;m cửa&nbsp;đang c&oacute; tr&ecirc;n thị trường rất đa dạng nhưng phần lớn l&agrave; cotton, polyester. Chất liệu thun, ren gần như kh&ocirc;ng c&ograve;n được ưa chuộng nữa v&igrave; dễ b&aacute;m bụi, mau bị sờn. &ETH;ược nhiều người chọn nhất vẫn l&agrave; c&aacute;c loại vải 65% cotton - 35% polyester hay loại 52% cotton - 48% polyester với nhiều nguồn gốc xuất xứ như Trung Quốc, H&agrave;n Quốc, Anh, Indonesia, Nga v&agrave; h&agrave;ng Việt Nam. Thị trường vải may r&egrave;m cửa kh&aacute; đa dạng với h&agrave;ng trăm mẫu hoa văn v&agrave; m&agrave;u sắc kh&aacute;c nhau. C&aacute;c loại r&egrave;m cửa bằng vải cotton, bố gấm, bố th&ocirc;, vải c&oacute; chất liệu chống thấm v&agrave; &iacute;t b&aacute;m bụi với c&aacute;c hoa văn đơn giản, c&aacute;c loại c&oacute; b&ocirc;ng ở ch&acirc;n may theo nếp gấp, li ống, li đứng đang được nhiều người ưa chuộng. C&aacute;c loại&nbsp;r&egrave;m&nbsp;cửa may theo kiểu b&egrave;o s&ograve; hay c&aacute;c kiểu rườm r&agrave; của một hai năm về trước đ&atilde; kh&ocirc;ng c&ograve;n được ưa chuộng. Xu hướng mới nhất năm nay l&agrave; dựa theo c&aacute;c mẫu đơn giản c&oacute; trong catologue nước ngo&agrave;i. Mẫu đang b&aacute;n chạy l&agrave; mẫu m&agrave;u kem với c&aacute;c hoa văn đơn giản. C&aacute;c loại hoa văn được xem l&agrave; mốt mới trong năm nay l&agrave; c&aacute;c h&igrave;nh lập thể, ca r&ocirc; v&agrave; c&aacute;c mẫu hoa nhỏ.</p>\r\n\r\n<h3>MẪU M&Atilde;, KIỂU D&Aacute;NG</h3>\r\n\r\n<p>Ch&uacute;ng t&ocirc;i rất đa dạng về kiểu d&aacute;ng, sản phẩm của&nbsp;r&egrave;m nghệ thuật d&ugrave; mang phong c&aacute;ch cổ điển, hiện đại hay được s&aacute;ng tạo&nbsp;ph&aacute; c&aacute;ch v&agrave; đầy ngẫu hứng vẫn lu&ocirc;n đem đến cho người sử dụng cảm gi&aacute;c th&iacute;ch th&uacute; v&agrave; h&agrave;i l&ograve;ng nhất. Ph&aacute;t huy s&aacute;ng tạo vượt mọi r&agrave;o cản r&egrave;m nghệ thuật l&agrave; đỉnh cao của những s&aacute;ng tạo kh&ocirc;ng giới hạn, ch&uacute;ng t&ocirc;i mong muốn mang đến những sản phẩm r&egrave;m cửa tốt nhất, rẻ nhất gi&uacute;p cho bữa cơm gia đ&igrave;nh th&ecirc;m đầm ấm, hạnh ph&uacute;c!</p>\r\n\r\n<p>&nbsp;</p>\r\n\r\n<p>&nbsp;</p>\r\n\r\n<p>Loại vải b&oacute;ng mượt, mềm mịn đem lại vẻ sang trọng như nhung, gấm, đũi, lụa, voan... thường một m&agrave;u hoặc mang hoa văn, hoạ tiết ch&igrave;m, trang nh&atilde;, hợp với ph&ograve;ng kh&aacute;ch. Những loại vải bề mặt th&ocirc; r&aacute;p cho cảm gi&aacute;c th&acirc;n mật, gần gũi thi&ecirc;n nhi&ecirc;n lại k&eacute;n phong c&aacute;ch b&agrave;i tr&iacute; như vải bạt, bố, th&ocirc;, thổ cẩm... chỉ n&ecirc;n sử dụng trong ph&ograve;ng b&agrave;y đồ đạc m&acirc;y, tre, gỗ mộc, thảm l&ocirc;ng th&uacute;. Vải b&ocirc;ng, lanh c&oacute; nhiều m&agrave;u hoa văn, hợp với nội thất b&igrave;nh thường, nhất l&agrave; ph&ograve;ng trẻ em, ph&ograve;ng ăn, ph&ograve;ng giải tr&iacute;...<br />\r\n<br />\r\nR&egrave;m (m&agrave;n) m&ugrave;a h&egrave; thường l&agrave; những loại&nbsp;r&egrave;m&nbsp;(m&agrave;n) c&oacute; chất liệu nhẹ nh&agrave;ng như: vải th&ocirc; mỏng, voan, lụa, lanh... c&ograve;n r&egrave;m m&ugrave;a đ&ocirc;ng lại cần tạo sự ấm &aacute;p, n&ecirc;n chất liệu chủ yếu l&agrave; nhung, gấm, th&ocirc; dầy v&agrave; thổ cẩm. Tuy nhi&ecirc;n l&agrave; m&ugrave;a đ&ocirc;ng hay m&ugrave;a h&egrave; việc lựa chọn chất liệu cũng phụ thuộc rất nhiều v&agrave;o mức độ chắn s&aacute;ng của &ocirc; cửa trong nh&agrave;.</p>\r\n\r\n<h3>GI&Aacute; TH&Agrave;NH</h3>\r\n\r\n<p>G&iacute;a:</p>\r\n\r\n<p>&nbsp;Khoảng 760.000đ/ 1m ngang ho&agrave;n thiện trở l&ecirc;n (bao gồm c&ocirc;ng, phụ kiện lắp đặt,&nbsp;</p>\r\n\r\n<h3>BẢO QUẢN V&Agrave; SỬ DỤNG</h3>\r\n', '', '', '01', '', '', '', '', '', '', '', '', '', '', '', '', 0, 'san-pham-06', 'Sản phẩm 06', 'Ngoài tác dụng điều chỉnh ánh sáng cho căn phòng, rèm cửa (màn cửa) còn giữ ấm cho căn phòng khi mùa đông đến, hạn chế cái nóng của mùa hè, bụi và tiếng ồn bên ngoài. ', 'Rèm vải'),
(52, 32, 'en', 'Rèm vải 06', '<p>Ngo&agrave;i t&aacute;c dụng điều chỉnh &aacute;nh s&aacute;ng cho căn ph&ograve;ng, r&egrave;m cửa (m&agrave;n cửa) c&ograve;n giữ ấm cho căn ph&ograve;ng khi m&ugrave;a đ&ocirc;ng đến, hạn chế c&aacute;i n&oacute;ng của m&ugrave;a h&egrave;, bụi v&agrave; tiếng ồn b&ecirc;n ngo&agrave;i.&nbsp;</p>\r\n', '', '', '<h3>M&Ocirc; TẢ SẢN PHẨM</h3>\r\n\r\n<p>Ngo&agrave;i t&aacute;c dụng điều chỉnh &aacute;nh s&aacute;ng cho căn ph&ograve;ng, r&egrave;m cửa (m&agrave;n cửa) c&ograve;n giữ ấm cho căn ph&ograve;ng khi m&ugrave;a đ&ocirc;ng đến, hạn chế c&aacute;i n&oacute;ng của m&ugrave;a h&egrave;, bụi v&agrave; tiếng ồn b&ecirc;n ngo&agrave;i. Kh&ocirc;ng chỉ c&oacute; thế, với kiểu d&aacute;ng v&agrave; m&agrave;u sắc th&iacute;ch hợp,&nbsp;r&egrave;m cửa&nbsp;c&ograve;n c&oacute; thể tạo khoảng kh&ocirc;ng ri&ecirc;ng tư hoặc th&ecirc;m ch&uacute;t vẻ đẹp sang trọng hay l&atilde;ng mạn cho căn ph&ograve;ng.<br />\r\n&nbsp;&nbsp;<br />\r\nChiếc r&egrave;m cửa kh&ocirc;ng chỉ đơn giản l&agrave; vật chắn s&aacute;ng hay tạo khoảng kh&ocirc;ng ri&ecirc;ng tư, n&oacute; c&ograve;n tạo cho mỗi căn ph&ograve;ng một ấn tượng v&agrave; cảm x&uacute;c kh&aacute;c nhau, t&ugrave;y theo c&aacute;ch chọn lựa của chủ nh&acirc;n.<br />\r\n&nbsp;&nbsp;<br />\r\nC&oacute; rất nhiều loại r&egrave;m kh&aacute;c nhau như r&egrave;m v&eacute;n,&nbsp;r&egrave;m roman&nbsp;(hay c&ograve;n gọi l&agrave; r&egrave;m xếp lớp), r&egrave;m cuốn, r&egrave;m l&aacute;,... Bạn cũng c&oacute; thể d&ugrave;ng r&egrave;m tr&uacute;c, r&egrave;m kim loại nhẹ, r&egrave;m bằng nhựa tổng hợp hay r&egrave;m giấy để trang tr&iacute; nh&agrave; cửa. Tuy nhi&ecirc;n, loại r&egrave;m phổ biến vẫn l&agrave; r&egrave;m vải v&igrave; t&iacute;nh năng dễ giặt tẩy, dễ lắp đặt, m&agrave;u v&agrave; kiểu phong ph&uacute;, hợp với nhiều phong c&aacute;ch nội thất.</p>\r\n\r\n<h3>CHẤT LIỆU</h3>\r\n\r\n<p>C&aacute;c loại vải may&nbsp;r&egrave;m cửa&nbsp;đang c&oacute; tr&ecirc;n thị trường rất đa dạng nhưng phần lớn l&agrave; cotton, polyester. Chất liệu thun, ren gần như kh&ocirc;ng c&ograve;n được ưa chuộng nữa v&igrave; dễ b&aacute;m bụi, mau bị sờn. &ETH;ược nhiều người chọn nhất vẫn l&agrave; c&aacute;c loại vải 65% cotton - 35% polyester hay loại 52% cotton - 48% polyester với nhiều nguồn gốc xuất xứ như Trung Quốc, H&agrave;n Quốc, Anh, Indonesia, Nga v&agrave; h&agrave;ng Việt Nam. Thị trường vải may r&egrave;m cửa kh&aacute; đa dạng với h&agrave;ng trăm mẫu hoa văn v&agrave; m&agrave;u sắc kh&aacute;c nhau. C&aacute;c loại r&egrave;m cửa bằng vải cotton, bố gấm, bố th&ocirc;, vải c&oacute; chất liệu chống thấm v&agrave; &iacute;t b&aacute;m bụi với c&aacute;c hoa văn đơn giản, c&aacute;c loại c&oacute; b&ocirc;ng ở ch&acirc;n may theo nếp gấp, li ống, li đứng đang được nhiều người ưa chuộng. C&aacute;c loại&nbsp;r&egrave;m&nbsp;cửa may theo kiểu b&egrave;o s&ograve; hay c&aacute;c kiểu rườm r&agrave; của một hai năm về trước đ&atilde; kh&ocirc;ng c&ograve;n được ưa chuộng. Xu hướng mới nhất năm nay l&agrave; dựa theo c&aacute;c mẫu đơn giản c&oacute; trong catologue nước ngo&agrave;i. Mẫu đang b&aacute;n chạy l&agrave; mẫu m&agrave;u kem với c&aacute;c hoa văn đơn giản. C&aacute;c loại hoa văn được xem l&agrave; mốt mới trong năm nay l&agrave; c&aacute;c h&igrave;nh lập thể, ca r&ocirc; v&agrave; c&aacute;c mẫu hoa nhỏ.</p>\r\n\r\n<h3>MẪU M&Atilde;, KIỂU D&Aacute;NG</h3>\r\n\r\n<p>Ch&uacute;ng t&ocirc;i rất đa dạng về kiểu d&aacute;ng, sản phẩm của&nbsp;r&egrave;m nghệ thuật d&ugrave; mang phong c&aacute;ch cổ điển, hiện đại hay được s&aacute;ng tạo&nbsp;ph&aacute; c&aacute;ch v&agrave; đầy ngẫu hứng vẫn lu&ocirc;n đem đến cho người sử dụng cảm gi&aacute;c th&iacute;ch th&uacute; v&agrave; h&agrave;i l&ograve;ng nhất. Ph&aacute;t huy s&aacute;ng tạo vượt mọi r&agrave;o cản r&egrave;m nghệ thuật l&agrave; đỉnh cao của những s&aacute;ng tạo kh&ocirc;ng giới hạn, ch&uacute;ng t&ocirc;i mong muốn mang đến những sản phẩm r&egrave;m cửa tốt nhất, rẻ nhất gi&uacute;p cho bữa cơm gia đ&igrave;nh th&ecirc;m đầm ấm, hạnh ph&uacute;c!</p>\r\n\r\n<p>&nbsp;</p>\r\n\r\n<p>&nbsp;</p>\r\n\r\n<p>Loại vải b&oacute;ng mượt, mềm mịn đem lại vẻ sang trọng như nhung, gấm, đũi, lụa, voan... thường một m&agrave;u hoặc mang hoa văn, hoạ tiết ch&igrave;m, trang nh&atilde;, hợp với ph&ograve;ng kh&aacute;ch. Những loại vải bề mặt th&ocirc; r&aacute;p cho cảm gi&aacute;c th&acirc;n mật, gần gũi thi&ecirc;n nhi&ecirc;n lại k&eacute;n phong c&aacute;ch b&agrave;i tr&iacute; như vải bạt, bố, th&ocirc;, thổ cẩm... chỉ n&ecirc;n sử dụng trong ph&ograve;ng b&agrave;y đồ đạc m&acirc;y, tre, gỗ mộc, thảm l&ocirc;ng th&uacute;. Vải b&ocirc;ng, lanh c&oacute; nhiều m&agrave;u hoa văn, hợp với nội thất b&igrave;nh thường, nhất l&agrave; ph&ograve;ng trẻ em, ph&ograve;ng ăn, ph&ograve;ng giải tr&iacute;...<br />\r\n<br />\r\nR&egrave;m (m&agrave;n) m&ugrave;a h&egrave; thường l&agrave; những loại&nbsp;r&egrave;m&nbsp;(m&agrave;n) c&oacute; chất liệu nhẹ nh&agrave;ng như: vải th&ocirc; mỏng, voan, lụa, lanh... c&ograve;n r&egrave;m m&ugrave;a đ&ocirc;ng lại cần tạo sự ấm &aacute;p, n&ecirc;n chất liệu chủ yếu l&agrave; nhung, gấm, th&ocirc; dầy v&agrave; thổ cẩm. Tuy nhi&ecirc;n l&agrave; m&ugrave;a đ&ocirc;ng hay m&ugrave;a h&egrave; việc lựa chọn chất liệu cũng phụ thuộc rất nhiều v&agrave;o mức độ chắn s&aacute;ng của &ocirc; cửa trong nh&agrave;.</p>\r\n\r\n<h3>GI&Aacute; TH&Agrave;NH</h3>\r\n\r\n<p>G&iacute;a:</p>\r\n\r\n<p>&nbsp;Khoảng 760.000đ/ 1m ngang ho&agrave;n thiện trở l&ecirc;n (bao gồm c&ocirc;ng, phụ kiện lắp đặt,&nbsp;</p>\r\n\r\n<h3>BẢO QUẢN V&Agrave; SỬ DỤNG</h3>\r\n', '', '', '01', '', '', '', '', '', '', '', '', '', '', '', '', 0, 'rem-vai-06', 'Rèm vải 06', 'Ngoài tác dụng điều chỉnh ánh sáng cho căn phòng, rèm cửa (màn cửa) còn giữ ấm cho căn phòng khi mùa đông đến, hạn chế cái nóng của mùa hè, bụi và tiếng ồn bên ngoài. ', 'Rèm vải'),
(53, 33, 'vn', 'Sản phẩm 07', '<p>Ngo&agrave;i t&aacute;c dụng điều chỉnh &aacute;nh s&aacute;ng cho căn ph&ograve;ng, r&egrave;m cửa (m&agrave;n cửa) c&ograve;n giữ ấm cho căn ph&ograve;ng khi m&ugrave;a đ&ocirc;ng đến, hạn chế c&aacute;i n&oacute;ng của m&ugrave;a h&egrave;, bụi v&agrave; tiếng ồn b&ecirc;n ngo&agrave;i.&nbsp;</p>\r\n', '', '', '<h3>M&Ocirc; TẢ SẢN PHẨM</h3>\r\n\r\n<p>Ngo&agrave;i t&aacute;c dụng điều chỉnh &aacute;nh s&aacute;ng cho căn ph&ograve;ng, r&egrave;m cửa (m&agrave;n cửa) c&ograve;n giữ ấm cho căn ph&ograve;ng khi m&ugrave;a đ&ocirc;ng đến, hạn chế c&aacute;i n&oacute;ng của m&ugrave;a h&egrave;, bụi v&agrave; tiếng ồn b&ecirc;n ngo&agrave;i. Kh&ocirc;ng chỉ c&oacute; thế, với kiểu d&aacute;ng v&agrave; m&agrave;u sắc th&iacute;ch hợp,&nbsp;r&egrave;m cửa&nbsp;c&ograve;n c&oacute; thể tạo khoảng kh&ocirc;ng ri&ecirc;ng tư hoặc th&ecirc;m ch&uacute;t vẻ đẹp sang trọng hay l&atilde;ng mạn cho căn ph&ograve;ng.<br />\r\n&nbsp;&nbsp;<br />\r\nChiếc r&egrave;m cửa kh&ocirc;ng chỉ đơn giản l&agrave; vật chắn s&aacute;ng hay tạo khoảng kh&ocirc;ng ri&ecirc;ng tư, n&oacute; c&ograve;n tạo cho mỗi căn ph&ograve;ng một ấn tượng v&agrave; cảm x&uacute;c kh&aacute;c nhau, t&ugrave;y theo c&aacute;ch chọn lựa của chủ nh&acirc;n.<br />\r\n&nbsp;&nbsp;<br />\r\nC&oacute; rất nhiều loại r&egrave;m kh&aacute;c nhau như r&egrave;m v&eacute;n,&nbsp;r&egrave;m roman&nbsp;(hay c&ograve;n gọi l&agrave; r&egrave;m xếp lớp), r&egrave;m cuốn, r&egrave;m l&aacute;,... Bạn cũng c&oacute; thể d&ugrave;ng r&egrave;m tr&uacute;c, r&egrave;m kim loại nhẹ, r&egrave;m bằng nhựa tổng hợp hay r&egrave;m giấy để trang tr&iacute; nh&agrave; cửa. Tuy nhi&ecirc;n, loại r&egrave;m phổ biến vẫn l&agrave; r&egrave;m vải v&igrave; t&iacute;nh năng dễ giặt tẩy, dễ lắp đặt, m&agrave;u v&agrave; kiểu phong ph&uacute;, hợp với nhiều phong c&aacute;ch nội thất.</p>\r\n\r\n<h3>CHẤT LIỆU</h3>\r\n\r\n<p>C&aacute;c loại vải may&nbsp;r&egrave;m cửa&nbsp;đang c&oacute; tr&ecirc;n thị trường rất đa dạng nhưng phần lớn l&agrave; cotton, polyester. Chất liệu thun, ren gần như kh&ocirc;ng c&ograve;n được ưa chuộng nữa v&igrave; dễ b&aacute;m bụi, mau bị sờn. &ETH;ược nhiều người chọn nhất vẫn l&agrave; c&aacute;c loại vải 65% cotton - 35% polyester hay loại 52% cotton - 48% polyester với nhiều nguồn gốc xuất xứ như Trung Quốc, H&agrave;n Quốc, Anh, Indonesia, Nga v&agrave; h&agrave;ng Việt Nam. Thị trường vải may r&egrave;m cửa kh&aacute; đa dạng với h&agrave;ng trăm mẫu hoa văn v&agrave; m&agrave;u sắc kh&aacute;c nhau. C&aacute;c loại r&egrave;m cửa bằng vải cotton, bố gấm, bố th&ocirc;, vải c&oacute; chất liệu chống thấm v&agrave; &iacute;t b&aacute;m bụi với c&aacute;c hoa văn đơn giản, c&aacute;c loại c&oacute; b&ocirc;ng ở ch&acirc;n may theo nếp gấp, li ống, li đứng đang được nhiều người ưa chuộng. C&aacute;c loại&nbsp;r&egrave;m&nbsp;cửa may theo kiểu b&egrave;o s&ograve; hay c&aacute;c kiểu rườm r&agrave; của một hai năm về trước đ&atilde; kh&ocirc;ng c&ograve;n được ưa chuộng. Xu hướng mới nhất năm nay l&agrave; dựa theo c&aacute;c mẫu đơn giản c&oacute; trong catologue nước ngo&agrave;i. Mẫu đang b&aacute;n chạy l&agrave; mẫu m&agrave;u kem với c&aacute;c hoa văn đơn giản. C&aacute;c loại hoa văn được xem l&agrave; mốt mới trong năm nay l&agrave; c&aacute;c h&igrave;nh lập thể, ca r&ocirc; v&agrave; c&aacute;c mẫu hoa nhỏ.</p>\r\n\r\n<h3>MẪU M&Atilde;, KIỂU D&Aacute;NG</h3>\r\n\r\n<p>Ch&uacute;ng t&ocirc;i rất đa dạng về kiểu d&aacute;ng, sản phẩm của&nbsp;r&egrave;m nghệ thuật d&ugrave; mang phong c&aacute;ch cổ điển, hiện đại hay được s&aacute;ng tạo&nbsp;ph&aacute; c&aacute;ch v&agrave; đầy ngẫu hứng vẫn lu&ocirc;n đem đến cho người sử dụng cảm gi&aacute;c th&iacute;ch th&uacute; v&agrave; h&agrave;i l&ograve;ng nhất. Ph&aacute;t huy s&aacute;ng tạo vượt mọi r&agrave;o cản r&egrave;m nghệ thuật l&agrave; đỉnh cao của những s&aacute;ng tạo kh&ocirc;ng giới hạn, ch&uacute;ng t&ocirc;i mong muốn mang đến những sản phẩm r&egrave;m cửa tốt nhất, rẻ nhất gi&uacute;p cho bữa cơm gia đ&igrave;nh th&ecirc;m đầm ấm, hạnh ph&uacute;c!</p>\r\n\r\n<p>&nbsp;</p>\r\n\r\n<p>&nbsp;</p>\r\n\r\n<p>Loại vải b&oacute;ng mượt, mềm mịn đem lại vẻ sang trọng như nhung, gấm, đũi, lụa, voan... thường một m&agrave;u hoặc mang hoa văn, hoạ tiết ch&igrave;m, trang nh&atilde;, hợp với ph&ograve;ng kh&aacute;ch. Những loại vải bề mặt th&ocirc; r&aacute;p cho cảm gi&aacute;c th&acirc;n mật, gần gũi thi&ecirc;n nhi&ecirc;n lại k&eacute;n phong c&aacute;ch b&agrave;i tr&iacute; như vải bạt, bố, th&ocirc;, thổ cẩm... chỉ n&ecirc;n sử dụng trong ph&ograve;ng b&agrave;y đồ đạc m&acirc;y, tre, gỗ mộc, thảm l&ocirc;ng th&uacute;. Vải b&ocirc;ng, lanh c&oacute; nhiều m&agrave;u hoa văn, hợp với nội thất b&igrave;nh thường, nhất l&agrave; ph&ograve;ng trẻ em, ph&ograve;ng ăn, ph&ograve;ng giải tr&iacute;...<br />\r\n<br />\r\nR&egrave;m (m&agrave;n) m&ugrave;a h&egrave; thường l&agrave; những loại&nbsp;r&egrave;m&nbsp;(m&agrave;n) c&oacute; chất liệu nhẹ nh&agrave;ng như: vải th&ocirc; mỏng, voan, lụa, lanh... c&ograve;n r&egrave;m m&ugrave;a đ&ocirc;ng lại cần tạo sự ấm &aacute;p, n&ecirc;n chất liệu chủ yếu l&agrave; nhung, gấm, th&ocirc; dầy v&agrave; thổ cẩm. Tuy nhi&ecirc;n l&agrave; m&ugrave;a đ&ocirc;ng hay m&ugrave;a h&egrave; việc lựa chọn chất liệu cũng phụ thuộc rất nhiều v&agrave;o mức độ chắn s&aacute;ng của &ocirc; cửa trong nh&agrave;.</p>\r\n\r\n<h3>GI&Aacute; TH&Agrave;NH</h3>\r\n\r\n<p>G&iacute;a:</p>\r\n\r\n<p>&nbsp;Khoảng 760.000đ/ 1m ngang ho&agrave;n thiện trở l&ecirc;n (bao gồm c&ocirc;ng, phụ kiện lắp đặt,&nbsp;</p>\r\n\r\n<h3>BẢO QUẢN V&Agrave; SỬ DỤNG</h3>\r\n', '', '', '01', '', '', '', '', '', '', '', '', '', '', '', '', 0, 'san-pham-07', 'Sản phẩm 07', 'Ngoài tác dụng điều chỉnh ánh sáng cho căn phòng, rèm cửa (màn cửa) còn giữ ấm cho căn phòng khi mùa đông đến, hạn chế cái nóng của mùa hè, bụi và tiếng ồn bên ngoài. ', 'Rèm vải'),
(54, 33, 'en', 'Rèm vải 07', '<p>Ngo&agrave;i t&aacute;c dụng điều chỉnh &aacute;nh s&aacute;ng cho căn ph&ograve;ng, r&egrave;m cửa (m&agrave;n cửa) c&ograve;n giữ ấm cho căn ph&ograve;ng khi m&ugrave;a đ&ocirc;ng đến, hạn chế c&aacute;i n&oacute;ng của m&ugrave;a h&egrave;, bụi v&agrave; tiếng ồn b&ecirc;n ngo&agrave;i.&nbsp;</p>\r\n', '', '', '<h3>M&Ocirc; TẢ SẢN PHẨM</h3>\r\n\r\n<p>Ngo&agrave;i t&aacute;c dụng điều chỉnh &aacute;nh s&aacute;ng cho căn ph&ograve;ng, r&egrave;m cửa (m&agrave;n cửa) c&ograve;n giữ ấm cho căn ph&ograve;ng khi m&ugrave;a đ&ocirc;ng đến, hạn chế c&aacute;i n&oacute;ng của m&ugrave;a h&egrave;, bụi v&agrave; tiếng ồn b&ecirc;n ngo&agrave;i. Kh&ocirc;ng chỉ c&oacute; thế, với kiểu d&aacute;ng v&agrave; m&agrave;u sắc th&iacute;ch hợp,&nbsp;r&egrave;m cửa&nbsp;c&ograve;n c&oacute; thể tạo khoảng kh&ocirc;ng ri&ecirc;ng tư hoặc th&ecirc;m ch&uacute;t vẻ đẹp sang trọng hay l&atilde;ng mạn cho căn ph&ograve;ng.<br />\r\n&nbsp;&nbsp;<br />\r\nChiếc r&egrave;m cửa kh&ocirc;ng chỉ đơn giản l&agrave; vật chắn s&aacute;ng hay tạo khoảng kh&ocirc;ng ri&ecirc;ng tư, n&oacute; c&ograve;n tạo cho mỗi căn ph&ograve;ng một ấn tượng v&agrave; cảm x&uacute;c kh&aacute;c nhau, t&ugrave;y theo c&aacute;ch chọn lựa của chủ nh&acirc;n.<br />\r\n&nbsp;&nbsp;<br />\r\nC&oacute; rất nhiều loại r&egrave;m kh&aacute;c nhau như r&egrave;m v&eacute;n,&nbsp;r&egrave;m roman&nbsp;(hay c&ograve;n gọi l&agrave; r&egrave;m xếp lớp), r&egrave;m cuốn, r&egrave;m l&aacute;,... Bạn cũng c&oacute; thể d&ugrave;ng r&egrave;m tr&uacute;c, r&egrave;m kim loại nhẹ, r&egrave;m bằng nhựa tổng hợp hay r&egrave;m giấy để trang tr&iacute; nh&agrave; cửa. Tuy nhi&ecirc;n, loại r&egrave;m phổ biến vẫn l&agrave; r&egrave;m vải v&igrave; t&iacute;nh năng dễ giặt tẩy, dễ lắp đặt, m&agrave;u v&agrave; kiểu phong ph&uacute;, hợp với nhiều phong c&aacute;ch nội thất.</p>\r\n\r\n<h3>CHẤT LIỆU</h3>\r\n\r\n<p>C&aacute;c loại vải may&nbsp;r&egrave;m cửa&nbsp;đang c&oacute; tr&ecirc;n thị trường rất đa dạng nhưng phần lớn l&agrave; cotton, polyester. Chất liệu thun, ren gần như kh&ocirc;ng c&ograve;n được ưa chuộng nữa v&igrave; dễ b&aacute;m bụi, mau bị sờn. &ETH;ược nhiều người chọn nhất vẫn l&agrave; c&aacute;c loại vải 65% cotton - 35% polyester hay loại 52% cotton - 48% polyester với nhiều nguồn gốc xuất xứ như Trung Quốc, H&agrave;n Quốc, Anh, Indonesia, Nga v&agrave; h&agrave;ng Việt Nam. Thị trường vải may r&egrave;m cửa kh&aacute; đa dạng với h&agrave;ng trăm mẫu hoa văn v&agrave; m&agrave;u sắc kh&aacute;c nhau. C&aacute;c loại r&egrave;m cửa bằng vải cotton, bố gấm, bố th&ocirc;, vải c&oacute; chất liệu chống thấm v&agrave; &iacute;t b&aacute;m bụi với c&aacute;c hoa văn đơn giản, c&aacute;c loại c&oacute; b&ocirc;ng ở ch&acirc;n may theo nếp gấp, li ống, li đứng đang được nhiều người ưa chuộng. C&aacute;c loại&nbsp;r&egrave;m&nbsp;cửa may theo kiểu b&egrave;o s&ograve; hay c&aacute;c kiểu rườm r&agrave; của một hai năm về trước đ&atilde; kh&ocirc;ng c&ograve;n được ưa chuộng. Xu hướng mới nhất năm nay l&agrave; dựa theo c&aacute;c mẫu đơn giản c&oacute; trong catologue nước ngo&agrave;i. Mẫu đang b&aacute;n chạy l&agrave; mẫu m&agrave;u kem với c&aacute;c hoa văn đơn giản. C&aacute;c loại hoa văn được xem l&agrave; mốt mới trong năm nay l&agrave; c&aacute;c h&igrave;nh lập thể, ca r&ocirc; v&agrave; c&aacute;c mẫu hoa nhỏ.</p>\r\n\r\n<h3>MẪU M&Atilde;, KIỂU D&Aacute;NG</h3>\r\n\r\n<p>Ch&uacute;ng t&ocirc;i rất đa dạng về kiểu d&aacute;ng, sản phẩm của&nbsp;r&egrave;m nghệ thuật d&ugrave; mang phong c&aacute;ch cổ điển, hiện đại hay được s&aacute;ng tạo&nbsp;ph&aacute; c&aacute;ch v&agrave; đầy ngẫu hứng vẫn lu&ocirc;n đem đến cho người sử dụng cảm gi&aacute;c th&iacute;ch th&uacute; v&agrave; h&agrave;i l&ograve;ng nhất. Ph&aacute;t huy s&aacute;ng tạo vượt mọi r&agrave;o cản r&egrave;m nghệ thuật l&agrave; đỉnh cao của những s&aacute;ng tạo kh&ocirc;ng giới hạn, ch&uacute;ng t&ocirc;i mong muốn mang đến những sản phẩm r&egrave;m cửa tốt nhất, rẻ nhất gi&uacute;p cho bữa cơm gia đ&igrave;nh th&ecirc;m đầm ấm, hạnh ph&uacute;c!</p>\r\n\r\n<p>&nbsp;</p>\r\n\r\n<p>&nbsp;</p>\r\n\r\n<p>Loại vải b&oacute;ng mượt, mềm mịn đem lại vẻ sang trọng như nhung, gấm, đũi, lụa, voan... thường một m&agrave;u hoặc mang hoa văn, hoạ tiết ch&igrave;m, trang nh&atilde;, hợp với ph&ograve;ng kh&aacute;ch. Những loại vải bề mặt th&ocirc; r&aacute;p cho cảm gi&aacute;c th&acirc;n mật, gần gũi thi&ecirc;n nhi&ecirc;n lại k&eacute;n phong c&aacute;ch b&agrave;i tr&iacute; như vải bạt, bố, th&ocirc;, thổ cẩm... chỉ n&ecirc;n sử dụng trong ph&ograve;ng b&agrave;y đồ đạc m&acirc;y, tre, gỗ mộc, thảm l&ocirc;ng th&uacute;. Vải b&ocirc;ng, lanh c&oacute; nhiều m&agrave;u hoa văn, hợp với nội thất b&igrave;nh thường, nhất l&agrave; ph&ograve;ng trẻ em, ph&ograve;ng ăn, ph&ograve;ng giải tr&iacute;...<br />\r\n<br />\r\nR&egrave;m (m&agrave;n) m&ugrave;a h&egrave; thường l&agrave; những loại&nbsp;r&egrave;m&nbsp;(m&agrave;n) c&oacute; chất liệu nhẹ nh&agrave;ng như: vải th&ocirc; mỏng, voan, lụa, lanh... c&ograve;n r&egrave;m m&ugrave;a đ&ocirc;ng lại cần tạo sự ấm &aacute;p, n&ecirc;n chất liệu chủ yếu l&agrave; nhung, gấm, th&ocirc; dầy v&agrave; thổ cẩm. Tuy nhi&ecirc;n l&agrave; m&ugrave;a đ&ocirc;ng hay m&ugrave;a h&egrave; việc lựa chọn chất liệu cũng phụ thuộc rất nhiều v&agrave;o mức độ chắn s&aacute;ng của &ocirc; cửa trong nh&agrave;.</p>\r\n\r\n<h3>GI&Aacute; TH&Agrave;NH</h3>\r\n\r\n<p>G&iacute;a:</p>\r\n\r\n<p>&nbsp;Khoảng 760.000đ/ 1m ngang ho&agrave;n thiện trở l&ecirc;n (bao gồm c&ocirc;ng, phụ kiện lắp đặt,&nbsp;</p>\r\n\r\n<h3>BẢO QUẢN V&Agrave; SỬ DỤNG</h3>\r\n', '', '', '01', '', '', '', '', '', '', '', '', '', '', '', '', 0, 'rem-vai-07', 'Rèm vải 07', 'Ngoài tác dụng điều chỉnh ánh sáng cho căn phòng, rèm cửa (màn cửa) còn giữ ấm cho căn phòng khi mùa đông đến, hạn chế cái nóng của mùa hè, bụi và tiếng ồn bên ngoài. ', 'Rèm vải'),
(55, 34, 'vn', 'Sản phẩm 08', '<p>Ngo&agrave;i t&aacute;c dụng điều chỉnh &aacute;nh s&aacute;ng cho căn ph&ograve;ng, r&egrave;m cửa (m&agrave;n cửa) c&ograve;n giữ ấm cho căn ph&ograve;ng khi m&ugrave;a đ&ocirc;ng đến, hạn chế c&aacute;i n&oacute;ng của m&ugrave;a h&egrave;, bụi v&agrave; tiếng ồn b&ecirc;n ngo&agrave;i.&nbsp;</p>\r\n', '', '', '<h3>M&Ocirc; TẢ SẢN PHẨM</h3>\r\n\r\n<p>Ngo&agrave;i t&aacute;c dụng điều chỉnh &aacute;nh s&aacute;ng cho căn ph&ograve;ng, r&egrave;m cửa (m&agrave;n cửa) c&ograve;n giữ ấm cho căn ph&ograve;ng khi m&ugrave;a đ&ocirc;ng đến, hạn chế c&aacute;i n&oacute;ng của m&ugrave;a h&egrave;, bụi v&agrave; tiếng ồn b&ecirc;n ngo&agrave;i. Kh&ocirc;ng chỉ c&oacute; thế, với kiểu d&aacute;ng v&agrave; m&agrave;u sắc th&iacute;ch hợp,&nbsp;r&egrave;m cửa&nbsp;c&ograve;n c&oacute; thể tạo khoảng kh&ocirc;ng ri&ecirc;ng tư hoặc th&ecirc;m ch&uacute;t vẻ đẹp sang trọng hay l&atilde;ng mạn cho căn ph&ograve;ng.<br />\r\n&nbsp;&nbsp;<br />\r\nChiếc r&egrave;m cửa kh&ocirc;ng chỉ đơn giản l&agrave; vật chắn s&aacute;ng hay tạo khoảng kh&ocirc;ng ri&ecirc;ng tư, n&oacute; c&ograve;n tạo cho mỗi căn ph&ograve;ng một ấn tượng v&agrave; cảm x&uacute;c kh&aacute;c nhau, t&ugrave;y theo c&aacute;ch chọn lựa của chủ nh&acirc;n.<br />\r\n&nbsp;&nbsp;<br />\r\nC&oacute; rất nhiều loại r&egrave;m kh&aacute;c nhau như r&egrave;m v&eacute;n,&nbsp;r&egrave;m roman&nbsp;(hay c&ograve;n gọi l&agrave; r&egrave;m xếp lớp), r&egrave;m cuốn, r&egrave;m l&aacute;,... Bạn cũng c&oacute; thể d&ugrave;ng r&egrave;m tr&uacute;c, r&egrave;m kim loại nhẹ, r&egrave;m bằng nhựa tổng hợp hay r&egrave;m giấy để trang tr&iacute; nh&agrave; cửa. Tuy nhi&ecirc;n, loại r&egrave;m phổ biến vẫn l&agrave; r&egrave;m vải v&igrave; t&iacute;nh năng dễ giặt tẩy, dễ lắp đặt, m&agrave;u v&agrave; kiểu phong ph&uacute;, hợp với nhiều phong c&aacute;ch nội thất.</p>\r\n\r\n<h3>CHẤT LIỆU</h3>\r\n\r\n<p>C&aacute;c loại vải may&nbsp;r&egrave;m cửa&nbsp;đang c&oacute; tr&ecirc;n thị trường rất đa dạng nhưng phần lớn l&agrave; cotton, polyester. Chất liệu thun, ren gần như kh&ocirc;ng c&ograve;n được ưa chuộng nữa v&igrave; dễ b&aacute;m bụi, mau bị sờn. &ETH;ược nhiều người chọn nhất vẫn l&agrave; c&aacute;c loại vải 65% cotton - 35% polyester hay loại 52% cotton - 48% polyester với nhiều nguồn gốc xuất xứ như Trung Quốc, H&agrave;n Quốc, Anh, Indonesia, Nga v&agrave; h&agrave;ng Việt Nam. Thị trường vải may r&egrave;m cửa kh&aacute; đa dạng với h&agrave;ng trăm mẫu hoa văn v&agrave; m&agrave;u sắc kh&aacute;c nhau. C&aacute;c loại r&egrave;m cửa bằng vải cotton, bố gấm, bố th&ocirc;, vải c&oacute; chất liệu chống thấm v&agrave; &iacute;t b&aacute;m bụi với c&aacute;c hoa văn đơn giản, c&aacute;c loại c&oacute; b&ocirc;ng ở ch&acirc;n may theo nếp gấp, li ống, li đứng đang được nhiều người ưa chuộng. C&aacute;c loại&nbsp;r&egrave;m&nbsp;cửa may theo kiểu b&egrave;o s&ograve; hay c&aacute;c kiểu rườm r&agrave; của một hai năm về trước đ&atilde; kh&ocirc;ng c&ograve;n được ưa chuộng. Xu hướng mới nhất năm nay l&agrave; dựa theo c&aacute;c mẫu đơn giản c&oacute; trong catologue nước ngo&agrave;i. Mẫu đang b&aacute;n chạy l&agrave; mẫu m&agrave;u kem với c&aacute;c hoa văn đơn giản. C&aacute;c loại hoa văn được xem l&agrave; mốt mới trong năm nay l&agrave; c&aacute;c h&igrave;nh lập thể, ca r&ocirc; v&agrave; c&aacute;c mẫu hoa nhỏ.</p>\r\n\r\n<h3>MẪU M&Atilde;, KIỂU D&Aacute;NG</h3>\r\n\r\n<p>Ch&uacute;ng t&ocirc;i rất đa dạng về kiểu d&aacute;ng, sản phẩm của&nbsp;r&egrave;m nghệ thuật d&ugrave; mang phong c&aacute;ch cổ điển, hiện đại hay được s&aacute;ng tạo&nbsp;ph&aacute; c&aacute;ch v&agrave; đầy ngẫu hứng vẫn lu&ocirc;n đem đến cho người sử dụng cảm gi&aacute;c th&iacute;ch th&uacute; v&agrave; h&agrave;i l&ograve;ng nhất. Ph&aacute;t huy s&aacute;ng tạo vượt mọi r&agrave;o cản r&egrave;m nghệ thuật l&agrave; đỉnh cao của những s&aacute;ng tạo kh&ocirc;ng giới hạn, ch&uacute;ng t&ocirc;i mong muốn mang đến những sản phẩm r&egrave;m cửa tốt nhất, rẻ nhất gi&uacute;p cho bữa cơm gia đ&igrave;nh th&ecirc;m đầm ấm, hạnh ph&uacute;c!</p>\r\n\r\n<p>&nbsp;</p>\r\n\r\n<p>&nbsp;</p>\r\n\r\n<p>Loại vải b&oacute;ng mượt, mềm mịn đem lại vẻ sang trọng như nhung, gấm, đũi, lụa, voan... thường một m&agrave;u hoặc mang hoa văn, hoạ tiết ch&igrave;m, trang nh&atilde;, hợp với ph&ograve;ng kh&aacute;ch. Những loại vải bề mặt th&ocirc; r&aacute;p cho cảm gi&aacute;c th&acirc;n mật, gần gũi thi&ecirc;n nhi&ecirc;n lại k&eacute;n phong c&aacute;ch b&agrave;i tr&iacute; như vải bạt, bố, th&ocirc;, thổ cẩm... chỉ n&ecirc;n sử dụng trong ph&ograve;ng b&agrave;y đồ đạc m&acirc;y, tre, gỗ mộc, thảm l&ocirc;ng th&uacute;. Vải b&ocirc;ng, lanh c&oacute; nhiều m&agrave;u hoa văn, hợp với nội thất b&igrave;nh thường, nhất l&agrave; ph&ograve;ng trẻ em, ph&ograve;ng ăn, ph&ograve;ng giải tr&iacute;...<br />\r\n<br />\r\nR&egrave;m (m&agrave;n) m&ugrave;a h&egrave; thường l&agrave; những loại&nbsp;r&egrave;m&nbsp;(m&agrave;n) c&oacute; chất liệu nhẹ nh&agrave;ng như: vải th&ocirc; mỏng, voan, lụa, lanh... c&ograve;n r&egrave;m m&ugrave;a đ&ocirc;ng lại cần tạo sự ấm &aacute;p, n&ecirc;n chất liệu chủ yếu l&agrave; nhung, gấm, th&ocirc; dầy v&agrave; thổ cẩm. Tuy nhi&ecirc;n l&agrave; m&ugrave;a đ&ocirc;ng hay m&ugrave;a h&egrave; việc lựa chọn chất liệu cũng phụ thuộc rất nhiều v&agrave;o mức độ chắn s&aacute;ng của &ocirc; cửa trong nh&agrave;.</p>\r\n\r\n<h3>GI&Aacute; TH&Agrave;NH</h3>\r\n\r\n<p>G&iacute;a:</p>\r\n\r\n<p>&nbsp;Khoảng 760.000đ/ 1m ngang ho&agrave;n thiện trở l&ecirc;n (bao gồm c&ocirc;ng, phụ kiện lắp đặt,&nbsp;</p>\r\n\r\n<h3>BẢO QUẢN V&Agrave; SỬ DỤNG</h3>\r\n', '', '', '01', '', '', '', '', '', '', '', '', '', '', '', '', 0, 'san-pham-08', 'Sản phẩm 08', 'Ngoài tác dụng điều chỉnh ánh sáng cho căn phòng, rèm cửa (màn cửa) còn giữ ấm cho căn phòng khi mùa đông đến, hạn chế cái nóng của mùa hè, bụi và tiếng ồn bên ngoài. ', 'Rèm vải'),
(56, 34, 'en', 'Rèm vải 08', '<p>Ngo&agrave;i t&aacute;c dụng điều chỉnh &aacute;nh s&aacute;ng cho căn ph&ograve;ng, r&egrave;m cửa (m&agrave;n cửa) c&ograve;n giữ ấm cho căn ph&ograve;ng khi m&ugrave;a đ&ocirc;ng đến, hạn chế c&aacute;i n&oacute;ng của m&ugrave;a h&egrave;, bụi v&agrave; tiếng ồn b&ecirc;n ngo&agrave;i.&nbsp;</p>\r\n', '', '', '<h3>M&Ocirc; TẢ SẢN PHẨM</h3>\r\n\r\n<p>Ngo&agrave;i t&aacute;c dụng điều chỉnh &aacute;nh s&aacute;ng cho căn ph&ograve;ng, r&egrave;m cửa (m&agrave;n cửa) c&ograve;n giữ ấm cho căn ph&ograve;ng khi m&ugrave;a đ&ocirc;ng đến, hạn chế c&aacute;i n&oacute;ng của m&ugrave;a h&egrave;, bụi v&agrave; tiếng ồn b&ecirc;n ngo&agrave;i. Kh&ocirc;ng chỉ c&oacute; thế, với kiểu d&aacute;ng v&agrave; m&agrave;u sắc th&iacute;ch hợp,&nbsp;r&egrave;m cửa&nbsp;c&ograve;n c&oacute; thể tạo khoảng kh&ocirc;ng ri&ecirc;ng tư hoặc th&ecirc;m ch&uacute;t vẻ đẹp sang trọng hay l&atilde;ng mạn cho căn ph&ograve;ng.<br />\r\n&nbsp;&nbsp;<br />\r\nChiếc r&egrave;m cửa kh&ocirc;ng chỉ đơn giản l&agrave; vật chắn s&aacute;ng hay tạo khoảng kh&ocirc;ng ri&ecirc;ng tư, n&oacute; c&ograve;n tạo cho mỗi căn ph&ograve;ng một ấn tượng v&agrave; cảm x&uacute;c kh&aacute;c nhau, t&ugrave;y theo c&aacute;ch chọn lựa của chủ nh&acirc;n.<br />\r\n&nbsp;&nbsp;<br />\r\nC&oacute; rất nhiều loại r&egrave;m kh&aacute;c nhau như r&egrave;m v&eacute;n,&nbsp;r&egrave;m roman&nbsp;(hay c&ograve;n gọi l&agrave; r&egrave;m xếp lớp), r&egrave;m cuốn, r&egrave;m l&aacute;,... Bạn cũng c&oacute; thể d&ugrave;ng r&egrave;m tr&uacute;c, r&egrave;m kim loại nhẹ, r&egrave;m bằng nhựa tổng hợp hay r&egrave;m giấy để trang tr&iacute; nh&agrave; cửa. Tuy nhi&ecirc;n, loại r&egrave;m phổ biến vẫn l&agrave; r&egrave;m vải v&igrave; t&iacute;nh năng dễ giặt tẩy, dễ lắp đặt, m&agrave;u v&agrave; kiểu phong ph&uacute;, hợp với nhiều phong c&aacute;ch nội thất.</p>\r\n\r\n<h3>CHẤT LIỆU</h3>\r\n\r\n<p>C&aacute;c loại vải may&nbsp;r&egrave;m cửa&nbsp;đang c&oacute; tr&ecirc;n thị trường rất đa dạng nhưng phần lớn l&agrave; cotton, polyester. Chất liệu thun, ren gần như kh&ocirc;ng c&ograve;n được ưa chuộng nữa v&igrave; dễ b&aacute;m bụi, mau bị sờn. &ETH;ược nhiều người chọn nhất vẫn l&agrave; c&aacute;c loại vải 65% cotton - 35% polyester hay loại 52% cotton - 48% polyester với nhiều nguồn gốc xuất xứ như Trung Quốc, H&agrave;n Quốc, Anh, Indonesia, Nga v&agrave; h&agrave;ng Việt Nam. Thị trường vải may r&egrave;m cửa kh&aacute; đa dạng với h&agrave;ng trăm mẫu hoa văn v&agrave; m&agrave;u sắc kh&aacute;c nhau. C&aacute;c loại r&egrave;m cửa bằng vải cotton, bố gấm, bố th&ocirc;, vải c&oacute; chất liệu chống thấm v&agrave; &iacute;t b&aacute;m bụi với c&aacute;c hoa văn đơn giản, c&aacute;c loại c&oacute; b&ocirc;ng ở ch&acirc;n may theo nếp gấp, li ống, li đứng đang được nhiều người ưa chuộng. C&aacute;c loại&nbsp;r&egrave;m&nbsp;cửa may theo kiểu b&egrave;o s&ograve; hay c&aacute;c kiểu rườm r&agrave; của một hai năm về trước đ&atilde; kh&ocirc;ng c&ograve;n được ưa chuộng. Xu hướng mới nhất năm nay l&agrave; dựa theo c&aacute;c mẫu đơn giản c&oacute; trong catologue nước ngo&agrave;i. Mẫu đang b&aacute;n chạy l&agrave; mẫu m&agrave;u kem với c&aacute;c hoa văn đơn giản. C&aacute;c loại hoa văn được xem l&agrave; mốt mới trong năm nay l&agrave; c&aacute;c h&igrave;nh lập thể, ca r&ocirc; v&agrave; c&aacute;c mẫu hoa nhỏ.</p>\r\n\r\n<h3>MẪU M&Atilde;, KIỂU D&Aacute;NG</h3>\r\n\r\n<p>Ch&uacute;ng t&ocirc;i rất đa dạng về kiểu d&aacute;ng, sản phẩm của&nbsp;r&egrave;m nghệ thuật d&ugrave; mang phong c&aacute;ch cổ điển, hiện đại hay được s&aacute;ng tạo&nbsp;ph&aacute; c&aacute;ch v&agrave; đầy ngẫu hứng vẫn lu&ocirc;n đem đến cho người sử dụng cảm gi&aacute;c th&iacute;ch th&uacute; v&agrave; h&agrave;i l&ograve;ng nhất. Ph&aacute;t huy s&aacute;ng tạo vượt mọi r&agrave;o cản r&egrave;m nghệ thuật l&agrave; đỉnh cao của những s&aacute;ng tạo kh&ocirc;ng giới hạn, ch&uacute;ng t&ocirc;i mong muốn mang đến những sản phẩm r&egrave;m cửa tốt nhất, rẻ nhất gi&uacute;p cho bữa cơm gia đ&igrave;nh th&ecirc;m đầm ấm, hạnh ph&uacute;c!</p>\r\n\r\n<p>&nbsp;</p>\r\n\r\n<p>&nbsp;</p>\r\n\r\n<p>Loại vải b&oacute;ng mượt, mềm mịn đem lại vẻ sang trọng như nhung, gấm, đũi, lụa, voan... thường một m&agrave;u hoặc mang hoa văn, hoạ tiết ch&igrave;m, trang nh&atilde;, hợp với ph&ograve;ng kh&aacute;ch. Những loại vải bề mặt th&ocirc; r&aacute;p cho cảm gi&aacute;c th&acirc;n mật, gần gũi thi&ecirc;n nhi&ecirc;n lại k&eacute;n phong c&aacute;ch b&agrave;i tr&iacute; như vải bạt, bố, th&ocirc;, thổ cẩm... chỉ n&ecirc;n sử dụng trong ph&ograve;ng b&agrave;y đồ đạc m&acirc;y, tre, gỗ mộc, thảm l&ocirc;ng th&uacute;. Vải b&ocirc;ng, lanh c&oacute; nhiều m&agrave;u hoa văn, hợp với nội thất b&igrave;nh thường, nhất l&agrave; ph&ograve;ng trẻ em, ph&ograve;ng ăn, ph&ograve;ng giải tr&iacute;...<br />\r\n<br />\r\nR&egrave;m (m&agrave;n) m&ugrave;a h&egrave; thường l&agrave; những loại&nbsp;r&egrave;m&nbsp;(m&agrave;n) c&oacute; chất liệu nhẹ nh&agrave;ng như: vải th&ocirc; mỏng, voan, lụa, lanh... c&ograve;n r&egrave;m m&ugrave;a đ&ocirc;ng lại cần tạo sự ấm &aacute;p, n&ecirc;n chất liệu chủ yếu l&agrave; nhung, gấm, th&ocirc; dầy v&agrave; thổ cẩm. Tuy nhi&ecirc;n l&agrave; m&ugrave;a đ&ocirc;ng hay m&ugrave;a h&egrave; việc lựa chọn chất liệu cũng phụ thuộc rất nhiều v&agrave;o mức độ chắn s&aacute;ng của &ocirc; cửa trong nh&agrave;.</p>\r\n\r\n<h3>GI&Aacute; TH&Agrave;NH</h3>\r\n\r\n<p>G&iacute;a:</p>\r\n\r\n<p>&nbsp;Khoảng 760.000đ/ 1m ngang ho&agrave;n thiện trở l&ecirc;n (bao gồm c&ocirc;ng, phụ kiện lắp đặt,&nbsp;</p>\r\n\r\n<h3>BẢO QUẢN V&Agrave; SỬ DỤNG</h3>\r\n', '', '', '01', '', '', '', '', '', '', '', '', '', '', '', '', 0, 'rem-vai-08', 'Rèm vải 08', 'Ngoài tác dụng điều chỉnh ánh sáng cho căn phòng, rèm cửa (màn cửa) còn giữ ấm cho căn phòng khi mùa đông đến, hạn chế cái nóng của mùa hè, bụi và tiếng ồn bên ngoài. ', 'Rèm vải');
INSERT INTO `product_languages` (`id`, `product_id`, `languages_code`, `lang_product_name`, `lang_product_des`, `lang_product_des2`, `lang_product_des3`, `lang_product_content`, `lang_product_content2`, `lang_product_content3`, `lang_product_code`, `lang_product_original`, `lang_product_size`, `lang_product_package`, `lang_product_delivery`, `lang_product_delivery_time`, `lang_product_payment`, `lang_product_payment_type`, `lang_product_sub_info1`, `lang_product_sub_info2`, `lang_product_sub_info3`, `lang_product_sub_info4`, `lang_product_sub_info5`, `edit_state`, `friendly_url`, `title_seo`, `des_seo`, `keyword`) VALUES
(57, 35, 'vn', 'Sản phẩm 09', '<p>Ngo&agrave;i t&aacute;c dụng điều chỉnh &aacute;nh s&aacute;ng cho căn ph&ograve;ng, r&egrave;m cửa (m&agrave;n cửa) c&ograve;n giữ ấm cho căn ph&ograve;ng khi m&ugrave;a đ&ocirc;ng đến, hạn chế c&aacute;i n&oacute;ng của m&ugrave;a h&egrave;, bụi v&agrave; tiếng ồn b&ecirc;n ngo&agrave;i.&nbsp;</p>\r\n', '', '', '<h3>M&Ocirc; TẢ SẢN PHẨM</h3>\r\n\r\n<p>Ngo&agrave;i t&aacute;c dụng điều chỉnh &aacute;nh s&aacute;ng cho căn ph&ograve;ng, r&egrave;m cửa (m&agrave;n cửa) c&ograve;n giữ ấm cho căn ph&ograve;ng khi m&ugrave;a đ&ocirc;ng đến, hạn chế c&aacute;i n&oacute;ng của m&ugrave;a h&egrave;, bụi v&agrave; tiếng ồn b&ecirc;n ngo&agrave;i. Kh&ocirc;ng chỉ c&oacute; thế, với kiểu d&aacute;ng v&agrave; m&agrave;u sắc th&iacute;ch hợp,&nbsp;r&egrave;m cửa&nbsp;c&ograve;n c&oacute; thể tạo khoảng kh&ocirc;ng ri&ecirc;ng tư hoặc th&ecirc;m ch&uacute;t vẻ đẹp sang trọng hay l&atilde;ng mạn cho căn ph&ograve;ng.<br />\r\n&nbsp;&nbsp;<br />\r\nChiếc r&egrave;m cửa kh&ocirc;ng chỉ đơn giản l&agrave; vật chắn s&aacute;ng hay tạo khoảng kh&ocirc;ng ri&ecirc;ng tư, n&oacute; c&ograve;n tạo cho mỗi căn ph&ograve;ng một ấn tượng v&agrave; cảm x&uacute;c kh&aacute;c nhau, t&ugrave;y theo c&aacute;ch chọn lựa của chủ nh&acirc;n.<br />\r\n&nbsp;&nbsp;<br />\r\nC&oacute; rất nhiều loại r&egrave;m kh&aacute;c nhau như r&egrave;m v&eacute;n,&nbsp;r&egrave;m roman&nbsp;(hay c&ograve;n gọi l&agrave; r&egrave;m xếp lớp), r&egrave;m cuốn, r&egrave;m l&aacute;,... Bạn cũng c&oacute; thể d&ugrave;ng r&egrave;m tr&uacute;c, r&egrave;m kim loại nhẹ, r&egrave;m bằng nhựa tổng hợp hay r&egrave;m giấy để trang tr&iacute; nh&agrave; cửa. Tuy nhi&ecirc;n, loại r&egrave;m phổ biến vẫn l&agrave; r&egrave;m vải v&igrave; t&iacute;nh năng dễ giặt tẩy, dễ lắp đặt, m&agrave;u v&agrave; kiểu phong ph&uacute;, hợp với nhiều phong c&aacute;ch nội thất.</p>\r\n\r\n<h3>CHẤT LIỆU</h3>\r\n\r\n<p>C&aacute;c loại vải may&nbsp;r&egrave;m cửa&nbsp;đang c&oacute; tr&ecirc;n thị trường rất đa dạng nhưng phần lớn l&agrave; cotton, polyester. Chất liệu thun, ren gần như kh&ocirc;ng c&ograve;n được ưa chuộng nữa v&igrave; dễ b&aacute;m bụi, mau bị sờn. &ETH;ược nhiều người chọn nhất vẫn l&agrave; c&aacute;c loại vải 65% cotton - 35% polyester hay loại 52% cotton - 48% polyester với nhiều nguồn gốc xuất xứ như Trung Quốc, H&agrave;n Quốc, Anh, Indonesia, Nga v&agrave; h&agrave;ng Việt Nam. Thị trường vải may r&egrave;m cửa kh&aacute; đa dạng với h&agrave;ng trăm mẫu hoa văn v&agrave; m&agrave;u sắc kh&aacute;c nhau. C&aacute;c loại r&egrave;m cửa bằng vải cotton, bố gấm, bố th&ocirc;, vải c&oacute; chất liệu chống thấm v&agrave; &iacute;t b&aacute;m bụi với c&aacute;c hoa văn đơn giản, c&aacute;c loại c&oacute; b&ocirc;ng ở ch&acirc;n may theo nếp gấp, li ống, li đứng đang được nhiều người ưa chuộng. C&aacute;c loại&nbsp;r&egrave;m&nbsp;cửa may theo kiểu b&egrave;o s&ograve; hay c&aacute;c kiểu rườm r&agrave; của một hai năm về trước đ&atilde; kh&ocirc;ng c&ograve;n được ưa chuộng. Xu hướng mới nhất năm nay l&agrave; dựa theo c&aacute;c mẫu đơn giản c&oacute; trong catologue nước ngo&agrave;i. Mẫu đang b&aacute;n chạy l&agrave; mẫu m&agrave;u kem với c&aacute;c hoa văn đơn giản. C&aacute;c loại hoa văn được xem l&agrave; mốt mới trong năm nay l&agrave; c&aacute;c h&igrave;nh lập thể, ca r&ocirc; v&agrave; c&aacute;c mẫu hoa nhỏ.</p>\r\n\r\n<h3>MẪU M&Atilde;, KIỂU D&Aacute;NG</h3>\r\n\r\n<p>Ch&uacute;ng t&ocirc;i rất đa dạng về kiểu d&aacute;ng, sản phẩm của&nbsp;r&egrave;m nghệ thuật d&ugrave; mang phong c&aacute;ch cổ điển, hiện đại hay được s&aacute;ng tạo&nbsp;ph&aacute; c&aacute;ch v&agrave; đầy ngẫu hứng vẫn lu&ocirc;n đem đến cho người sử dụng cảm gi&aacute;c th&iacute;ch th&uacute; v&agrave; h&agrave;i l&ograve;ng nhất. Ph&aacute;t huy s&aacute;ng tạo vượt mọi r&agrave;o cản r&egrave;m nghệ thuật l&agrave; đỉnh cao của những s&aacute;ng tạo kh&ocirc;ng giới hạn, ch&uacute;ng t&ocirc;i mong muốn mang đến những sản phẩm r&egrave;m cửa tốt nhất, rẻ nhất gi&uacute;p cho bữa cơm gia đ&igrave;nh th&ecirc;m đầm ấm, hạnh ph&uacute;c!</p>\r\n\r\n<p>&nbsp;</p>\r\n\r\n<p>&nbsp;</p>\r\n\r\n<p>Loại vải b&oacute;ng mượt, mềm mịn đem lại vẻ sang trọng như nhung, gấm, đũi, lụa, voan... thường một m&agrave;u hoặc mang hoa văn, hoạ tiết ch&igrave;m, trang nh&atilde;, hợp với ph&ograve;ng kh&aacute;ch. Những loại vải bề mặt th&ocirc; r&aacute;p cho cảm gi&aacute;c th&acirc;n mật, gần gũi thi&ecirc;n nhi&ecirc;n lại k&eacute;n phong c&aacute;ch b&agrave;i tr&iacute; như vải bạt, bố, th&ocirc;, thổ cẩm... chỉ n&ecirc;n sử dụng trong ph&ograve;ng b&agrave;y đồ đạc m&acirc;y, tre, gỗ mộc, thảm l&ocirc;ng th&uacute;. Vải b&ocirc;ng, lanh c&oacute; nhiều m&agrave;u hoa văn, hợp với nội thất b&igrave;nh thường, nhất l&agrave; ph&ograve;ng trẻ em, ph&ograve;ng ăn, ph&ograve;ng giải tr&iacute;...<br />\r\n<br />\r\nR&egrave;m (m&agrave;n) m&ugrave;a h&egrave; thường l&agrave; những loại&nbsp;r&egrave;m&nbsp;(m&agrave;n) c&oacute; chất liệu nhẹ nh&agrave;ng như: vải th&ocirc; mỏng, voan, lụa, lanh... c&ograve;n r&egrave;m m&ugrave;a đ&ocirc;ng lại cần tạo sự ấm &aacute;p, n&ecirc;n chất liệu chủ yếu l&agrave; nhung, gấm, th&ocirc; dầy v&agrave; thổ cẩm. Tuy nhi&ecirc;n l&agrave; m&ugrave;a đ&ocirc;ng hay m&ugrave;a h&egrave; việc lựa chọn chất liệu cũng phụ thuộc rất nhiều v&agrave;o mức độ chắn s&aacute;ng của &ocirc; cửa trong nh&agrave;.</p>\r\n\r\n<h3>GI&Aacute; TH&Agrave;NH</h3>\r\n\r\n<p>G&iacute;a:</p>\r\n\r\n<p>&nbsp;Khoảng 760.000đ/ 1m ngang ho&agrave;n thiện trở l&ecirc;n (bao gồm c&ocirc;ng, phụ kiện lắp đặt,&nbsp;</p>\r\n\r\n<h3>BẢO QUẢN V&Agrave; SỬ DỤNG</h3>\r\n', '', '', '01', '', '', '', '', '', '', '', '', '', '', '', '', 0, 'san-pham-09', 'Sản phẩm 09', 'Ngoài tác dụng điều chỉnh ánh sáng cho căn phòng, rèm cửa (màn cửa) còn giữ ấm cho căn phòng khi mùa đông đến, hạn chế cái nóng của mùa hè, bụi và tiếng ồn bên ngoài. ', 'Rèm vải'),
(58, 35, 'en', 'Rèm vải 09', '<p>Ngo&agrave;i t&aacute;c dụng điều chỉnh &aacute;nh s&aacute;ng cho căn ph&ograve;ng, r&egrave;m cửa (m&agrave;n cửa) c&ograve;n giữ ấm cho căn ph&ograve;ng khi m&ugrave;a đ&ocirc;ng đến, hạn chế c&aacute;i n&oacute;ng của m&ugrave;a h&egrave;, bụi v&agrave; tiếng ồn b&ecirc;n ngo&agrave;i.&nbsp;</p>\r\n', '', '', '<h3>M&Ocirc; TẢ SẢN PHẨM</h3>\r\n\r\n<p>Ngo&agrave;i t&aacute;c dụng điều chỉnh &aacute;nh s&aacute;ng cho căn ph&ograve;ng, r&egrave;m cửa (m&agrave;n cửa) c&ograve;n giữ ấm cho căn ph&ograve;ng khi m&ugrave;a đ&ocirc;ng đến, hạn chế c&aacute;i n&oacute;ng của m&ugrave;a h&egrave;, bụi v&agrave; tiếng ồn b&ecirc;n ngo&agrave;i. Kh&ocirc;ng chỉ c&oacute; thế, với kiểu d&aacute;ng v&agrave; m&agrave;u sắc th&iacute;ch hợp,&nbsp;r&egrave;m cửa&nbsp;c&ograve;n c&oacute; thể tạo khoảng kh&ocirc;ng ri&ecirc;ng tư hoặc th&ecirc;m ch&uacute;t vẻ đẹp sang trọng hay l&atilde;ng mạn cho căn ph&ograve;ng.<br />\r\n&nbsp;&nbsp;<br />\r\nChiếc r&egrave;m cửa kh&ocirc;ng chỉ đơn giản l&agrave; vật chắn s&aacute;ng hay tạo khoảng kh&ocirc;ng ri&ecirc;ng tư, n&oacute; c&ograve;n tạo cho mỗi căn ph&ograve;ng một ấn tượng v&agrave; cảm x&uacute;c kh&aacute;c nhau, t&ugrave;y theo c&aacute;ch chọn lựa của chủ nh&acirc;n.<br />\r\n&nbsp;&nbsp;<br />\r\nC&oacute; rất nhiều loại r&egrave;m kh&aacute;c nhau như r&egrave;m v&eacute;n,&nbsp;r&egrave;m roman&nbsp;(hay c&ograve;n gọi l&agrave; r&egrave;m xếp lớp), r&egrave;m cuốn, r&egrave;m l&aacute;,... Bạn cũng c&oacute; thể d&ugrave;ng r&egrave;m tr&uacute;c, r&egrave;m kim loại nhẹ, r&egrave;m bằng nhựa tổng hợp hay r&egrave;m giấy để trang tr&iacute; nh&agrave; cửa. Tuy nhi&ecirc;n, loại r&egrave;m phổ biến vẫn l&agrave; r&egrave;m vải v&igrave; t&iacute;nh năng dễ giặt tẩy, dễ lắp đặt, m&agrave;u v&agrave; kiểu phong ph&uacute;, hợp với nhiều phong c&aacute;ch nội thất.</p>\r\n\r\n<h3>CHẤT LIỆU</h3>\r\n\r\n<p>C&aacute;c loại vải may&nbsp;r&egrave;m cửa&nbsp;đang c&oacute; tr&ecirc;n thị trường rất đa dạng nhưng phần lớn l&agrave; cotton, polyester. Chất liệu thun, ren gần như kh&ocirc;ng c&ograve;n được ưa chuộng nữa v&igrave; dễ b&aacute;m bụi, mau bị sờn. &ETH;ược nhiều người chọn nhất vẫn l&agrave; c&aacute;c loại vải 65% cotton - 35% polyester hay loại 52% cotton - 48% polyester với nhiều nguồn gốc xuất xứ như Trung Quốc, H&agrave;n Quốc, Anh, Indonesia, Nga v&agrave; h&agrave;ng Việt Nam. Thị trường vải may r&egrave;m cửa kh&aacute; đa dạng với h&agrave;ng trăm mẫu hoa văn v&agrave; m&agrave;u sắc kh&aacute;c nhau. C&aacute;c loại r&egrave;m cửa bằng vải cotton, bố gấm, bố th&ocirc;, vải c&oacute; chất liệu chống thấm v&agrave; &iacute;t b&aacute;m bụi với c&aacute;c hoa văn đơn giản, c&aacute;c loại c&oacute; b&ocirc;ng ở ch&acirc;n may theo nếp gấp, li ống, li đứng đang được nhiều người ưa chuộng. C&aacute;c loại&nbsp;r&egrave;m&nbsp;cửa may theo kiểu b&egrave;o s&ograve; hay c&aacute;c kiểu rườm r&agrave; của một hai năm về trước đ&atilde; kh&ocirc;ng c&ograve;n được ưa chuộng. Xu hướng mới nhất năm nay l&agrave; dựa theo c&aacute;c mẫu đơn giản c&oacute; trong catologue nước ngo&agrave;i. Mẫu đang b&aacute;n chạy l&agrave; mẫu m&agrave;u kem với c&aacute;c hoa văn đơn giản. C&aacute;c loại hoa văn được xem l&agrave; mốt mới trong năm nay l&agrave; c&aacute;c h&igrave;nh lập thể, ca r&ocirc; v&agrave; c&aacute;c mẫu hoa nhỏ.</p>\r\n\r\n<h3>MẪU M&Atilde;, KIỂU D&Aacute;NG</h3>\r\n\r\n<p>Ch&uacute;ng t&ocirc;i rất đa dạng về kiểu d&aacute;ng, sản phẩm của&nbsp;r&egrave;m nghệ thuật d&ugrave; mang phong c&aacute;ch cổ điển, hiện đại hay được s&aacute;ng tạo&nbsp;ph&aacute; c&aacute;ch v&agrave; đầy ngẫu hứng vẫn lu&ocirc;n đem đến cho người sử dụng cảm gi&aacute;c th&iacute;ch th&uacute; v&agrave; h&agrave;i l&ograve;ng nhất. Ph&aacute;t huy s&aacute;ng tạo vượt mọi r&agrave;o cản r&egrave;m nghệ thuật l&agrave; đỉnh cao của những s&aacute;ng tạo kh&ocirc;ng giới hạn, ch&uacute;ng t&ocirc;i mong muốn mang đến những sản phẩm r&egrave;m cửa tốt nhất, rẻ nhất gi&uacute;p cho bữa cơm gia đ&igrave;nh th&ecirc;m đầm ấm, hạnh ph&uacute;c!</p>\r\n\r\n<p>&nbsp;</p>\r\n\r\n<p>&nbsp;</p>\r\n\r\n<p>Loại vải b&oacute;ng mượt, mềm mịn đem lại vẻ sang trọng như nhung, gấm, đũi, lụa, voan... thường một m&agrave;u hoặc mang hoa văn, hoạ tiết ch&igrave;m, trang nh&atilde;, hợp với ph&ograve;ng kh&aacute;ch. Những loại vải bề mặt th&ocirc; r&aacute;p cho cảm gi&aacute;c th&acirc;n mật, gần gũi thi&ecirc;n nhi&ecirc;n lại k&eacute;n phong c&aacute;ch b&agrave;i tr&iacute; như vải bạt, bố, th&ocirc;, thổ cẩm... chỉ n&ecirc;n sử dụng trong ph&ograve;ng b&agrave;y đồ đạc m&acirc;y, tre, gỗ mộc, thảm l&ocirc;ng th&uacute;. Vải b&ocirc;ng, lanh c&oacute; nhiều m&agrave;u hoa văn, hợp với nội thất b&igrave;nh thường, nhất l&agrave; ph&ograve;ng trẻ em, ph&ograve;ng ăn, ph&ograve;ng giải tr&iacute;...<br />\r\n<br />\r\nR&egrave;m (m&agrave;n) m&ugrave;a h&egrave; thường l&agrave; những loại&nbsp;r&egrave;m&nbsp;(m&agrave;n) c&oacute; chất liệu nhẹ nh&agrave;ng như: vải th&ocirc; mỏng, voan, lụa, lanh... c&ograve;n r&egrave;m m&ugrave;a đ&ocirc;ng lại cần tạo sự ấm &aacute;p, n&ecirc;n chất liệu chủ yếu l&agrave; nhung, gấm, th&ocirc; dầy v&agrave; thổ cẩm. Tuy nhi&ecirc;n l&agrave; m&ugrave;a đ&ocirc;ng hay m&ugrave;a h&egrave; việc lựa chọn chất liệu cũng phụ thuộc rất nhiều v&agrave;o mức độ chắn s&aacute;ng của &ocirc; cửa trong nh&agrave;.</p>\r\n\r\n<h3>GI&Aacute; TH&Agrave;NH</h3>\r\n\r\n<p>G&iacute;a:</p>\r\n\r\n<p>&nbsp;Khoảng 760.000đ/ 1m ngang ho&agrave;n thiện trở l&ecirc;n (bao gồm c&ocirc;ng, phụ kiện lắp đặt,&nbsp;</p>\r\n\r\n<h3>BẢO QUẢN V&Agrave; SỬ DỤNG</h3>\r\n', '', '', '01', '', '', '', '', '', '', '', '', '', '', '', '', 0, 'rem-vai-09', 'Rèm vải 09', 'Ngoài tác dụng điều chỉnh ánh sáng cho căn phòng, rèm cửa (màn cửa) còn giữ ấm cho căn phòng khi mùa đông đến, hạn chế cái nóng của mùa hè, bụi và tiếng ồn bên ngoài. ', 'Rèm vải'),
(59, 36, 'vn', 'Sản phẩm 10', '<p>Ngo&agrave;i t&aacute;c dụng điều chỉnh &aacute;nh s&aacute;ng cho căn ph&ograve;ng, r&egrave;m cửa (m&agrave;n cửa) c&ograve;n giữ ấm cho căn ph&ograve;ng khi m&ugrave;a đ&ocirc;ng đến, hạn chế c&aacute;i n&oacute;ng của m&ugrave;a h&egrave;, bụi v&agrave; tiếng ồn b&ecirc;n ngo&agrave;i.&nbsp;</p>\r\n', '', '', '<h3>M&Ocirc; TẢ SẢN PHẨM</h3>\r\n\r\n<p>Ngo&agrave;i t&aacute;c dụng điều chỉnh &aacute;nh s&aacute;ng cho căn ph&ograve;ng, r&egrave;m cửa (m&agrave;n cửa) c&ograve;n giữ ấm cho căn ph&ograve;ng khi m&ugrave;a đ&ocirc;ng đến, hạn chế c&aacute;i n&oacute;ng của m&ugrave;a h&egrave;, bụi v&agrave; tiếng ồn b&ecirc;n ngo&agrave;i. Kh&ocirc;ng chỉ c&oacute; thế, với kiểu d&aacute;ng v&agrave; m&agrave;u sắc th&iacute;ch hợp,&nbsp;r&egrave;m cửa&nbsp;c&ograve;n c&oacute; thể tạo khoảng kh&ocirc;ng ri&ecirc;ng tư hoặc th&ecirc;m ch&uacute;t vẻ đẹp sang trọng hay l&atilde;ng mạn cho căn ph&ograve;ng.<br />\r\n&nbsp;&nbsp;<br />\r\nChiếc r&egrave;m cửa kh&ocirc;ng chỉ đơn giản l&agrave; vật chắn s&aacute;ng hay tạo khoảng kh&ocirc;ng ri&ecirc;ng tư, n&oacute; c&ograve;n tạo cho mỗi căn ph&ograve;ng một ấn tượng v&agrave; cảm x&uacute;c kh&aacute;c nhau, t&ugrave;y theo c&aacute;ch chọn lựa của chủ nh&acirc;n.<br />\r\n&nbsp;&nbsp;<br />\r\nC&oacute; rất nhiều loại r&egrave;m kh&aacute;c nhau như r&egrave;m v&eacute;n,&nbsp;r&egrave;m roman&nbsp;(hay c&ograve;n gọi l&agrave; r&egrave;m xếp lớp), r&egrave;m cuốn, r&egrave;m l&aacute;,... Bạn cũng c&oacute; thể d&ugrave;ng r&egrave;m tr&uacute;c, r&egrave;m kim loại nhẹ, r&egrave;m bằng nhựa tổng hợp hay r&egrave;m giấy để trang tr&iacute; nh&agrave; cửa. Tuy nhi&ecirc;n, loại r&egrave;m phổ biến vẫn l&agrave; r&egrave;m vải v&igrave; t&iacute;nh năng dễ giặt tẩy, dễ lắp đặt, m&agrave;u v&agrave; kiểu phong ph&uacute;, hợp với nhiều phong c&aacute;ch nội thất.</p>\r\n\r\n<h3>CHẤT LIỆU</h3>\r\n\r\n<p>C&aacute;c loại vải may&nbsp;r&egrave;m cửa&nbsp;đang c&oacute; tr&ecirc;n thị trường rất đa dạng nhưng phần lớn l&agrave; cotton, polyester. Chất liệu thun, ren gần như kh&ocirc;ng c&ograve;n được ưa chuộng nữa v&igrave; dễ b&aacute;m bụi, mau bị sờn. &ETH;ược nhiều người chọn nhất vẫn l&agrave; c&aacute;c loại vải 65% cotton - 35% polyester hay loại 52% cotton - 48% polyester với nhiều nguồn gốc xuất xứ như Trung Quốc, H&agrave;n Quốc, Anh, Indonesia, Nga v&agrave; h&agrave;ng Việt Nam. Thị trường vải may r&egrave;m cửa kh&aacute; đa dạng với h&agrave;ng trăm mẫu hoa văn v&agrave; m&agrave;u sắc kh&aacute;c nhau. C&aacute;c loại r&egrave;m cửa bằng vải cotton, bố gấm, bố th&ocirc;, vải c&oacute; chất liệu chống thấm v&agrave; &iacute;t b&aacute;m bụi với c&aacute;c hoa văn đơn giản, c&aacute;c loại c&oacute; b&ocirc;ng ở ch&acirc;n may theo nếp gấp, li ống, li đứng đang được nhiều người ưa chuộng. C&aacute;c loại&nbsp;r&egrave;m&nbsp;cửa may theo kiểu b&egrave;o s&ograve; hay c&aacute;c kiểu rườm r&agrave; của một hai năm về trước đ&atilde; kh&ocirc;ng c&ograve;n được ưa chuộng. Xu hướng mới nhất năm nay l&agrave; dựa theo c&aacute;c mẫu đơn giản c&oacute; trong catologue nước ngo&agrave;i. Mẫu đang b&aacute;n chạy l&agrave; mẫu m&agrave;u kem với c&aacute;c hoa văn đơn giản. C&aacute;c loại hoa văn được xem l&agrave; mốt mới trong năm nay l&agrave; c&aacute;c h&igrave;nh lập thể, ca r&ocirc; v&agrave; c&aacute;c mẫu hoa nhỏ.</p>\r\n\r\n<h3>MẪU M&Atilde;, KIỂU D&Aacute;NG</h3>\r\n\r\n<p>Ch&uacute;ng t&ocirc;i rất đa dạng về kiểu d&aacute;ng, sản phẩm của&nbsp;r&egrave;m nghệ thuật d&ugrave; mang phong c&aacute;ch cổ điển, hiện đại hay được s&aacute;ng tạo&nbsp;ph&aacute; c&aacute;ch v&agrave; đầy ngẫu hứng vẫn lu&ocirc;n đem đến cho người sử dụng cảm gi&aacute;c th&iacute;ch th&uacute; v&agrave; h&agrave;i l&ograve;ng nhất. Ph&aacute;t huy s&aacute;ng tạo vượt mọi r&agrave;o cản r&egrave;m nghệ thuật l&agrave; đỉnh cao của những s&aacute;ng tạo kh&ocirc;ng giới hạn, ch&uacute;ng t&ocirc;i mong muốn mang đến những sản phẩm r&egrave;m cửa tốt nhất, rẻ nhất gi&uacute;p cho bữa cơm gia đ&igrave;nh th&ecirc;m đầm ấm, hạnh ph&uacute;c!</p>\r\n\r\n<p>&nbsp;</p>\r\n\r\n<p>&nbsp;</p>\r\n\r\n<p>Loại vải b&oacute;ng mượt, mềm mịn đem lại vẻ sang trọng như nhung, gấm, đũi, lụa, voan... thường một m&agrave;u hoặc mang hoa văn, hoạ tiết ch&igrave;m, trang nh&atilde;, hợp với ph&ograve;ng kh&aacute;ch. Những loại vải bề mặt th&ocirc; r&aacute;p cho cảm gi&aacute;c th&acirc;n mật, gần gũi thi&ecirc;n nhi&ecirc;n lại k&eacute;n phong c&aacute;ch b&agrave;i tr&iacute; như vải bạt, bố, th&ocirc;, thổ cẩm... chỉ n&ecirc;n sử dụng trong ph&ograve;ng b&agrave;y đồ đạc m&acirc;y, tre, gỗ mộc, thảm l&ocirc;ng th&uacute;. Vải b&ocirc;ng, lanh c&oacute; nhiều m&agrave;u hoa văn, hợp với nội thất b&igrave;nh thường, nhất l&agrave; ph&ograve;ng trẻ em, ph&ograve;ng ăn, ph&ograve;ng giải tr&iacute;...<br />\r\n<br />\r\nR&egrave;m (m&agrave;n) m&ugrave;a h&egrave; thường l&agrave; những loại&nbsp;r&egrave;m&nbsp;(m&agrave;n) c&oacute; chất liệu nhẹ nh&agrave;ng như: vải th&ocirc; mỏng, voan, lụa, lanh... c&ograve;n r&egrave;m m&ugrave;a đ&ocirc;ng lại cần tạo sự ấm &aacute;p, n&ecirc;n chất liệu chủ yếu l&agrave; nhung, gấm, th&ocirc; dầy v&agrave; thổ cẩm. Tuy nhi&ecirc;n l&agrave; m&ugrave;a đ&ocirc;ng hay m&ugrave;a h&egrave; việc lựa chọn chất liệu cũng phụ thuộc rất nhiều v&agrave;o mức độ chắn s&aacute;ng của &ocirc; cửa trong nh&agrave;.</p>\r\n\r\n<h3>GI&Aacute; TH&Agrave;NH</h3>\r\n\r\n<p>G&iacute;a:</p>\r\n\r\n<p>&nbsp;Khoảng 760.000đ/ 1m ngang ho&agrave;n thiện trở l&ecirc;n (bao gồm c&ocirc;ng, phụ kiện lắp đặt,&nbsp;</p>\r\n\r\n<h3>BẢO QUẢN V&Agrave; SỬ DỤNG</h3>\r\n', '', '', '01', '', '', '', '', '', '', '', '', '', '', '', '', 0, 'san-pham-10', 'Sản phẩm 10', 'Ngoài tác dụng điều chỉnh ánh sáng cho căn phòng, rèm cửa (màn cửa) còn giữ ấm cho căn phòng khi mùa đông đến, hạn chế cái nóng của mùa hè, bụi và tiếng ồn bên ngoài. ', 'Rèm vải'),
(60, 36, 'en', 'Rèm vải 10', '<p>Ngo&agrave;i t&aacute;c dụng điều chỉnh &aacute;nh s&aacute;ng cho căn ph&ograve;ng, r&egrave;m cửa (m&agrave;n cửa) c&ograve;n giữ ấm cho căn ph&ograve;ng khi m&ugrave;a đ&ocirc;ng đến, hạn chế c&aacute;i n&oacute;ng của m&ugrave;a h&egrave;, bụi v&agrave; tiếng ồn b&ecirc;n ngo&agrave;i.&nbsp;</p>\r\n', '', '', '<h3>M&Ocirc; TẢ SẢN PHẨM</h3>\r\n\r\n<p>Ngo&agrave;i t&aacute;c dụng điều chỉnh &aacute;nh s&aacute;ng cho căn ph&ograve;ng, r&egrave;m cửa (m&agrave;n cửa) c&ograve;n giữ ấm cho căn ph&ograve;ng khi m&ugrave;a đ&ocirc;ng đến, hạn chế c&aacute;i n&oacute;ng của m&ugrave;a h&egrave;, bụi v&agrave; tiếng ồn b&ecirc;n ngo&agrave;i. Kh&ocirc;ng chỉ c&oacute; thế, với kiểu d&aacute;ng v&agrave; m&agrave;u sắc th&iacute;ch hợp,&nbsp;r&egrave;m cửa&nbsp;c&ograve;n c&oacute; thể tạo khoảng kh&ocirc;ng ri&ecirc;ng tư hoặc th&ecirc;m ch&uacute;t vẻ đẹp sang trọng hay l&atilde;ng mạn cho căn ph&ograve;ng.<br />\r\n&nbsp;&nbsp;<br />\r\nChiếc r&egrave;m cửa kh&ocirc;ng chỉ đơn giản l&agrave; vật chắn s&aacute;ng hay tạo khoảng kh&ocirc;ng ri&ecirc;ng tư, n&oacute; c&ograve;n tạo cho mỗi căn ph&ograve;ng một ấn tượng v&agrave; cảm x&uacute;c kh&aacute;c nhau, t&ugrave;y theo c&aacute;ch chọn lựa của chủ nh&acirc;n.<br />\r\n&nbsp;&nbsp;<br />\r\nC&oacute; rất nhiều loại r&egrave;m kh&aacute;c nhau như r&egrave;m v&eacute;n,&nbsp;r&egrave;m roman&nbsp;(hay c&ograve;n gọi l&agrave; r&egrave;m xếp lớp), r&egrave;m cuốn, r&egrave;m l&aacute;,... Bạn cũng c&oacute; thể d&ugrave;ng r&egrave;m tr&uacute;c, r&egrave;m kim loại nhẹ, r&egrave;m bằng nhựa tổng hợp hay r&egrave;m giấy để trang tr&iacute; nh&agrave; cửa. Tuy nhi&ecirc;n, loại r&egrave;m phổ biến vẫn l&agrave; r&egrave;m vải v&igrave; t&iacute;nh năng dễ giặt tẩy, dễ lắp đặt, m&agrave;u v&agrave; kiểu phong ph&uacute;, hợp với nhiều phong c&aacute;ch nội thất.</p>\r\n\r\n<h3>CHẤT LIỆU</h3>\r\n\r\n<p>C&aacute;c loại vải may&nbsp;r&egrave;m cửa&nbsp;đang c&oacute; tr&ecirc;n thị trường rất đa dạng nhưng phần lớn l&agrave; cotton, polyester. Chất liệu thun, ren gần như kh&ocirc;ng c&ograve;n được ưa chuộng nữa v&igrave; dễ b&aacute;m bụi, mau bị sờn. &ETH;ược nhiều người chọn nhất vẫn l&agrave; c&aacute;c loại vải 65% cotton - 35% polyester hay loại 52% cotton - 48% polyester với nhiều nguồn gốc xuất xứ như Trung Quốc, H&agrave;n Quốc, Anh, Indonesia, Nga v&agrave; h&agrave;ng Việt Nam. Thị trường vải may r&egrave;m cửa kh&aacute; đa dạng với h&agrave;ng trăm mẫu hoa văn v&agrave; m&agrave;u sắc kh&aacute;c nhau. C&aacute;c loại r&egrave;m cửa bằng vải cotton, bố gấm, bố th&ocirc;, vải c&oacute; chất liệu chống thấm v&agrave; &iacute;t b&aacute;m bụi với c&aacute;c hoa văn đơn giản, c&aacute;c loại c&oacute; b&ocirc;ng ở ch&acirc;n may theo nếp gấp, li ống, li đứng đang được nhiều người ưa chuộng. C&aacute;c loại&nbsp;r&egrave;m&nbsp;cửa may theo kiểu b&egrave;o s&ograve; hay c&aacute;c kiểu rườm r&agrave; của một hai năm về trước đ&atilde; kh&ocirc;ng c&ograve;n được ưa chuộng. Xu hướng mới nhất năm nay l&agrave; dựa theo c&aacute;c mẫu đơn giản c&oacute; trong catologue nước ngo&agrave;i. Mẫu đang b&aacute;n chạy l&agrave; mẫu m&agrave;u kem với c&aacute;c hoa văn đơn giản. C&aacute;c loại hoa văn được xem l&agrave; mốt mới trong năm nay l&agrave; c&aacute;c h&igrave;nh lập thể, ca r&ocirc; v&agrave; c&aacute;c mẫu hoa nhỏ.</p>\r\n\r\n<h3>MẪU M&Atilde;, KIỂU D&Aacute;NG</h3>\r\n\r\n<p>Ch&uacute;ng t&ocirc;i rất đa dạng về kiểu d&aacute;ng, sản phẩm của&nbsp;r&egrave;m nghệ thuật d&ugrave; mang phong c&aacute;ch cổ điển, hiện đại hay được s&aacute;ng tạo&nbsp;ph&aacute; c&aacute;ch v&agrave; đầy ngẫu hứng vẫn lu&ocirc;n đem đến cho người sử dụng cảm gi&aacute;c th&iacute;ch th&uacute; v&agrave; h&agrave;i l&ograve;ng nhất. Ph&aacute;t huy s&aacute;ng tạo vượt mọi r&agrave;o cản r&egrave;m nghệ thuật l&agrave; đỉnh cao của những s&aacute;ng tạo kh&ocirc;ng giới hạn, ch&uacute;ng t&ocirc;i mong muốn mang đến những sản phẩm r&egrave;m cửa tốt nhất, rẻ nhất gi&uacute;p cho bữa cơm gia đ&igrave;nh th&ecirc;m đầm ấm, hạnh ph&uacute;c!</p>\r\n\r\n<p>&nbsp;</p>\r\n\r\n<p>&nbsp;</p>\r\n\r\n<p>Loại vải b&oacute;ng mượt, mềm mịn đem lại vẻ sang trọng như nhung, gấm, đũi, lụa, voan... thường một m&agrave;u hoặc mang hoa văn, hoạ tiết ch&igrave;m, trang nh&atilde;, hợp với ph&ograve;ng kh&aacute;ch. Những loại vải bề mặt th&ocirc; r&aacute;p cho cảm gi&aacute;c th&acirc;n mật, gần gũi thi&ecirc;n nhi&ecirc;n lại k&eacute;n phong c&aacute;ch b&agrave;i tr&iacute; như vải bạt, bố, th&ocirc;, thổ cẩm... chỉ n&ecirc;n sử dụng trong ph&ograve;ng b&agrave;y đồ đạc m&acirc;y, tre, gỗ mộc, thảm l&ocirc;ng th&uacute;. Vải b&ocirc;ng, lanh c&oacute; nhiều m&agrave;u hoa văn, hợp với nội thất b&igrave;nh thường, nhất l&agrave; ph&ograve;ng trẻ em, ph&ograve;ng ăn, ph&ograve;ng giải tr&iacute;...<br />\r\n<br />\r\nR&egrave;m (m&agrave;n) m&ugrave;a h&egrave; thường l&agrave; những loại&nbsp;r&egrave;m&nbsp;(m&agrave;n) c&oacute; chất liệu nhẹ nh&agrave;ng như: vải th&ocirc; mỏng, voan, lụa, lanh... c&ograve;n r&egrave;m m&ugrave;a đ&ocirc;ng lại cần tạo sự ấm &aacute;p, n&ecirc;n chất liệu chủ yếu l&agrave; nhung, gấm, th&ocirc; dầy v&agrave; thổ cẩm. Tuy nhi&ecirc;n l&agrave; m&ugrave;a đ&ocirc;ng hay m&ugrave;a h&egrave; việc lựa chọn chất liệu cũng phụ thuộc rất nhiều v&agrave;o mức độ chắn s&aacute;ng của &ocirc; cửa trong nh&agrave;.</p>\r\n\r\n<h3>GI&Aacute; TH&Agrave;NH</h3>\r\n\r\n<p>G&iacute;a:</p>\r\n\r\n<p>&nbsp;Khoảng 760.000đ/ 1m ngang ho&agrave;n thiện trở l&ecirc;n (bao gồm c&ocirc;ng, phụ kiện lắp đặt,&nbsp;</p>\r\n\r\n<h3>BẢO QUẢN V&Agrave; SỬ DỤNG</h3>\r\n', '', '', '01', '', '', '', '', '', '', '', '', '', '', '', '', 0, 'rem-vai-10', 'Rèm vải 10', 'Ngoài tác dụng điều chỉnh ánh sáng cho căn phòng, rèm cửa (màn cửa) còn giữ ấm cho căn phòng khi mùa đông đến, hạn chế cái nóng của mùa hè, bụi và tiếng ồn bên ngoài. ', 'Rèm vải'),
(61, 37, 'vn', 'Sản phẩm 15', '<p>Giấy d&aacute;n tường&nbsp;&nbsp;là m&ocirc;̣t loại v&acirc;̣t li&ecirc;̣u trang trí đang r&acirc;́t được ưa chu&ocirc;̣ng trong mọi loại hình ki&ecirc;́n trúc tr&ecirc;n khắp th&ecirc;́ giới. Ở Vi&ecirc;̣t Nam thì các loại gi&acirc;́y dán tường cao c&acirc;́p chủ y&ecirc;́u được nh&acirc;̣p từ nước ngoài trong đó có loại gi&acirc;́y dán tường Hàn Qu&ocirc;́c đang được ưa chu&ocirc;̣ng nh&acirc;́t.</p>\r\n', '', '', '<div>\r\n<h3>M&Ocirc; TẢ SẢN PHẨM</h3>\r\n\r\n<div>\r\n<div>\r\n<div>\r\n<p>Giấy d&aacute;n tường&nbsp;&nbsp;là m&ocirc;̣t loại v&acirc;̣t li&ecirc;̣u trang trí đang r&acirc;́t được ưa chu&ocirc;̣ng trong mọi loại hình ki&ecirc;́n trúc tr&ecirc;n khắp th&ecirc;́ giới. Ở Vi&ecirc;̣t Nam thì các loại gi&acirc;́y dán tường cao c&acirc;́p chủ y&ecirc;́u được nh&acirc;̣p từ nước ngoài trong đó có loại gi&acirc;́y dán tường Hàn Qu&ocirc;́c đang được ưa chu&ocirc;̣ng nh&acirc;́t. Có lẽ sự ảnh hưởng của văn hóa Hàn là m&ocirc;̣t trong những lý do làm người Vi&ecirc;̣t ngày càng chu&ocirc;̣ng các sản ph&acirc;̉m từ của Hàn. Tuy nhi&ecirc;n kh&ocirc;ng th&ecirc;̉ phủ nh&acirc;̣n được ch&acirc;́t lượng của các sản ph&acirc;̉m Hàn Qu&ocirc;́c chính hãng có mặt tr&ecirc;n thị trường Vi&ecirc;̣t Nam.B&ecirc;̀ mặt gi&acirc;́y được phủ m&ocirc;̣t lớp vinyl giúp gi&acirc;́y ch&ocirc;́ng xước, ch&ocirc;́ng th&acirc;́m. Bạn có th&ecirc;̉ d&ecirc;̃ dàng sử dụng khăn &acirc;̉m đ&ecirc;̉ làm sạch b&ecirc;̀ mặt gi&acirc;́y hàng ngày mà kh&ocirc;ng lo gi&acirc;́y bị th&acirc;́m ướt, &acirc;̉m m&ocirc;́c</p>\r\n\r\n<p>B&ecirc;̀n màu, có khả năng chịu được các ch&acirc;́t ki&ecirc;̀m và axit.</p>\r\n\r\n<p>Màu sắc đa dạng phù hợp với mọi kh&ocirc;ng gian ki&ecirc;́n trúc. Với gi&acirc;́y dán tường Hàn Qu&ocirc;́c bạn có th&ecirc;̉ thoải mái sáng tạo n&ecirc;n những kh&ocirc;ng gian mà bạn thích có th&ecirc;̉ là m&ocirc;̣t kh&ocirc;ng gian c&acirc;̀n sự sang trọng tinh t&ecirc;́, m&ocirc;̣t kh&ocirc;ng gian lãng mạn, cá tính hay đơn giảnlà m&ocirc;̣t kh&ocirc;ng gian có chút tinh nghịch trẻ thơ.</p>\r\n\r\n<p>Giấy d&aacute;n tường H&agrave;n Quốc&nbsp;có th&ecirc;̉ giúp bạn tạo n&ecirc;n m&ocirc;̣t kh&ocirc;ng gian hoàn toàn mới mẻ cho ng&ocirc;i nhà của bạn. Đ&ocirc;i khi thay đ&ocirc;̉i m&ocirc;̣t chút kh&ocirc;ng gian s&ocirc;́ng từ chính những bức tường cuả ng&ocirc;i nhà có th&ecirc;̉ giúp những thành vi&ecirc;n trong gia đình của bạn xích lại g&acirc;̀n nhau hơn.</p>\r\n</div>\r\n</div>\r\n</div>\r\n</div>\r\n\r\n<div>\r\n<h3>CHẤT LIỆU</h3>\r\n</div>\r\n\r\n<div>\r\n<h3>MẪU M&Atilde;, KIỂU D&Aacute;NG</h3>\r\n\r\n<div>\r\n<div>\r\n<div>\r\n<p>Khổ giấy 1,06 m X 15,6 m=16,5m2</p>\r\n</div>\r\n</div>\r\n</div>\r\n</div>\r\n\r\n<div>\r\n<h3>GI&Aacute; TH&Agrave;NH</h3>\r\n\r\n<div>\r\n<div>\r\n<div>\r\n<p>Giao động từ 1,150,000-1,450,000/cuộn</p>\r\n\r\n<p>hoặc 110,000-135,000/m2</p>\r\n</div>\r\n</div>\r\n</div>\r\n</div>\r\n\r\n<div>\r\n<h3>BẢO QUẢN V&Agrave; SỬ DỤNG</h3>\r\n</div>\r\n', '', '', '01', '', '', '', '', '', '', '', '', '', '', '', '', 0, 'san-pham-15', 'Sản phẩm 15', 'Giấy dán tường  là một loại vật liệu trang trí đang rất được ưa chuộng trong mọi loại hình kiến trúc trên khắp thế giới. Ở Việt Nam thì các loại giấy dán tường cao cấp chủ yếu được nhập từ nước ngoài trong đó có loại giấy dán tường Hàn Quốc đang được ưa chuộng nhất.', '4u-1'),
(62, 37, 'en', '4u-1', '<p>Giấy d&aacute;n tường&nbsp;&nbsp;là m&ocirc;̣t loại v&acirc;̣t li&ecirc;̣u trang trí đang r&acirc;́t được ưa chu&ocirc;̣ng trong mọi loại hình ki&ecirc;́n trúc tr&ecirc;n khắp th&ecirc;́ giới. Ở Vi&ecirc;̣t Nam thì các loại gi&acirc;́y dán tường cao c&acirc;́p chủ y&ecirc;́u được nh&acirc;̣p từ nước ngoài trong đó có loại gi&acirc;́y dán tường Hàn Qu&ocirc;́c đang được ưa chu&ocirc;̣ng nh&acirc;́t.</p>\r\n', '', '', '<div>\r\n<h3>M&Ocirc; TẢ SẢN PHẨM</h3>\r\n\r\n<div>\r\n<div>\r\n<div>\r\n<p>Giấy d&aacute;n tường&nbsp;&nbsp;là m&ocirc;̣t loại v&acirc;̣t li&ecirc;̣u trang trí đang r&acirc;́t được ưa chu&ocirc;̣ng trong mọi loại hình ki&ecirc;́n trúc tr&ecirc;n khắp th&ecirc;́ giới. Ở Vi&ecirc;̣t Nam thì các loại gi&acirc;́y dán tường cao c&acirc;́p chủ y&ecirc;́u được nh&acirc;̣p từ nước ngoài trong đó có loại gi&acirc;́y dán tường Hàn Qu&ocirc;́c đang được ưa chu&ocirc;̣ng nh&acirc;́t. Có lẽ sự ảnh hưởng của văn hóa Hàn là m&ocirc;̣t trong những lý do làm người Vi&ecirc;̣t ngày càng chu&ocirc;̣ng các sản ph&acirc;̉m từ của Hàn. Tuy nhi&ecirc;n kh&ocirc;ng th&ecirc;̉ phủ nh&acirc;̣n được ch&acirc;́t lượng của các sản ph&acirc;̉m Hàn Qu&ocirc;́c chính hãng có mặt tr&ecirc;n thị trường Vi&ecirc;̣t Nam.B&ecirc;̀ mặt gi&acirc;́y được phủ m&ocirc;̣t lớp vinyl giúp gi&acirc;́y ch&ocirc;́ng xước, ch&ocirc;́ng th&acirc;́m. Bạn có th&ecirc;̉ d&ecirc;̃ dàng sử dụng khăn &acirc;̉m đ&ecirc;̉ làm sạch b&ecirc;̀ mặt gi&acirc;́y hàng ngày mà kh&ocirc;ng lo gi&acirc;́y bị th&acirc;́m ướt, &acirc;̉m m&ocirc;́c</p>\r\n\r\n<p>B&ecirc;̀n màu, có khả năng chịu được các ch&acirc;́t ki&ecirc;̀m và axit.</p>\r\n\r\n<p>Màu sắc đa dạng phù hợp với mọi kh&ocirc;ng gian ki&ecirc;́n trúc. Với gi&acirc;́y dán tường Hàn Qu&ocirc;́c bạn có th&ecirc;̉ thoải mái sáng tạo n&ecirc;n những kh&ocirc;ng gian mà bạn thích có th&ecirc;̉ là m&ocirc;̣t kh&ocirc;ng gian c&acirc;̀n sự sang trọng tinh t&ecirc;́, m&ocirc;̣t kh&ocirc;ng gian lãng mạn, cá tính hay đơn giảnlà m&ocirc;̣t kh&ocirc;ng gian có chút tinh nghịch trẻ thơ.</p>\r\n\r\n<p>Giấy d&aacute;n tường H&agrave;n Quốc&nbsp;có th&ecirc;̉ giúp bạn tạo n&ecirc;n m&ocirc;̣t kh&ocirc;ng gian hoàn toàn mới mẻ cho ng&ocirc;i nhà của bạn. Đ&ocirc;i khi thay đ&ocirc;̉i m&ocirc;̣t chút kh&ocirc;ng gian s&ocirc;́ng từ chính những bức tường cuả ng&ocirc;i nhà có th&ecirc;̉ giúp những thành vi&ecirc;n trong gia đình của bạn xích lại g&acirc;̀n nhau hơn.</p>\r\n</div>\r\n</div>\r\n</div>\r\n</div>\r\n\r\n<div>\r\n<h3>CHẤT LIỆU</h3>\r\n</div>\r\n\r\n<div>\r\n<h3>MẪU M&Atilde;, KIỂU D&Aacute;NG</h3>\r\n\r\n<div>\r\n<div>\r\n<div>\r\n<p>Khổ giấy 1,06 m X 15,6 m=16,5m2</p>\r\n</div>\r\n</div>\r\n</div>\r\n</div>\r\n\r\n<div>\r\n<h3>GI&Aacute; TH&Agrave;NH</h3>\r\n\r\n<div>\r\n<div>\r\n<div>\r\n<p>Giao động từ 1,150,000-1,450,000/cuộn</p>\r\n\r\n<p>hoặc 110,000-135,000/m2</p>\r\n</div>\r\n</div>\r\n</div>\r\n</div>\r\n\r\n<div>\r\n<h3>BẢO QUẢN V&Agrave; SỬ DỤNG</h3>\r\n</div>\r\n', '', '', '01', '', '', '', '', '', '', '', '', '', '', '', '', 0, '4u-1', '4u-1', 'Giấy dán tường  là một loại vật liệu trang trí đang rất được ưa chuộng trong mọi loại hình kiến trúc trên khắp thế giới. Ở Việt Nam thì các loại giấy dán tường cao cấp chủ yếu được nhập từ nước ngoài trong đó có loại giấy dán tường Hàn Quốc đang được ưa chuộng nhất.', '4u-1'),
(63, 38, 'vn', 'Sản phẩm 14', '<p>Giấy d&aacute;n tường&nbsp;&nbsp;là m&ocirc;̣t loại v&acirc;̣t li&ecirc;̣u trang trí đang r&acirc;́t được ưa chu&ocirc;̣ng trong mọi loại hình ki&ecirc;́n trúc tr&ecirc;n khắp th&ecirc;́ giới. Ở Vi&ecirc;̣t Nam thì các loại gi&acirc;́y dán tường cao c&acirc;́p chủ y&ecirc;́u được nh&acirc;̣p từ nước ngoài trong đó có loại gi&acirc;́y dán tường Hàn Qu&ocirc;́c đang được ưa chu&ocirc;̣ng nh&acirc;́t.</p>\r\n', '', '', '<h3>M&Ocirc; TẢ SẢN PHẨM</h3>\r\n\r\n<p>Giấy d&aacute;n tường&nbsp;&nbsp;là m&ocirc;̣t loại v&acirc;̣t li&ecirc;̣u trang trí đang r&acirc;́t được ưa chu&ocirc;̣ng trong mọi loại hình ki&ecirc;́n trúc tr&ecirc;n khắp th&ecirc;́ giới. Ở Vi&ecirc;̣t Nam thì các loại gi&acirc;́y dán tường cao c&acirc;́p chủ y&ecirc;́u được nh&acirc;̣p từ nước ngoài trong đó có loại gi&acirc;́y dán tường Hàn Qu&ocirc;́c đang được ưa chu&ocirc;̣ng nh&acirc;́t. Có lẽ sự ảnh hưởng của văn hóa Hàn là m&ocirc;̣t trong những lý do làm người Vi&ecirc;̣t ngày càng chu&ocirc;̣ng các sản ph&acirc;̉m từ của Hàn. Tuy nhi&ecirc;n kh&ocirc;ng th&ecirc;̉ phủ nh&acirc;̣n được ch&acirc;́t lượng của các sản ph&acirc;̉m Hàn Qu&ocirc;́c chính hãng có mặt tr&ecirc;n thị trường Vi&ecirc;̣t Nam.B&ecirc;̀ mặt gi&acirc;́y được phủ m&ocirc;̣t lớp vinyl giúp gi&acirc;́y ch&ocirc;́ng xước, ch&ocirc;́ng th&acirc;́m. Bạn có th&ecirc;̉ d&ecirc;̃ dàng sử dụng khăn &acirc;̉m đ&ecirc;̉ làm sạch b&ecirc;̀ mặt gi&acirc;́y hàng ngày mà kh&ocirc;ng lo gi&acirc;́y bị th&acirc;́m ướt, &acirc;̉m m&ocirc;́c</p>\r\n\r\n<p>B&ecirc;̀n màu, có khả năng chịu được các ch&acirc;́t ki&ecirc;̀m và axit.</p>\r\n\r\n<p>Màu sắc đa dạng phù hợp với mọi kh&ocirc;ng gian ki&ecirc;́n trúc. Với gi&acirc;́y dán tường Hàn Qu&ocirc;́c bạn có th&ecirc;̉ thoải mái sáng tạo n&ecirc;n những kh&ocirc;ng gian mà bạn thích có th&ecirc;̉ là m&ocirc;̣t kh&ocirc;ng gian c&acirc;̀n sự sang trọng tinh t&ecirc;́, m&ocirc;̣t kh&ocirc;ng gian lãng mạn, cá tính hay đơn giảnlà m&ocirc;̣t kh&ocirc;ng gian có chút tinh nghịch trẻ thơ.</p>\r\n\r\n<p>Giấy d&aacute;n tường H&agrave;n Quốc&nbsp;có th&ecirc;̉ giúp bạn tạo n&ecirc;n m&ocirc;̣t kh&ocirc;ng gian hoàn toàn mới mẻ cho ng&ocirc;i nhà của bạn. Đ&ocirc;i khi thay đ&ocirc;̉i m&ocirc;̣t chút kh&ocirc;ng gian s&ocirc;́ng từ chính những bức tường cuả ng&ocirc;i nhà có th&ecirc;̉ giúp những thành vi&ecirc;n trong gia đình của bạn xích lại g&acirc;̀n nhau hơn.</p>\r\n\r\n<h3>CHẤT LIỆU</h3>\r\n\r\n<h3>MẪU M&Atilde;, KIỂU D&Aacute;NG</h3>\r\n\r\n<p>Khổ giấy 1,06 m X 15,6 m=16,5m2</p>\r\n\r\n<h3>GI&Aacute; TH&Agrave;NH</h3>\r\n\r\n<p>Giao động từ 1,150,000-1,450,000/cuộn</p>\r\n\r\n<p>hoặc 110,000-135,000/m2</p>\r\n\r\n<h3>BẢO QUẢN V&Agrave; SỬ DỤNG</h3>\r\n', '', '', '01', '', '', '', '', '', '', '', '', '', '', '', '', 0, 'san-pham-14', 'Sản phẩm 14', 'Giấy dán tường  là một loại vật liệu trang trí đang rất được ưa chuộng trong mọi loại hình kiến trúc trên khắp thế giới. Ở Việt Nam thì các loại giấy dán tường cao cấp chủ yếu được nhập từ nước ngoài trong đó có loại giấy dán tường Hàn Quốc đang được ưa chuộng nhất.', '4u-2'),
(64, 38, 'en', '4u-2', '<p>Giấy d&aacute;n tường&nbsp;&nbsp;là m&ocirc;̣t loại v&acirc;̣t li&ecirc;̣u trang trí đang r&acirc;́t được ưa chu&ocirc;̣ng trong mọi loại hình ki&ecirc;́n trúc tr&ecirc;n khắp th&ecirc;́ giới. Ở Vi&ecirc;̣t Nam thì các loại gi&acirc;́y dán tường cao c&acirc;́p chủ y&ecirc;́u được nh&acirc;̣p từ nước ngoài trong đó có loại gi&acirc;́y dán tường Hàn Qu&ocirc;́c đang được ưa chu&ocirc;̣ng nh&acirc;́t.</p>\r\n', '', '', '<h3>M&Ocirc; TẢ SẢN PHẨM</h3>\r\n\r\n<p>Giấy d&aacute;n tường&nbsp;&nbsp;là m&ocirc;̣t loại v&acirc;̣t li&ecirc;̣u trang trí đang r&acirc;́t được ưa chu&ocirc;̣ng trong mọi loại hình ki&ecirc;́n trúc tr&ecirc;n khắp th&ecirc;́ giới. Ở Vi&ecirc;̣t Nam thì các loại gi&acirc;́y dán tường cao c&acirc;́p chủ y&ecirc;́u được nh&acirc;̣p từ nước ngoài trong đó có loại gi&acirc;́y dán tường Hàn Qu&ocirc;́c đang được ưa chu&ocirc;̣ng nh&acirc;́t. Có lẽ sự ảnh hưởng của văn hóa Hàn là m&ocirc;̣t trong những lý do làm người Vi&ecirc;̣t ngày càng chu&ocirc;̣ng các sản ph&acirc;̉m từ của Hàn. Tuy nhi&ecirc;n kh&ocirc;ng th&ecirc;̉ phủ nh&acirc;̣n được ch&acirc;́t lượng của các sản ph&acirc;̉m Hàn Qu&ocirc;́c chính hãng có mặt tr&ecirc;n thị trường Vi&ecirc;̣t Nam.B&ecirc;̀ mặt gi&acirc;́y được phủ m&ocirc;̣t lớp vinyl giúp gi&acirc;́y ch&ocirc;́ng xước, ch&ocirc;́ng th&acirc;́m. Bạn có th&ecirc;̉ d&ecirc;̃ dàng sử dụng khăn &acirc;̉m đ&ecirc;̉ làm sạch b&ecirc;̀ mặt gi&acirc;́y hàng ngày mà kh&ocirc;ng lo gi&acirc;́y bị th&acirc;́m ướt, &acirc;̉m m&ocirc;́c</p>\r\n\r\n<p>B&ecirc;̀n màu, có khả năng chịu được các ch&acirc;́t ki&ecirc;̀m và axit.</p>\r\n\r\n<p>Màu sắc đa dạng phù hợp với mọi kh&ocirc;ng gian ki&ecirc;́n trúc. Với gi&acirc;́y dán tường Hàn Qu&ocirc;́c bạn có th&ecirc;̉ thoải mái sáng tạo n&ecirc;n những kh&ocirc;ng gian mà bạn thích có th&ecirc;̉ là m&ocirc;̣t kh&ocirc;ng gian c&acirc;̀n sự sang trọng tinh t&ecirc;́, m&ocirc;̣t kh&ocirc;ng gian lãng mạn, cá tính hay đơn giảnlà m&ocirc;̣t kh&ocirc;ng gian có chút tinh nghịch trẻ thơ.</p>\r\n\r\n<p>Giấy d&aacute;n tường H&agrave;n Quốc&nbsp;có th&ecirc;̉ giúp bạn tạo n&ecirc;n m&ocirc;̣t kh&ocirc;ng gian hoàn toàn mới mẻ cho ng&ocirc;i nhà của bạn. Đ&ocirc;i khi thay đ&ocirc;̉i m&ocirc;̣t chút kh&ocirc;ng gian s&ocirc;́ng từ chính những bức tường cuả ng&ocirc;i nhà có th&ecirc;̉ giúp những thành vi&ecirc;n trong gia đình của bạn xích lại g&acirc;̀n nhau hơn.</p>\r\n\r\n<h3>CHẤT LIỆU</h3>\r\n\r\n<h3>MẪU M&Atilde;, KIỂU D&Aacute;NG</h3>\r\n\r\n<p>Khổ giấy 1,06 m X 15,6 m=16,5m2</p>\r\n\r\n<h3>GI&Aacute; TH&Agrave;NH</h3>\r\n\r\n<p>Giao động từ 1,150,000-1,450,000/cuộn</p>\r\n\r\n<p>hoặc 110,000-135,000/m2</p>\r\n\r\n<h3>BẢO QUẢN V&Agrave; SỬ DỤNG</h3>\r\n', '', '', '01', '', '', '', '', '', '', '', '', '', '', '', '', 0, '4u-2', '4u-2', 'Giấy dán tường  là một loại vật liệu trang trí đang rất được ưa chuộng trong mọi loại hình kiến trúc trên khắp thế giới. Ở Việt Nam thì các loại giấy dán tường cao cấp chủ yếu được nhập từ nước ngoài trong đó có loại giấy dán tường Hàn Quốc đang được ưa chuộng nhất.', '4u-2'),
(117, 65, 'vn', 'Sản phẩm 11', '<p>L&uacute;c 11 giờ 45 ph&uacute;t ng&agrave;y, h&agrave;ng loạt t&agrave;i xế c&ugrave;ng mang tiền mệnh gi&aacute; thấp v&agrave; mệnh gi&aacute; cao để qua trạm BOT Cai Lậy. Ban đầu, một t&agrave;i xế đi xe c&oacute; BKS tỉnh Cần Thơ đ&atilde; đưa nhiều tờ tiền mệnh gi&aacute; thấp, tổng số tiền l&agrave; 25.100 đồng.</p>\r\n\r\n<p>Sau đ&oacute;, nh&acirc;n vi&ecirc;n thối lại 200 đồng. T&agrave;i xế n&agrave;y kh&ocirc;ng đồng &yacute; nhận tiền dư, y&ecirc;u cầu nh&acirc;n vi&ecirc;n phải đưa đ&uacute;ng 100 đồng. Ngo&agrave;i ra, c&oacute; một số t&agrave;i xế đưa tiền mệnh gi&aacute; 500.000 đồng.</p>\r\n\r\n<p>Thấy &ugrave;n tắc, CSGT đ&atilde; y&ecirc;u cầu t&agrave;i xế ra khu vực đưa tiền lẻ. Tuy nhi&ecirc;n, t&agrave;i xế kh&ocirc;ng chịu n&ecirc;n xe cẩu đ&atilde; được huy động đưa xe đi. Sau đ&oacute;, đơn vị quản l&yacute; đ&atilde; phải xả trạm.</p>\r\n\r\n<p>Đại t&aacute; Trương Văn S&aacute;ng, Trưởng C&ocirc;ng an huyện Cai Lậy, cho biết việc tăng cường lực lượng chức năng để tr&aacute;nh t&igrave;nh trạng g&acirc;y rối hoặc &ugrave;n tắc giao th&ocirc;ng. Về việc t&agrave;i xế đưa tiền mệnh gi&aacute; cao hoặc mệnh gi&aacute; thấp th&igrave; c&ocirc;ng an kh&ocirc;ng xử l&yacute;.</p>\r\n\r\n<p><strong>C&ocirc;ng an l&agrave;m việc hai với bảo mẫu bạo h&agrave;nh trẻ</strong></p>\r\n\r\n<p>Ng&agrave;y 29/11, Đại t&aacute; Đo&agrave;n Văn Ph&uacute;c, Trưởng C&ocirc;ng an quận 12 (TP.Hồ Ch&iacute; Minh) cho biết, li&ecirc;n quan đến vụ việc những bảo mẫu ở cơ sở mầm non Mầm Xanh h&agrave;nh hạ trẻ em, bảo mẫu Nguyễn Thị Đ&agrave;o (23 tuổi) đ&atilde; đến c&ocirc;ng an quận 12 tr&igrave;nh diện.</p>\r\n', '', '', '<p>L&uacute;c 11 giờ 45 ph&uacute;t ng&agrave;y, h&agrave;ng loạt t&agrave;i xế c&ugrave;ng mang tiền mệnh gi&aacute; thấp v&agrave; mệnh gi&aacute; cao để qua trạm BOT Cai Lậy. Ban đầu, một t&agrave;i xế đi xe c&oacute; BKS tỉnh Cần Thơ đ&atilde; đưa nhiều tờ tiền mệnh gi&aacute; thấp, tổng số tiền l&agrave; 25.100 đồng.</p>\r\n\r\n<p>Sau đ&oacute;, nh&acirc;n vi&ecirc;n thối lại 200 đồng. T&agrave;i xế n&agrave;y kh&ocirc;ng đồng &yacute; nhận tiền dư, y&ecirc;u cầu nh&acirc;n vi&ecirc;n phải đưa đ&uacute;ng 100 đồng. Ngo&agrave;i ra, c&oacute; một số t&agrave;i xế đưa tiền mệnh gi&aacute; 500.000 đồng.</p>\r\n\r\n<p>Thấy &ugrave;n tắc, CSGT đ&atilde; y&ecirc;u cầu t&agrave;i xế ra khu vực đưa tiền lẻ. Tuy nhi&ecirc;n, t&agrave;i xế kh&ocirc;ng chịu n&ecirc;n xe cẩu đ&atilde; được huy động đưa xe đi. Sau đ&oacute;, đơn vị quản l&yacute; đ&atilde; phải xả trạm.</p>\r\n\r\n<p>Đại t&aacute; Trương Văn S&aacute;ng, Trưởng C&ocirc;ng an huyện Cai Lậy, cho biết việc tăng cường lực lượng chức năng để tr&aacute;nh t&igrave;nh trạng g&acirc;y rối hoặc &ugrave;n tắc giao th&ocirc;ng. Về việc t&agrave;i xế đưa tiền mệnh gi&aacute; cao hoặc mệnh gi&aacute; thấp th&igrave; c&ocirc;ng an kh&ocirc;ng xử l&yacute;.</p>\r\n\r\n<p><strong>C&ocirc;ng an l&agrave;m việc hai với bảo mẫu bạo h&agrave;nh trẻ</strong></p>\r\n\r\n<p>Ng&agrave;y 29/11, Đại t&aacute; Đo&agrave;n Văn Ph&uacute;c, Trưởng C&ocirc;ng an quận 12 (TP.Hồ Ch&iacute; Minh) cho biết, li&ecirc;n quan đến vụ việc những bảo mẫu ở cơ sở mầm non Mầm Xanh h&agrave;nh hạ trẻ em, bảo mẫu Nguyễn Thị Đ&agrave;o (23 tuổi) đ&atilde; đến c&ocirc;ng an quận 12 tr&igrave;nh diện.</p>\r\n', '', '', '', '', '', '', '', '', '', '', '', '', '', '', '', 0, 'san-pham-11', 'Sản phẩm 11', '', ''),
(118, 65, 'en', 'Sản phẩm 11', '<p>L&uacute;c 11 giờ 45 ph&uacute;t ng&agrave;y, h&agrave;ng loạt t&agrave;i xế c&ugrave;ng mang tiền mệnh gi&aacute; thấp v&agrave; mệnh gi&aacute; cao để qua trạm BOT Cai Lậy. Ban đầu, một t&agrave;i xế đi xe c&oacute; BKS tỉnh Cần Thơ đ&atilde; đưa nhiều tờ tiền mệnh gi&aacute; thấp, tổng số tiền l&agrave; 25.100 đồng.</p>\r\n\r\n<p>Sau đ&oacute;, nh&acirc;n vi&ecirc;n thối lại 200 đồng. T&agrave;i xế n&agrave;y kh&ocirc;ng đồng &yacute; nhận tiền dư, y&ecirc;u cầu nh&acirc;n vi&ecirc;n phải đưa đ&uacute;ng 100 đồng. Ngo&agrave;i ra, c&oacute; một số t&agrave;i xế đưa tiền mệnh gi&aacute; 500.000 đồng.</p>\r\n\r\n<p>Thấy &ugrave;n tắc, CSGT đ&atilde; y&ecirc;u cầu t&agrave;i xế ra khu vực đưa tiền lẻ. Tuy nhi&ecirc;n, t&agrave;i xế kh&ocirc;ng chịu n&ecirc;n xe cẩu đ&atilde; được huy động đưa xe đi. Sau đ&oacute;, đơn vị quản l&yacute; đ&atilde; phải xả trạm.</p>\r\n\r\n<p>Đại t&aacute; Trương Văn S&aacute;ng, Trưởng C&ocirc;ng an huyện Cai Lậy, cho biết việc tăng cường lực lượng chức năng để tr&aacute;nh t&igrave;nh trạng g&acirc;y rối hoặc &ugrave;n tắc giao th&ocirc;ng. Về việc t&agrave;i xế đưa tiền mệnh gi&aacute; cao hoặc mệnh gi&aacute; thấp th&igrave; c&ocirc;ng an kh&ocirc;ng xử l&yacute;.</p>\r\n\r\n<p><strong>C&ocirc;ng an l&agrave;m việc hai với bảo mẫu bạo h&agrave;nh trẻ</strong></p>\r\n\r\n<p>Ng&agrave;y 29/11, Đại t&aacute; Đo&agrave;n Văn Ph&uacute;c, Trưởng C&ocirc;ng an quận 12 (TP.Hồ Ch&iacute; Minh) cho biết, li&ecirc;n quan đến vụ việc những bảo mẫu ở cơ sở mầm non Mầm Xanh h&agrave;nh hạ trẻ em, bảo mẫu Nguyễn Thị Đ&agrave;o (23 tuổi) đ&atilde; đến c&ocirc;ng an quận 12 tr&igrave;nh diện.</p>\r\n', '', '', '<p>L&uacute;c 11 giờ 45 ph&uacute;t ng&agrave;y, h&agrave;ng loạt t&agrave;i xế c&ugrave;ng mang tiền mệnh gi&aacute; thấp v&agrave; mệnh gi&aacute; cao để qua trạm BOT Cai Lậy. Ban đầu, một t&agrave;i xế đi xe c&oacute; BKS tỉnh Cần Thơ đ&atilde; đưa nhiều tờ tiền mệnh gi&aacute; thấp, tổng số tiền l&agrave; 25.100 đồng.</p>\r\n\r\n<p>Sau đ&oacute;, nh&acirc;n vi&ecirc;n thối lại 200 đồng. T&agrave;i xế n&agrave;y kh&ocirc;ng đồng &yacute; nhận tiền dư, y&ecirc;u cầu nh&acirc;n vi&ecirc;n phải đưa đ&uacute;ng 100 đồng. Ngo&agrave;i ra, c&oacute; một số t&agrave;i xế đưa tiền mệnh gi&aacute; 500.000 đồng.</p>\r\n\r\n<p>Thấy &ugrave;n tắc, CSGT đ&atilde; y&ecirc;u cầu t&agrave;i xế ra khu vực đưa tiền lẻ. Tuy nhi&ecirc;n, t&agrave;i xế kh&ocirc;ng chịu n&ecirc;n xe cẩu đ&atilde; được huy động đưa xe đi. Sau đ&oacute;, đơn vị quản l&yacute; đ&atilde; phải xả trạm.</p>\r\n\r\n<p>Đại t&aacute; Trương Văn S&aacute;ng, Trưởng C&ocirc;ng an huyện Cai Lậy, cho biết việc tăng cường lực lượng chức năng để tr&aacute;nh t&igrave;nh trạng g&acirc;y rối hoặc &ugrave;n tắc giao th&ocirc;ng. Về việc t&agrave;i xế đưa tiền mệnh gi&aacute; cao hoặc mệnh gi&aacute; thấp th&igrave; c&ocirc;ng an kh&ocirc;ng xử l&yacute;.</p>\r\n\r\n<p><strong>C&ocirc;ng an l&agrave;m việc hai với bảo mẫu bạo h&agrave;nh trẻ</strong></p>\r\n\r\n<p>Ng&agrave;y 29/11, Đại t&aacute; Đo&agrave;n Văn Ph&uacute;c, Trưởng C&ocirc;ng an quận 12 (TP.Hồ Ch&iacute; Minh) cho biết, li&ecirc;n quan đến vụ việc những bảo mẫu ở cơ sở mầm non Mầm Xanh h&agrave;nh hạ trẻ em, bảo mẫu Nguyễn Thị Đ&agrave;o (23 tuổi) đ&atilde; đến c&ocirc;ng an quận 12 tr&igrave;nh diện.</p>\r\n', '', '', '', '', '', '', '', '', '', '', '', '', '', '', '', 0, 'san-pham-11', 'Sản phẩm 11', '', ''),
(119, 66, 'vn', 'Sản phẩm 12', '<p>L&uacute;c 11 giờ 45 ph&uacute;t ng&agrave;y, h&agrave;ng loạt t&agrave;i xế c&ugrave;ng mang tiền mệnh gi&aacute; thấp v&agrave; mệnh gi&aacute; cao để qua trạm BOT Cai Lậy. Ban đầu, một t&agrave;i xế đi xe c&oacute; BKS tỉnh Cần Thơ đ&atilde; đưa nhiều tờ tiền mệnh gi&aacute; thấp, tổng số tiền l&agrave; 25.100 đồng.</p>\r\n\r\n<p>Sau đ&oacute;, nh&acirc;n vi&ecirc;n thối lại 200 đồng. T&agrave;i xế n&agrave;y kh&ocirc;ng đồng &yacute; nhận tiền dư, y&ecirc;u cầu nh&acirc;n vi&ecirc;n phải đưa đ&uacute;ng 100 đồng. Ngo&agrave;i ra, c&oacute; một số t&agrave;i xế đưa tiền mệnh gi&aacute; 500.000 đồng.</p>\r\n\r\n<p>Thấy &ugrave;n tắc, CSGT đ&atilde; y&ecirc;u cầu t&agrave;i xế ra khu vực đưa tiền lẻ. Tuy nhi&ecirc;n, t&agrave;i xế kh&ocirc;ng chịu n&ecirc;n xe cẩu đ&atilde; được huy động đưa xe đi. Sau đ&oacute;, đơn vị quản l&yacute; đ&atilde; phải xả trạm.</p>\r\n\r\n<p>Đại t&aacute; Trương Văn S&aacute;ng, Trưởng C&ocirc;ng an huyện Cai Lậy, cho biết việc tăng cường lực lượng chức năng để tr&aacute;nh t&igrave;nh trạng g&acirc;y rối hoặc &ugrave;n tắc giao th&ocirc;ng. Về việc t&agrave;i xế đưa tiền mệnh gi&aacute; cao hoặc mệnh gi&aacute; thấp th&igrave; c&ocirc;ng an kh&ocirc;ng xử l&yacute;.</p>\r\n\r\n<p><strong>C&ocirc;ng an l&agrave;m việc hai với bảo mẫu bạo h&agrave;nh trẻ</strong></p>\r\n\r\n<p>Ng&agrave;y 29/11, Đại t&aacute; Đo&agrave;n Văn Ph&uacute;c, Trưởng C&ocirc;ng an quận 12 (TP.Hồ Ch&iacute; Minh) cho biết, li&ecirc;n quan đến vụ việc những bảo mẫu ở cơ sở mầm non Mầm Xanh h&agrave;nh hạ trẻ em, bảo mẫu Nguyễn Thị Đ&agrave;o (23 tuổi) đ&atilde; đến c&ocirc;ng an quận 12 tr&igrave;nh diện.</p>\r\n', '', '', '<p>L&uacute;c 11 giờ 45 ph&uacute;t ng&agrave;y, h&agrave;ng loạt t&agrave;i xế c&ugrave;ng mang tiền mệnh gi&aacute; thấp v&agrave; mệnh gi&aacute; cao để qua trạm BOT Cai Lậy. Ban đầu, một t&agrave;i xế đi xe c&oacute; BKS tỉnh Cần Thơ đ&atilde; đưa nhiều tờ tiền mệnh gi&aacute; thấp, tổng số tiền l&agrave; 25.100 đồng.</p>\r\n\r\n<p>Sau đ&oacute;, nh&acirc;n vi&ecirc;n thối lại 200 đồng. T&agrave;i xế n&agrave;y kh&ocirc;ng đồng &yacute; nhận tiền dư, y&ecirc;u cầu nh&acirc;n vi&ecirc;n phải đưa đ&uacute;ng 100 đồng. Ngo&agrave;i ra, c&oacute; một số t&agrave;i xế đưa tiền mệnh gi&aacute; 500.000 đồng.</p>\r\n\r\n<p>Thấy &ugrave;n tắc, CSGT đ&atilde; y&ecirc;u cầu t&agrave;i xế ra khu vực đưa tiền lẻ. Tuy nhi&ecirc;n, t&agrave;i xế kh&ocirc;ng chịu n&ecirc;n xe cẩu đ&atilde; được huy động đưa xe đi. Sau đ&oacute;, đơn vị quản l&yacute; đ&atilde; phải xả trạm.</p>\r\n\r\n<p>Đại t&aacute; Trương Văn S&aacute;ng, Trưởng C&ocirc;ng an huyện Cai Lậy, cho biết việc tăng cường lực lượng chức năng để tr&aacute;nh t&igrave;nh trạng g&acirc;y rối hoặc &ugrave;n tắc giao th&ocirc;ng. Về việc t&agrave;i xế đưa tiền mệnh gi&aacute; cao hoặc mệnh gi&aacute; thấp th&igrave; c&ocirc;ng an kh&ocirc;ng xử l&yacute;.</p>\r\n\r\n<p><strong>C&ocirc;ng an l&agrave;m việc hai với bảo mẫu bạo h&agrave;nh trẻ</strong></p>\r\n\r\n<p>Ng&agrave;y 29/11, Đại t&aacute; Đo&agrave;n Văn Ph&uacute;c, Trưởng C&ocirc;ng an quận 12 (TP.Hồ Ch&iacute; Minh) cho biết, li&ecirc;n quan đến vụ việc những bảo mẫu ở cơ sở mầm non Mầm Xanh h&agrave;nh hạ trẻ em, bảo mẫu Nguyễn Thị Đ&agrave;o (23 tuổi) đ&atilde; đến c&ocirc;ng an quận 12 tr&igrave;nh diện.</p>\r\n', '', '', '', '', '', '', '', '', '', '', '', '', '', '', '', 0, 'san-pham-12', 'Sản phẩm 12', '', '');
INSERT INTO `product_languages` (`id`, `product_id`, `languages_code`, `lang_product_name`, `lang_product_des`, `lang_product_des2`, `lang_product_des3`, `lang_product_content`, `lang_product_content2`, `lang_product_content3`, `lang_product_code`, `lang_product_original`, `lang_product_size`, `lang_product_package`, `lang_product_delivery`, `lang_product_delivery_time`, `lang_product_payment`, `lang_product_payment_type`, `lang_product_sub_info1`, `lang_product_sub_info2`, `lang_product_sub_info3`, `lang_product_sub_info4`, `lang_product_sub_info5`, `edit_state`, `friendly_url`, `title_seo`, `des_seo`, `keyword`) VALUES
(120, 66, 'en', 'Sản phẩm 12', '<p>L&uacute;c 11 giờ 45 ph&uacute;t ng&agrave;y, h&agrave;ng loạt t&agrave;i xế c&ugrave;ng mang tiền mệnh gi&aacute; thấp v&agrave; mệnh gi&aacute; cao để qua trạm BOT Cai Lậy. Ban đầu, một t&agrave;i xế đi xe c&oacute; BKS tỉnh Cần Thơ đ&atilde; đưa nhiều tờ tiền mệnh gi&aacute; thấp, tổng số tiền l&agrave; 25.100 đồng.</p>\r\n\r\n<p>Sau đ&oacute;, nh&acirc;n vi&ecirc;n thối lại 200 đồng. T&agrave;i xế n&agrave;y kh&ocirc;ng đồng &yacute; nhận tiền dư, y&ecirc;u cầu nh&acirc;n vi&ecirc;n phải đưa đ&uacute;ng 100 đồng. Ngo&agrave;i ra, c&oacute; một số t&agrave;i xế đưa tiền mệnh gi&aacute; 500.000 đồng.</p>\r\n\r\n<p>Thấy &ugrave;n tắc, CSGT đ&atilde; y&ecirc;u cầu t&agrave;i xế ra khu vực đưa tiền lẻ. Tuy nhi&ecirc;n, t&agrave;i xế kh&ocirc;ng chịu n&ecirc;n xe cẩu đ&atilde; được huy động đưa xe đi. Sau đ&oacute;, đơn vị quản l&yacute; đ&atilde; phải xả trạm.</p>\r\n\r\n<p>Đại t&aacute; Trương Văn S&aacute;ng, Trưởng C&ocirc;ng an huyện Cai Lậy, cho biết việc tăng cường lực lượng chức năng để tr&aacute;nh t&igrave;nh trạng g&acirc;y rối hoặc &ugrave;n tắc giao th&ocirc;ng. Về việc t&agrave;i xế đưa tiền mệnh gi&aacute; cao hoặc mệnh gi&aacute; thấp th&igrave; c&ocirc;ng an kh&ocirc;ng xử l&yacute;.</p>\r\n\r\n<p><strong>C&ocirc;ng an l&agrave;m việc hai với bảo mẫu bạo h&agrave;nh trẻ</strong></p>\r\n\r\n<p>Ng&agrave;y 29/11, Đại t&aacute; Đo&agrave;n Văn Ph&uacute;c, Trưởng C&ocirc;ng an quận 12 (TP.Hồ Ch&iacute; Minh) cho biết, li&ecirc;n quan đến vụ việc những bảo mẫu ở cơ sở mầm non Mầm Xanh h&agrave;nh hạ trẻ em, bảo mẫu Nguyễn Thị Đ&agrave;o (23 tuổi) đ&atilde; đến c&ocirc;ng an quận 12 tr&igrave;nh diện.</p>\r\n', '', '', '<p>L&uacute;c 11 giờ 45 ph&uacute;t ng&agrave;y, h&agrave;ng loạt t&agrave;i xế c&ugrave;ng mang tiền mệnh gi&aacute; thấp v&agrave; mệnh gi&aacute; cao để qua trạm BOT Cai Lậy. Ban đầu, một t&agrave;i xế đi xe c&oacute; BKS tỉnh Cần Thơ đ&atilde; đưa nhiều tờ tiền mệnh gi&aacute; thấp, tổng số tiền l&agrave; 25.100 đồng.</p>\r\n\r\n<p>Sau đ&oacute;, nh&acirc;n vi&ecirc;n thối lại 200 đồng. T&agrave;i xế n&agrave;y kh&ocirc;ng đồng &yacute; nhận tiền dư, y&ecirc;u cầu nh&acirc;n vi&ecirc;n phải đưa đ&uacute;ng 100 đồng. Ngo&agrave;i ra, c&oacute; một số t&agrave;i xế đưa tiền mệnh gi&aacute; 500.000 đồng.</p>\r\n\r\n<p>Thấy &ugrave;n tắc, CSGT đ&atilde; y&ecirc;u cầu t&agrave;i xế ra khu vực đưa tiền lẻ. Tuy nhi&ecirc;n, t&agrave;i xế kh&ocirc;ng chịu n&ecirc;n xe cẩu đ&atilde; được huy động đưa xe đi. Sau đ&oacute;, đơn vị quản l&yacute; đ&atilde; phải xả trạm.</p>\r\n\r\n<p>Đại t&aacute; Trương Văn S&aacute;ng, Trưởng C&ocirc;ng an huyện Cai Lậy, cho biết việc tăng cường lực lượng chức năng để tr&aacute;nh t&igrave;nh trạng g&acirc;y rối hoặc &ugrave;n tắc giao th&ocirc;ng. Về việc t&agrave;i xế đưa tiền mệnh gi&aacute; cao hoặc mệnh gi&aacute; thấp th&igrave; c&ocirc;ng an kh&ocirc;ng xử l&yacute;.</p>\r\n\r\n<p><strong>C&ocirc;ng an l&agrave;m việc hai với bảo mẫu bạo h&agrave;nh trẻ</strong></p>\r\n\r\n<p>Ng&agrave;y 29/11, Đại t&aacute; Đo&agrave;n Văn Ph&uacute;c, Trưởng C&ocirc;ng an quận 12 (TP.Hồ Ch&iacute; Minh) cho biết, li&ecirc;n quan đến vụ việc những bảo mẫu ở cơ sở mầm non Mầm Xanh h&agrave;nh hạ trẻ em, bảo mẫu Nguyễn Thị Đ&agrave;o (23 tuổi) đ&atilde; đến c&ocirc;ng an quận 12 tr&igrave;nh diện.</p>\r\n', '', '', '', '', '', '', '', '', '', '', '', '', '', '', '', 0, 'san-pham-12', 'Sản phẩm 12', '', ''),
(121, 67, 'vn', 'Sản phẩm 13', '<p>L&uacute;c 11 giờ 45 ph&uacute;t ng&agrave;y, h&agrave;ng loạt t&agrave;i xế c&ugrave;ng mang tiền mệnh gi&aacute; thấp v&agrave; mệnh gi&aacute; cao để qua trạm BOT Cai Lậy. Ban đầu, một t&agrave;i xế đi xe c&oacute; BKS tỉnh Cần Thơ đ&atilde; đưa nhiều tờ tiền mệnh gi&aacute; thấp, tổng số tiền l&agrave; 25.100 đồng.</p>\r\n\r\n<p>Sau đ&oacute;, nh&acirc;n vi&ecirc;n thối lại 200 đồng. T&agrave;i xế n&agrave;y kh&ocirc;ng đồng &yacute; nhận tiền dư, y&ecirc;u cầu nh&acirc;n vi&ecirc;n phải đưa đ&uacute;ng 100 đồng. Ngo&agrave;i ra, c&oacute; một số t&agrave;i xế đưa tiền mệnh gi&aacute; 500.000 đồng.</p>\r\n\r\n<p>Thấy &ugrave;n tắc, CSGT đ&atilde; y&ecirc;u cầu t&agrave;i xế ra khu vực đưa tiền lẻ. Tuy nhi&ecirc;n, t&agrave;i xế kh&ocirc;ng chịu n&ecirc;n xe cẩu đ&atilde; được huy động đưa xe đi. Sau đ&oacute;, đơn vị quản l&yacute; đ&atilde; phải xả trạm.</p>\r\n\r\n<p style=\"text-align:center\"><img alt=\"\" height=\"257\" src=\"/image/images/2018-02-06%2016_22_51-Boniza.png\" width=\"600\" /></p>\r\n\r\n<p>Đại t&aacute; Trương Văn S&aacute;ng, Trưởng C&ocirc;ng an huyện Cai Lậy, cho biết việc tăng cường lực lượng chức năng để tr&aacute;nh t&igrave;nh trạng g&acirc;y rối hoặc &ugrave;n tắc giao th&ocirc;ng. Về việc t&agrave;i xế đưa tiền mệnh gi&aacute; cao hoặc mệnh gi&aacute; thấp th&igrave; c&ocirc;ng an kh&ocirc;ng xử l&yacute;.</p>\r\n\r\n<p><strong>C&ocirc;ng an l&agrave;m việc hai với bảo mẫu bạo h&agrave;nh trẻ</strong></p>\r\n\r\n<p>Ng&agrave;y 29/11, Đại t&aacute; Đo&agrave;n Văn Ph&uacute;c, Trưởng C&ocirc;ng an quận 12 (TP.Hồ Ch&iacute; Minh) cho biết, li&ecirc;n quan đến vụ việc những bảo mẫu ở cơ sở mầm non Mầm Xanh h&agrave;nh hạ trẻ em, bảo mẫu Nguyễn Thị Đ&agrave;o (23 tuổi) đ&atilde; đến c&ocirc;ng an quận 12 tr&igrave;nh diện.</p>\r\n', '', '', '<p>L&uacute;c 11 giờ 45 ph&uacute;t ng&agrave;y, h&agrave;ng loạt t&agrave;i xế c&ugrave;ng mang tiền mệnh gi&aacute; thấp v&agrave; mệnh gi&aacute; cao để qua trạm BOT Cai Lậy. Ban đầu, một t&agrave;i xế đi xe c&oacute; BKS tỉnh Cần Thơ đ&atilde; đưa nhiều tờ tiền mệnh gi&aacute; thấp, tổng số tiền l&agrave; 25.100 đồng.</p>\r\n\r\n<p>Sau đ&oacute;, nh&acirc;n vi&ecirc;n thối lại 200 đồng. T&agrave;i xế n&agrave;y kh&ocirc;ng đồng &yacute; nhận tiền dư, y&ecirc;u cầu nh&acirc;n vi&ecirc;n phải đưa đ&uacute;ng 100 đồng. Ngo&agrave;i ra, c&oacute; một số t&agrave;i xế đưa tiền mệnh gi&aacute; 500.000 đồng.</p>\r\n\r\n<p style=\"text-align:center\"><img alt=\"\" height=\"257\" src=\"/image/images/2018-02-06%2016_22_51-Boniza(1).png\" width=\"600\" /></p>\r\n\r\n<p>Thấy &ugrave;n tắc, CSGT đ&atilde; y&ecirc;u cầu t&agrave;i xế ra khu vực đưa tiền lẻ. Tuy nhi&ecirc;n, t&agrave;i xế kh&ocirc;ng chịu n&ecirc;n xe cẩu đ&atilde; được huy động đưa xe đi. Sau đ&oacute;, đơn vị quản l&yacute; đ&atilde; phải xả trạm.</p>\r\n\r\n<p>Đại t&aacute; Trương Văn S&aacute;ng, Trưởng C&ocirc;ng an huyện Cai Lậy, cho biết việc tăng cường lực lượng chức năng để tr&aacute;nh t&igrave;nh trạng g&acirc;y rối hoặc &ugrave;n tắc giao th&ocirc;ng. Về việc t&agrave;i xế đưa tiền mệnh gi&aacute; cao hoặc mệnh gi&aacute; thấp th&igrave; c&ocirc;ng an kh&ocirc;ng xử l&yacute;.</p>\r\n\r\n<p><strong>C&ocirc;ng an l&agrave;m việc hai với bảo mẫu bạo h&agrave;nh trẻ</strong></p>\r\n\r\n<p>Ng&agrave;y 29/11, Đại t&aacute; Đo&agrave;n Văn Ph&uacute;c, Trưởng C&ocirc;ng an quận 12 (TP.Hồ Ch&iacute; Minh) cho biết, li&ecirc;n quan đến vụ việc những bảo mẫu ở cơ sở mầm non Mầm Xanh h&agrave;nh hạ trẻ em, bảo mẫu Nguyễn Thị Đ&agrave;o (23 tuổi) đ&atilde; đến c&ocirc;ng an quận 12 tr&igrave;nh diện.</p>\r\n', '', '', '', '', '', '', '', '', '', '', '', '', '', '', '', 0, 'san-pham-13', 'Sản phẩm 13', '', ''),
(122, 67, 'en', 'product 13', '<p>đ&acirc;y l&agrave; bản d&agrave;nh cho tiếng anh</p>\r\n\r\n<p>L&uacute;c 11 giờ 45 ph&uacute;t ng&agrave;y, h&agrave;ng loạt t&agrave;i xế c&ugrave;ng mang tiền mệnh gi&aacute; thấp v&agrave; mệnh gi&aacute; cao để qua trạm BOT Cai Lậy. Ban đầu, một t&agrave;i xế đi xe c&oacute; BKS tỉnh Cần Thơ đ&atilde; đưa nhiều tờ tiền mệnh gi&aacute; thấp, tổng số tiền l&agrave; 25.100 đồng.</p>\r\n\r\n<p>Sau đ&oacute;, nh&acirc;n vi&ecirc;n thối lại 200 đồng. T&agrave;i xế n&agrave;y kh&ocirc;ng đồng &yacute; nhận tiền dư, y&ecirc;u cầu nh&acirc;n vi&ecirc;n phải đưa đ&uacute;ng 100 đồng. Ngo&agrave;i ra, c&oacute; một số t&agrave;i xế đưa tiền mệnh gi&aacute; 500.000 đồng.</p>\r\n\r\n<p>Thấy &ugrave;n tắc, CSGT đ&atilde; y&ecirc;u cầu t&agrave;i xế ra khu vực đưa tiền lẻ. Tuy nhi&ecirc;n, t&agrave;i xế kh&ocirc;ng chịu n&ecirc;n xe cẩu đ&atilde; được huy động đưa xe đi. Sau đ&oacute;, đơn vị quản l&yacute; đ&atilde; phải xả trạm.</p>\r\n\r\n<p>Đại t&aacute; Trương Văn S&aacute;ng, Trưởng C&ocirc;ng an huyện Cai Lậy, cho biết việc tăng cường lực lượng chức năng để tr&aacute;nh t&igrave;nh trạng g&acirc;y rối hoặc &ugrave;n tắc giao th&ocirc;ng. Về việc t&agrave;i xế đưa tiền mệnh gi&aacute; cao hoặc mệnh gi&aacute; thấp th&igrave; c&ocirc;ng an kh&ocirc;ng xử l&yacute;.</p>\r\n\r\n<p><strong>C&ocirc;ng an l&agrave;m việc hai với bảo mẫu bạo h&agrave;nh trẻ</strong></p>\r\n\r\n<p>Ng&agrave;y 29/11, Đại t&aacute; Đo&agrave;n Văn Ph&uacute;c, Trưởng C&ocirc;ng an quận 12 (TP.Hồ Ch&iacute; Minh) cho biết, li&ecirc;n quan đến vụ việc những bảo mẫu ở cơ sở mầm non Mầm Xanh h&agrave;nh hạ trẻ em, bảo mẫu Nguyễn Thị Đ&agrave;o (23 tuổi) đ&atilde; đến c&ocirc;ng an quận 12 tr&igrave;nh diện.</p>\r\n', '', '', '<p>đ&acirc;y l&agrave; bản d&agrave;nh cho tiếng anh tuan</p>\r\n\r\n<p>L&uacute;c 11 giờ 45 ph&uacute;t ng&agrave;y, h&agrave;ng loạt t&agrave;i xế c&ugrave;ng mang tiền mệnh gi&aacute; thấp v&agrave; mệnh gi&aacute; cao để qua trạm BOT Cai Lậy. Ban đầu, một t&agrave;i xế đi xe c&oacute; BKS tỉnh Cần Thơ đ&atilde; đưa nhiều tờ tiền mệnh gi&aacute; thấp, tổng số tiền l&agrave; 25.100 đồng.</p>\r\n\r\n<p>Sau đ&oacute;, nh&acirc;n vi&ecirc;n thối lại 200 đồng. T&agrave;i xế n&agrave;y kh&ocirc;ng đồng &yacute; nhận tiền dư, y&ecirc;u cầu nh&acirc;n vi&ecirc;n phải đưa đ&uacute;ng 100 đồng. Ngo&agrave;i ra, c&oacute; một số t&agrave;i xế đưa tiền mệnh gi&aacute; 500.000 đồng.</p>\r\n\r\n<p>Thấy &ugrave;n tắc, CSGT đ&atilde; y&ecirc;u cầu t&agrave;i xế ra khu vực đưa tiền lẻ. Tuy nhi&ecirc;n, t&agrave;i xế kh&ocirc;ng chịu n&ecirc;n xe cẩu đ&atilde; được huy động đưa xe đi. Sau đ&oacute;, đơn vị quản l&yacute; đ&atilde; phải xả trạm.</p>\r\n\r\n<p>Đại t&aacute; Trương Văn S&aacute;ng, Trưởng C&ocirc;ng an huyện Cai Lậy, cho biết việc tăng cường lực lượng chức năng để tr&aacute;nh t&igrave;nh trạng g&acirc;y rối hoặc &ugrave;n tắc giao th&ocirc;ng. Về việc t&agrave;i xế đưa tiền mệnh gi&aacute; cao hoặc mệnh gi&aacute; thấp th&igrave; c&ocirc;ng an kh&ocirc;ng xử l&yacute;.</p>\r\n\r\n<p><strong>C&ocirc;ng an l&agrave;m việc hai với bảo mẫu bạo h&agrave;nh trẻ</strong></p>\r\n\r\n<p>Ng&agrave;y 29/11, Đại t&aacute; Đo&agrave;n Văn Ph&uacute;c, Trưởng C&ocirc;ng an quận 12 (TP.Hồ Ch&iacute; Minh) cho biết, li&ecirc;n quan đến vụ việc những bảo mẫu ở cơ sở mầm non Mầm Xanh h&agrave;nh hạ trẻ em, bảo mẫu Nguyễn Thị Đ&agrave;o (23 tuổi) đ&atilde; đến c&ocirc;ng an quận 12 tr&igrave;nh diện.</p>\r\n', '', '', 'en', '', '', '', '', '', '', '', '', '', '', '', '', 0, 'product-13', 'Sản phẩm 13 en', 'en', 'en');

-- --------------------------------------------------------

--
-- Cấu trúc bảng cho bảng `product_producer`
--

CREATE TABLE `product_producer` (
  `producer_id` int(11) NOT NULL,
  `producer_name` varchar(255) COLLATE utf8_unicode_ci DEFAULT NULL,
  `producer_sort_order` int(11) DEFAULT NULL,
  `producer_parent` int(11) DEFAULT NULL,
  `state` int(11) DEFAULT '1'
) ENGINE=InnoDB DEFAULT CHARSET=utf8 COLLATE=utf8_unicode_ci;

--
-- Đang đổ dữ liệu cho bảng `product_producer`
--

INSERT INTO `product_producer` (`producer_id`, `producer_name`, `producer_sort_order`, `producer_parent`, `state`) VALUES
(3, 'Donaldson', 1, 0, 1),
(4, 'Komatsu', 2, 0, 1),
(5, 'Fleetguard', 3, 0, 1),
(6, 'Badwin', 4, 0, 1),
(7, 'Huyndai-Mobis', 5, 0, 1),
(8, 'Sakura', 6, 0, 1),
(9, 'Kobelco', 7, 0, 1),
(10, 'Hãng khác', 8, 0, 1);

-- --------------------------------------------------------

--
-- Cấu trúc bảng cho bảng `product_producer_languages`
--

CREATE TABLE `product_producer_languages` (
  `id` int(11) NOT NULL,
  `languages_code` varchar(255) COLLATE utf8_unicode_ci DEFAULT NULL,
  `lang_producer_name` varchar(255) COLLATE utf8_unicode_ci DEFAULT NULL,
  `producer_id` int(11) NOT NULL,
  `friendly_url` varchar(255) COLLATE utf8_unicode_ci DEFAULT NULL
) ENGINE=InnoDB DEFAULT CHARSET=utf8 COLLATE=utf8_unicode_ci;

--
-- Đang đổ dữ liệu cho bảng `product_producer_languages`
--

INSERT INTO `product_producer_languages` (`id`, `languages_code`, `lang_producer_name`, `producer_id`, `friendly_url`) VALUES
(34, 'vn', 'Donaldson', 3, 'donaldson'),
(35, 'en', 'Donaldson', 3, 'donaldson'),
(36, 'vn', 'Komatsu', 4, 'komatsu'),
(37, 'en', 'Komatsu', 4, 'komatsu'),
(38, 'vn', 'Fleetguard', 5, 'fleetguard'),
(39, 'en', 'Fleetguard', 5, 'fleetguard'),
(40, 'vn', 'Badwin', 6, 'badwin'),
(41, 'en', 'Badwin', 6, 'badwin'),
(42, 'vn', 'Huyndai-Mobis', 7, 'huyndai-mobis'),
(43, 'en', 'Huyndai-Mobis', 7, 'huyndai-mobis'),
(44, 'vn', 'Sakura', 8, 'sakura'),
(45, 'en', 'Sakura', 8, 'sakura'),
(46, 'vn', 'Kobelco', 9, 'kobelco'),
(47, 'en', 'Kobelco', 9, 'kobelco'),
(48, 'vn', 'Hãng khác', 10, 'hang-khac'),
(49, 'en', 'Hãng khác', 10, 'hang-khac');

-- --------------------------------------------------------

--
-- Cấu trúc bảng cho bảng `pro_color`
--

CREATE TABLE `pro_color` (
  `id` int(11) NOT NULL,
  `color` text COLLATE utf8_unicode_ci,
  `id_product` int(11) NOT NULL
) ENGINE=InnoDB DEFAULT CHARSET=utf8 COLLATE=utf8_unicode_ci;

-- --------------------------------------------------------

--
-- Cấu trúc bảng cho bảng `rating`
--

CREATE TABLE `rating` (
  `id` int(11) NOT NULL,
  `star_1` int(11) NOT NULL,
  `star_2` int(11) NOT NULL,
  `star_3` int(11) NOT NULL,
  `star_4` int(11) NOT NULL,
  `star_5` int(11) NOT NULL,
  `address_ip` varchar(200) CHARACTER SET utf8 COLLATE utf8_unicode_ci NOT NULL,
  `product_id` int(11) NOT NULL
) ENGINE=InnoDB DEFAULT CHARSET=latin1;

--
-- Đang đổ dữ liệu cho bảng `rating`
--

INSERT INTO `rating` (`id`, `star_1`, `star_2`, `star_3`, `star_4`, `star_5`, `address_ip`, `product_id`) VALUES
(1, 0, 0, 0, 0, 1, '42.113.94.199', 27),
(2, 1, 0, 0, 0, 0, '42.113.94.1991', 27),
(3, 0, 0, 1, 0, 0, '42.113.94.199', 29);

-- --------------------------------------------------------

--
-- Cấu trúc bảng cho bảng `regInfor`
--

CREATE TABLE `regInfor` (
  `regInfor_id` int(11) NOT NULL,
  `regInfor_name` varchar(255) COLLATE utf8_unicode_ci DEFAULT NULL,
  `regInfor_phone` varchar(255) COLLATE utf8_unicode_ci DEFAULT NULL,
  `regInfor_mail` varchar(255) COLLATE utf8_unicode_ci DEFAULT NULL,
  `regInfor_address` varchar(255) COLLATE utf8_unicode_ci DEFAULT NULL,
  `regInfor_wasBorn` int(11) DEFAULT NULL,
  `regInfor_code` varchar(255) COLLATE utf8_unicode_ci DEFAULT NULL,
  `regInfor_state` int(11) DEFAULT '1',
  `regInfor_createdDate` date DEFAULT NULL,
  `regInfor_answer1` int(11) DEFAULT '1',
  `regInfor_answer2` int(11) DEFAULT '1',
  `regInfor_answer3` int(11) DEFAULT '1',
  `regInfor_answer4` int(11) DEFAULT '1',
  `regInfor_answer5` int(11) DEFAULT '1',
  `regInfor_answer6` int(11) DEFAULT '1',
  `regInfor_answer7` int(11) DEFAULT '1',
  `regInfor_answer8` int(11) DEFAULT '1',
  `regInfor_answer9` int(11) DEFAULT '1',
  `regInfor_sex` varchar(255) COLLATE utf8_unicode_ci DEFAULT NULL
) ENGINE=InnoDB DEFAULT CHARSET=utf8 COLLATE=utf8_unicode_ci;

--
-- Đang đổ dữ liệu cho bảng `regInfor`
--

INSERT INTO `regInfor` (`regInfor_id`, `regInfor_name`, `regInfor_phone`, `regInfor_mail`, `regInfor_address`, `regInfor_wasBorn`, `regInfor_code`, `regInfor_state`, `regInfor_createdDate`, `regInfor_answer1`, `regInfor_answer2`, `regInfor_answer3`, `regInfor_answer4`, `regInfor_answer5`, `regInfor_answer6`, `regInfor_answer7`, `regInfor_answer8`, `regInfor_answer9`, `regInfor_sex`) VALUES
(25, 'fgsf', '0967878', NULL, NULL, 0, NULL, 1, '2017-06-21', 1, 1, 1, 1, 1, 1, 1, 1, 1, 'nam'),
(26, 'th', '0967878', NULL, NULL, 0, NULL, 1, '2017-06-21', 1, 1, 1, 1, 1, 1, 1, 1, 1, 'nam'),
(31, 'thuyhang', '0967878', NULL, NULL, 0, NULL, 1, '2017-06-21', 1, 1, 1, 1, 1, 1, 1, 1, 1, 'nam'),
(32, 'thuyhang2', '0967878', NULL, NULL, 1955, NULL, 1, '2017-06-21', 1, 1, 1, 1, 1, 1, 1, 1, 2, 'nữ'),
(34, 'thdfghgfh', 'dfasdfas', NULL, NULL, 1940, NULL, 1, '2017-06-21', 1, 1, 1, 1, 1, 1, 2, 1, 1, 'nam'),
(35, NULL, NULL, NULL, NULL, NULL, NULL, 1, NULL, 1, 1, 1, 1, 1, 1, 1, 1, 1, NULL),
(36, NULL, NULL, NULL, NULL, NULL, NULL, 1, NULL, 1, 1, 1, 1, 1, 1, 1, 1, 1, NULL),
(37, 'hh', '01669745858', NULL, NULL, 1940, NULL, 1, '2017-06-22', 1, 1, 1, 1, 1, 1, 1, 1, 1, 'nam'),
(38, '', '01669745858', NULL, NULL, 1982, NULL, 1, '2017-06-22', 1, 1, 1, 1, 1, 1, 1, 1, 1, 'nam'),
(39, 'hsdfansdf', '0967878', NULL, NULL, 1940, NULL, 1, '2017-06-22', 1, 1, 1, 1, 1, 1, 1, 1, 1, 'nam'),
(40, '', 'dsfdsfsfs', NULL, NULL, 1940, NULL, 1, '2017-06-22', 1, 1, 1, 1, 1, 1, 1, 1, 1, 'nam'),
(41, NULL, NULL, NULL, NULL, NULL, NULL, 1, NULL, 1, 1, 1, 1, 1, 1, 1, 1, 1, NULL),
(42, NULL, NULL, NULL, NULL, NULL, NULL, 1, NULL, 1, 1, 1, 1, 1, 1, 1, 1, 1, NULL),
(43, NULL, NULL, NULL, NULL, NULL, NULL, 1, NULL, 1, 1, 1, 1, 1, 1, 1, 1, 1, NULL),
(44, NULL, NULL, NULL, NULL, NULL, NULL, 1, NULL, 1, 1, 1, 1, 1, 1, 1, 1, 1, NULL),
(45, NULL, NULL, NULL, NULL, NULL, NULL, 1, NULL, 1, 1, 1, 1, 1, 1, 1, 1, 1, NULL),
(46, '', '01669745858', NULL, NULL, 1940, NULL, 1, '2017-06-27', 1, 1, 1, 1, 1, 1, 1, 1, 1, 'nam'),
(47, NULL, NULL, NULL, NULL, NULL, NULL, 1, NULL, 1, 1, 1, 1, 1, 1, 1, 1, 1, NULL),
(48, NULL, NULL, NULL, NULL, NULL, NULL, 1, NULL, 1, 1, 1, 1, 1, 1, 1, 1, 1, NULL),
(49, NULL, NULL, NULL, NULL, NULL, NULL, 1, NULL, 1, 1, 1, 1, 1, 1, 1, 1, 1, NULL),
(50, NULL, NULL, NULL, NULL, NULL, NULL, 1, NULL, 1, 1, 1, 1, 1, 1, 1, 1, 1, NULL),
(51, NULL, NULL, NULL, NULL, NULL, NULL, 1, NULL, 1, 1, 1, 1, 1, 1, 1, 1, 1, NULL),
(52, NULL, NULL, NULL, NULL, NULL, NULL, 1, NULL, 1, 1, 1, 1, 1, 1, 1, 1, 1, NULL),
(53, 'erte', '5657', NULL, NULL, 2345, NULL, 1, '2017-07-10', 1, 1, 1, 1, 1, 1, 1, 1, 1, '4'),
(54, '', '', NULL, NULL, 0, NULL, 1, '2017-07-10', 1, 1, 1, 1, 1, 1, 1, 1, 1, '0'),
(55, 'dryrs', '3426546', NULL, NULL, 25346, NULL, 1, '2017-07-10', 1, 1, 1, 1, 1, 1, 1, 1, 1, '1'),
(56, 'hangpt', '0973378669', NULL, NULL, 1989, NULL, 1, '2017-07-10', 1, 1, 1, 1, 1, 1, 1, 1, 1, '4'),
(57, 'fhgh', 'fhfhfh', NULL, NULL, 0, NULL, 1, '2017-07-15', 1, 1, 1, 1, 1, 1, 1, 1, 1, '3'),
(58, 'tgsdfg', '', NULL, NULL, 0, NULL, 1, '2017-07-16', 1, 1, 1, 1, 1, 1, 1, 1, 1, '0'),
(59, 'zxcv', 'sdf', NULL, NULL, 0, NULL, 1, '2017-07-16', 1, 1, 1, 1, 1, 1, 1, 1, 1, '0'),
(60, 'xzc', '35345', NULL, NULL, 0, NULL, 1, '2017-07-16', 1, 1, 1, 1, 1, 1, 1, 1, 1, '1');

-- --------------------------------------------------------

--
-- Cấu trúc bảng cho bảng `regMember`
--

CREATE TABLE `regMember` (
  `regMember_id` int(11) NOT NULL,
  `regMember_mail` varchar(255) COLLATE utf8_unicode_ci DEFAULT NULL,
  `regMember_createdDate` date DEFAULT NULL
) ENGINE=InnoDB DEFAULT CHARSET=utf8 COLLATE=utf8_unicode_ci;

--
-- Đang đổ dữ liệu cho bảng `regMember`
--

INSERT INTO `regMember` (`regMember_id`, `regMember_mail`, `regMember_createdDate`) VALUES
(11, 'ádgf', '2017-07-16'),
(12, 'xvdfg', '2017-07-16'),
(13, '', '2017-07-30');

-- --------------------------------------------------------

--
-- Cấu trúc bảng cho bảng `sale`
--

CREATE TABLE `sale` (
  `sale_id` int(11) NOT NULL,
  `sale_name` text COLLATE utf8_unicode_ci,
  `sale_code` text COLLATE utf8_unicode_ci,
  `sale_total_count` int(11) DEFAULT NULL,
  `sale_type` int(11) DEFAULT NULL,
  `sale_value` float DEFAULT NULL,
  `sale_apply` int(11) DEFAULT NULL,
  `productcat_id` int(11) DEFAULT NULL,
  `product_id` int(11) DEFAULT NULL,
  `sale_start_date` datetime DEFAULT NULL,
  `sale_end_date` datetime DEFAULT NULL,
  `state` int(11) NOT NULL DEFAULT '0'
) ENGINE=InnoDB DEFAULT CHARSET=utf8 COLLATE=utf8_unicode_ci;

-- --------------------------------------------------------

--
-- Cấu trúc bảng cho bảng `service`
--

CREATE TABLE `service` (
  `service_id` int(11) NOT NULL,
  `service_name` varchar(255) COLLATE utf8_unicode_ci DEFAULT NULL,
  `service_des` text COLLATE utf8_unicode_ci,
  `service_content` text COLLATE utf8_unicode_ci,
  `service_img` varchar(255) COLLATE utf8_unicode_ci DEFAULT NULL,
  `service_views` varchar(255) COLLATE utf8_unicode_ci DEFAULT NULL,
  `servicecat_id` int(11) DEFAULT NULL,
  `service_author` varchar(255) COLLATE utf8_unicode_ci DEFAULT NULL,
  `service_create_date` date DEFAULT NULL,
  `service_update_date` date DEFAULT NULL,
  `state` int(11) DEFAULT '1',
  `service_sub_infor1` text COLLATE utf8_unicode_ci,
  `service_sub_infor2` text COLLATE utf8_unicode_ci,
  `service_sub_infor3` text COLLATE utf8_unicode_ci,
  `service_sub_infor4` text COLLATE utf8_unicode_ci,
  `service_sub_infor5` text COLLATE utf8_unicode_ci,
  `title_seo` varchar(255) COLLATE utf8_unicode_ci DEFAULT NULL,
  `des_seo` text COLLATE utf8_unicode_ci,
  `friendly_url` varchar(255) COLLATE utf8_unicode_ci DEFAULT NULL,
  `keyword` varchar(255) COLLATE utf8_unicode_ci DEFAULT NULL,
  `created_id` int(11) DEFAULT NULL,
  `servicetag_arr` varchar(10000) COLLATE utf8_unicode_ci NOT NULL
) ENGINE=InnoDB DEFAULT CHARSET=utf8 COLLATE=utf8_unicode_ci;

--
-- Đang đổ dữ liệu cho bảng `service`
--

INSERT INTO `service` (`service_id`, `service_name`, `service_des`, `service_content`, `service_img`, `service_views`, `servicecat_id`, `service_author`, `service_create_date`, `service_update_date`, `state`, `service_sub_infor1`, `service_sub_infor2`, `service_sub_infor3`, `service_sub_infor4`, `service_sub_infor5`, `title_seo`, `des_seo`, `friendly_url`, `keyword`, `created_id`, `servicetag_arr`) VALUES
(57, 'Dịch vụ 3', 'Địa chỉ: số 72A Nguyễn Trãi, Thanh Xuân, Hà Nội', '<h3>CHI TIẾT DỰ &Aacute;N</h3>\r\n\r\n<p>Địa chỉ:&nbsp;số 72A Nguyễn Tr&atilde;i, Thanh Xu&acirc;n, H&agrave; Nội</p>\r\n\r\n<p>&nbsp;</p>\r\n\r\n<p>The Automotive Aftermarket Business Division is responsible for our replacement parts business worldwide and delivers innovative repair solutions in original-equipment quality. With our four brands LuK, INA, FAG, and Ruville, we offer clutch and release systems, engine and transmission applications, as well as chassis applications. All components are optimally tuned to work together and allow for fast and professional replacement.</p>\r\n\r\n<p><img alt=\"\" height=\"563\" src=\"/image/images/Ubuntu_wall_4_by_RPMan_Art.png\" style=\"float:left\" width=\"900\" /></p>\r\n\r\n<p>What&rsquo;s more, our REPXPERT brand focuses on comprehensive services for garages, such as conducting practical-oriented training courses, providing support for repair with our hotline, our online garage portal and developing special tools</p>\r\n', 'sv5.jpg', '354', 4, 'Minh Công', '2017-05-22', '2018-03-27', 1, NULL, NULL, NULL, NULL, NULL, 'Dịch vụ 3', 'Địa chỉ: số 72A Nguyễn Trãi, Thanh Xuân, Hà Nội', 'dich-vu-3', 'Thi công rèm', NULL, ''),
(58, 'Dịch vụ 2', 'Địa chỉ: số 72A Nguyễn Trãi, Thanh Xuân, Hà Nội', '<h3>CHI TIẾT DỰ &Aacute;N</h3>\r\n\r\n<p>Địa chỉ:&nbsp;số 72A Nguyễn Tr&atilde;i, Thanh Xu&acirc;n, H&agrave; Nội</p>\r\n', 'sv4.jpg', '354', 3, 'Minh Công', '2017-05-22', '2018-03-27', 1, NULL, NULL, NULL, NULL, NULL, 'Dịch vụ 2', 'Địa chỉ: số 72A Nguyễn Trãi, Thanh Xuân, Hà Nội', 'dich-vu-2', 'Thi công rèm', NULL, ''),
(59, 'Dịch vụ 1', 'Địa chỉ: số 72A Nguyễn Trãi, Thanh Xuân, Hà Nội', '<h3>CHI TIẾT DỰ &Aacute;N</h3>\r\n\r\n<p>Địa chỉ:&nbsp;số 72A Nguyễn Tr&atilde;i, Thanh Xu&acirc;n, H&agrave; Nội</p>\r\n', 'sv3.jpg', '354', 3, 'Minh Công', '2017-05-22', '2018-03-27', 1, NULL, NULL, NULL, NULL, NULL, 'Dịch vụ 1', 'Địa chỉ: số 72A Nguyễn Trãi, Thanh Xuân, Hà Nội', 'dich-vu-1', 'Thi công rèm', NULL, ''),
(60, 'Dịch vụ 4', 'Địa chỉ: số 72A Nguyễn Trãi, Thanh Xuân, Hà Nội', '<h3>CHI TIẾT DỰ &Aacute;N</h3>\r\n\r\n<p>Địa chỉ:&nbsp;số 72A Nguyễn Tr&atilde;i, Thanh Xu&acirc;n, H&agrave; Nội</p>\r\n', 'sv2.jpg', '354', 4, 'Minh Công', '2017-05-22', '2018-03-27', 1, NULL, NULL, NULL, NULL, NULL, 'Dịch vụ 4', 'Địa chỉ: số 72A Nguyễn Trãi, Thanh Xuân, Hà Nội', 'dich-vu-4', 'Thi công rèm', NULL, ''),
(61, 'Dịch vụ 5', 'Pellentesque habitant morbi tristique senectus et netus et malesuada fames ac turpis\r\n                            egestas. Vestibulum tortor quam, feugiat vitae, ultricies eget.', '<h3>CHI TIẾT DỰ &Aacute;N</h3>\r\n\r\n<p>Địa chỉ:&nbsp;số 72A Nguyễn Tr&atilde;i, Thanh Xu&acirc;n, H&agrave; Nội</p>\r\n', 'sv1.jpg', '354', 4, 'Minh Công', '2017-05-22', '2018-03-29', 1, NULL, NULL, NULL, NULL, NULL, 'Dịch vụ 5', 'Địa chỉ: số 72A Nguyễn Trãi, Thanh Xuân, Hà Nội', 'dich-vu-5', 'Thi công rèm', NULL, '');

-- --------------------------------------------------------

--
-- Cấu trúc bảng cho bảng `servicecat`
--

CREATE TABLE `servicecat` (
  `servicecat_id` int(11) NOT NULL,
  `servicecat_name` varchar(255) COLLATE utf8_unicode_ci DEFAULT NULL,
  `servicecat_des` text COLLATE utf8_unicode_ci,
  `servicecat_content` text COLLATE utf8_unicode_ci,
  `servicecat_parent` int(11) DEFAULT NULL,
  `servicecat_sort_order` int(11) DEFAULT NULL,
  `servicecat_created_date` date DEFAULT NULL,
  `servicecat_update_date` date DEFAULT NULL,
  `state` int(11) DEFAULT '1',
  `servicecat_img` varchar(255) COLLATE utf8_unicode_ci DEFAULT NULL,
  `servicecat_sub_infor1` text COLLATE utf8_unicode_ci,
  `servicecat_sub_infor2` text COLLATE utf8_unicode_ci,
  `servicecat_sub_infor3` text COLLATE utf8_unicode_ci,
  `servicecat_sub_infor4` text COLLATE utf8_unicode_ci,
  `servicecat_sub_infor5` text COLLATE utf8_unicode_ci,
  `title_seo` varchar(255) COLLATE utf8_unicode_ci DEFAULT NULL,
  `des_seo` text COLLATE utf8_unicode_ci,
  `friendly_url` varchar(255) COLLATE utf8_unicode_ci DEFAULT NULL,
  `keyword` varchar(255) COLLATE utf8_unicode_ci DEFAULT NULL,
  `created_id` int(11) DEFAULT NULL
) ENGINE=InnoDB DEFAULT CHARSET=utf8 COLLATE=utf8_unicode_ci;

--
-- Đang đổ dữ liệu cho bảng `servicecat`
--

INSERT INTO `servicecat` (`servicecat_id`, `servicecat_name`, `servicecat_des`, `servicecat_content`, `servicecat_parent`, `servicecat_sort_order`, `servicecat_created_date`, `servicecat_update_date`, `state`, `servicecat_img`, `servicecat_sub_infor1`, `servicecat_sub_infor2`, `servicecat_sub_infor3`, `servicecat_sub_infor4`, `servicecat_sub_infor5`, `title_seo`, `des_seo`, `friendly_url`, `keyword`, `created_id`) VALUES
(3, 'Danh mục dịch vụ 1', '<p>M&ocirc; tả Danh mục dịch vụ 1</p>\r\n', '', 0, 0, '2017-12-03', NULL, 1, 'sv2.jpg', NULL, NULL, NULL, NULL, NULL, 'Danh mục dịch vụ 1', '', 'danh-muc-dich-vu-1', '', 1),
(4, 'Danh mục dịch vụ 2', '<p>M&ocirc; tả Danh mục dịch vụ 2</p>\r\n', '', 0, 0, '2018-03-29', NULL, 1, 'sv1.jpg', NULL, NULL, NULL, NULL, NULL, 'Danh mục dịch vụ 2', '', 'danh-muc-dich-vu-2', '', 1);

-- --------------------------------------------------------

--
-- Cấu trúc bảng cho bảng `servicecat_languages`
--

CREATE TABLE `servicecat_languages` (
  `id` int(11) NOT NULL,
  `lang_servicecat_name` varchar(255) COLLATE utf8_unicode_ci DEFAULT NULL,
  `lang_servicecat_des` text COLLATE utf8_unicode_ci,
  `lang_servicecat_content` text COLLATE utf8_unicode_ci,
  `state` int(11) DEFAULT '1',
  `lang_servicecat_sub_infor1` text COLLATE utf8_unicode_ci,
  `lang_servicecat_sub_infor2` text COLLATE utf8_unicode_ci,
  `lang_servicecat_sub_infor3` text COLLATE utf8_unicode_ci,
  `lang_servicecat_sub_infor4` text COLLATE utf8_unicode_ci,
  `lang_servicecat_sub_infor5` text COLLATE utf8_unicode_ci,
  `title_seo` varchar(255) COLLATE utf8_unicode_ci DEFAULT NULL,
  `des_seo` text COLLATE utf8_unicode_ci,
  `friendly_url` varchar(255) COLLATE utf8_unicode_ci DEFAULT NULL,
  `keyword` varchar(255) COLLATE utf8_unicode_ci DEFAULT NULL,
  `created_id` int(11) DEFAULT NULL,
  `languages_code` varchar(255) COLLATE utf8_unicode_ci DEFAULT NULL,
  `servicecat_id` int(11) DEFAULT NULL
) ENGINE=InnoDB DEFAULT CHARSET=utf8 COLLATE=utf8_unicode_ci;

--
-- Đang đổ dữ liệu cho bảng `servicecat_languages`
--

INSERT INTO `servicecat_languages` (`id`, `lang_servicecat_name`, `lang_servicecat_des`, `lang_servicecat_content`, `state`, `lang_servicecat_sub_infor1`, `lang_servicecat_sub_infor2`, `lang_servicecat_sub_infor3`, `lang_servicecat_sub_infor4`, `lang_servicecat_sub_infor5`, `title_seo`, `des_seo`, `friendly_url`, `keyword`, `created_id`, `languages_code`, `servicecat_id`) VALUES
(5, 'Danh mục dịch vụ 1', '<p>M&ocirc; tả Danh mục dịch vụ 1</p>\r\n', NULL, 1, NULL, NULL, NULL, NULL, NULL, 'Danh mục dịch vụ 1', '', 'danh-muc-dich-vu-1', '', NULL, 'vn', 3),
(6, 'Dịch vụ', '', '', 1, NULL, NULL, NULL, NULL, NULL, 'Dịch vụ', '', 'dich-vu', '', NULL, 'en', 3),
(7, 'Danh mục dịch vụ 2', '<p>M&ocirc; tả Danh mục dịch vụ 2</p>\r\n', '1', 1, '', '', '', '', '', 'Danh mục dịch vụ 2', '', 'danh-muc-dich-vu-2', '', NULL, 'vn', 4),
(8, 'category service 2', '<p>M&ocirc; tả Danh mục dịch vụ 2 en</p>\r\n', '1', 1, '', '', '', '', '', 'Danh mục dịch vụ 2 en', 'en', 'category-service-2', 'en', NULL, 'en', 4);

-- --------------------------------------------------------

--
-- Cấu trúc bảng cho bảng `servicetag`
--

CREATE TABLE `servicetag` (
  `servicetag_id` int(11) NOT NULL,
  `servicetag_name` varchar(225) CHARACTER SET utf8 COLLATE utf8_unicode_ci NOT NULL,
  `servicetag_des` text CHARACTER SET utf8 COLLATE utf8_unicode_ci NOT NULL,
  `servicetag_content` text CHARACTER SET utf8 COLLATE utf8_unicode_ci NOT NULL,
  `servicetag_sort_order` int(11) NOT NULL,
  `servicetag_created_date` datetime NOT NULL,
  `servicetag_update_date` datetime NOT NULL,
  `state` int(11) NOT NULL,
  `servicetag_img` varchar(225) CHARACTER SET utf8 COLLATE utf8_unicode_ci NOT NULL,
  `servicetag_sub_info1` text CHARACTER SET utf8 COLLATE utf8_unicode_ci NOT NULL,
  `servicetag_sub_info2` text CHARACTER SET utf8 COLLATE utf8_unicode_ci NOT NULL,
  `servicttag_sub_info3` text CHARACTER SET utf8 COLLATE utf8_unicode_ci NOT NULL,
  `servicetag_sub_info4` text CHARACTER SET utf8 COLLATE utf8_unicode_ci NOT NULL,
  `servicetag_sub_info5` text CHARACTER SET utf8 COLLATE utf8_unicode_ci NOT NULL,
  `title_seo` varchar(225) CHARACTER SET utf8 COLLATE utf8_unicode_ci NOT NULL,
  `des_seo` text CHARACTER SET utf8 COLLATE utf8_unicode_ci NOT NULL,
  `friendly_url` varchar(225) CHARACTER SET utf8 COLLATE utf8_unicode_ci NOT NULL,
  `keyword` varchar(225) CHARACTER SET utf8 COLLATE utf8_unicode_ci NOT NULL,
  `created_id` int(11) NOT NULL
) ENGINE=InnoDB DEFAULT CHARSET=latin1;

--
-- Đang đổ dữ liệu cho bảng `servicetag`
--

INSERT INTO `servicetag` (`servicetag_id`, `servicetag_name`, `servicetag_des`, `servicetag_content`, `servicetag_sort_order`, `servicetag_created_date`, `servicetag_update_date`, `state`, `servicetag_img`, `servicetag_sub_info1`, `servicetag_sub_info2`, `servicttag_sub_info3`, `servicetag_sub_info4`, `servicetag_sub_info5`, `title_seo`, `des_seo`, `friendly_url`, `keyword`, `created_id`) VALUES
(4, 'hot', '', '', 0, '2017-12-13 15:12:00', '2017-12-13 15:12:00', 1, '', '', '', '', '', '', 'hot', '', 'hot', '', 1),
(5, 'sale', '', '', 0, '2017-12-13 15:12:12', '2017-12-13 15:12:12', 1, '', '', '', '', '', '', 'sale', '', 'sale', '', 1);

-- --------------------------------------------------------

--
-- Cấu trúc bảng cho bảng `servicetag_languages`
--

CREATE TABLE `servicetag_languages` (
  `id` int(11) NOT NULL,
  `servicetag_id` int(11) NOT NULL,
  `languages_code` varchar(225) CHARACTER SET utf8 COLLATE utf8_unicode_ci NOT NULL,
  `lang_servicetag_name` varchar(225) CHARACTER SET utf8 COLLATE utf8_unicode_ci NOT NULL,
  `lang_servicetag_des` text CHARACTER SET utf8 COLLATE utf8_unicode_ci NOT NULL,
  `lang_servicetag_content` text CHARACTER SET utf8 COLLATE utf8_unicode_ci NOT NULL,
  `lang_servicetag_sub_info1` text CHARACTER SET utf8 COLLATE utf8_unicode_ci NOT NULL,
  `lang_servicetag_sub_info2` text CHARACTER SET utf8 COLLATE utf8_unicode_ci NOT NULL,
  `lang_servicetag_sub_info3` text CHARACTER SET utf8 COLLATE utf8_unicode_ci NOT NULL,
  `lang_servicetag_sub_info4` text CHARACTER SET utf8 COLLATE utf8_unicode_ci NOT NULL,
  `lang_servicetag_sub_info5` text CHARACTER SET utf8 COLLATE utf8_unicode_ci NOT NULL,
  `title_seo` varchar(225) CHARACTER SET utf8 COLLATE utf8_unicode_ci NOT NULL,
  `des_seo` text CHARACTER SET utf8 COLLATE utf8_unicode_ci NOT NULL,
  `keyword` varchar(225) CHARACTER SET utf8 COLLATE utf8_unicode_ci NOT NULL,
  `friendly_url` varchar(225) CHARACTER SET utf8 COLLATE utf8_unicode_ci NOT NULL,
  `state` int(11) NOT NULL
) ENGINE=InnoDB DEFAULT CHARSET=latin1;

--
-- Đang đổ dữ liệu cho bảng `servicetag_languages`
--

INSERT INTO `servicetag_languages` (`id`, `servicetag_id`, `languages_code`, `lang_servicetag_name`, `lang_servicetag_des`, `lang_servicetag_content`, `lang_servicetag_sub_info1`, `lang_servicetag_sub_info2`, `lang_servicetag_sub_info3`, `lang_servicetag_sub_info4`, `lang_servicetag_sub_info5`, `title_seo`, `des_seo`, `keyword`, `friendly_url`, `state`) VALUES
(4, 4, 'vn', 'hot', '', '', '', '', '', '', '', 'hot', '', 'keyword', 'hot', 1),
(5, 4, 'en', 'hot', '', '', '', '', '', '', '', 'hot', '', 'keyword', 'hot', 1),
(6, 5, 'vn', 'sale', '<p>1</p>\r\n', '', '', '', '', '', '', 'sale', '', 'keyword', 'sale', 1),
(7, 5, 'en', 'sale', '<p>2</p>\r\n', '', '', '', '', '', '', 'sale', '', 'keyword', 'sale', 1);

-- --------------------------------------------------------

--
-- Cấu trúc bảng cho bảng `service_arr`
--

CREATE TABLE `service_arr` (
  `id` int(11) NOT NULL,
  `time` varchar(100) CHARACTER SET utf8 COLLATE utf8_unicode_ci NOT NULL,
  `passangers` varchar(100) CHARACTER SET utf8 COLLATE utf8_unicode_ci NOT NULL,
  `children` varchar(100) CHARACTER SET utf8 COLLATE utf8_unicode_ci NOT NULL,
  `price` varchar(200) CHARACTER SET utf8 COLLATE utf8_unicode_ci NOT NULL,
  `date` varchar(100) CHARACTER SET utf8 COLLATE utf8_unicode_ci NOT NULL,
  `number` varchar(200) CHARACTER SET utf8 COLLATE utf8_unicode_ci NOT NULL,
  `cabin` varchar(100) CHARACTER SET utf8 COLLATE utf8_unicode_ci NOT NULL,
  `message` varchar(500) CHARACTER SET utf8 COLLATE utf8_unicode_ci NOT NULL,
  `name` varchar(200) CHARACTER SET utf8 COLLATE utf8_unicode_ci NOT NULL,
  `mobile` varchar(200) CHARACTER SET utf8 COLLATE utf8_unicode_ci NOT NULL,
  `infor` text CHARACTER SET utf8 COLLATE utf8_unicode_ci NOT NULL,
  `code` varchar(200) CHARACTER SET utf8 COLLATE utf8_unicode_ci NOT NULL
) ENGINE=InnoDB DEFAULT CHARSET=latin1;

-- --------------------------------------------------------

--
-- Cấu trúc bảng cho bảng `service_cn2f`
--

CREATE TABLE `service_cn2f` (
  `id` int(11) NOT NULL,
  `time_arr` varchar(200) CHARACTER SET utf8 COLLATE utf8_unicode_ci NOT NULL,
  `date_arr` varchar(200) CHARACTER SET utf8 COLLATE utf8_unicode_ci NOT NULL,
  `numbe_arr` varchar(200) CHARACTER SET utf8 COLLATE utf8_unicode_ci NOT NULL,
  `cabin_arr` varchar(200) CHARACTER SET utf8 COLLATE utf8_unicode_ci NOT NULL,
  `time_dep` varchar(200) CHARACTER SET utf8 COLLATE utf8_unicode_ci NOT NULL,
  `date_dep` varchar(200) CHARACTER SET utf8 COLLATE utf8_unicode_ci NOT NULL,
  `number_dep` varchar(200) CHARACTER SET utf8 COLLATE utf8_unicode_ci NOT NULL,
  `cabin_dep` varchar(200) CHARACTER SET utf8 COLLATE utf8_unicode_ci NOT NULL,
  `passengers` varchar(200) CHARACTER SET utf8 COLLATE utf8_unicode_ci NOT NULL,
  `children` varchar(200) CHARACTER SET utf8 COLLATE utf8_unicode_ci NOT NULL,
  `message` varchar(500) CHARACTER SET utf8 COLLATE utf8_unicode_ci NOT NULL,
  `name` varchar(300) CHARACTER SET utf8 COLLATE utf8_unicode_ci NOT NULL,
  `mobile` varchar(200) CHARACTER SET utf8 COLLATE utf8_unicode_ci NOT NULL,
  `infor` text CHARACTER SET utf8 COLLATE utf8_unicode_ci NOT NULL,
  `price` varchar(500) CHARACTER SET utf8 COLLATE utf8_unicode_ci NOT NULL,
  `code` varchar(200) CHARACTER SET utf8 COLLATE utf8_unicode_ci NOT NULL
) ENGINE=InnoDB DEFAULT CHARSET=latin1;

-- --------------------------------------------------------

--
-- Cấu trúc bảng cho bảng `service_languages`
--

CREATE TABLE `service_languages` (
  `id` int(11) NOT NULL,
  `languages_code` varchar(255) COLLATE utf8_unicode_ci DEFAULT NULL,
  `lang_service_name` varchar(255) COLLATE utf8_unicode_ci DEFAULT NULL,
  `lang_service_des` text COLLATE utf8_unicode_ci,
  `lang_service_content` text COLLATE utf8_unicode_ci,
  `lang_service_author` varchar(255) COLLATE utf8_unicode_ci DEFAULT NULL,
  `state` int(11) DEFAULT '1',
  `service_sub_infor1` text COLLATE utf8_unicode_ci,
  `service_sub_infor2` text COLLATE utf8_unicode_ci,
  `service_sub_infor3` text COLLATE utf8_unicode_ci,
  `service_sub_infor4` text COLLATE utf8_unicode_ci,
  `service_sub_infor5` text COLLATE utf8_unicode_ci,
  `title_seo` varchar(255) COLLATE utf8_unicode_ci DEFAULT NULL,
  `des_seo` text COLLATE utf8_unicode_ci,
  `friendly_url` varchar(255) COLLATE utf8_unicode_ci DEFAULT NULL,
  `keyword` varchar(255) COLLATE utf8_unicode_ci DEFAULT NULL,
  `created_id` int(11) DEFAULT NULL,
  `service_id` int(11) DEFAULT NULL
) ENGINE=InnoDB DEFAULT CHARSET=utf8 COLLATE=utf8_unicode_ci;

--
-- Đang đổ dữ liệu cho bảng `service_languages`
--

INSERT INTO `service_languages` (`id`, `languages_code`, `lang_service_name`, `lang_service_des`, `lang_service_content`, `lang_service_author`, `state`, `service_sub_infor1`, `service_sub_infor2`, `service_sub_infor3`, `service_sub_infor4`, `service_sub_infor5`, `title_seo`, `des_seo`, `friendly_url`, `keyword`, `created_id`, `service_id`) VALUES
(69, 'vn', 'Dịch vụ 3', 'Địa chỉ: số 72A Nguyễn Trãi, Thanh Xuân, Hà Nội', '<h3>CHI TIẾT DỰ &Aacute;N</h3>\r\n\r\n<p>Địa chỉ:&nbsp;số 72A Nguyễn Tr&atilde;i, Thanh Xu&acirc;n, H&agrave; Nội</p>\r\n\r\n<p>&nbsp;</p>\r\n\r\n<p>The Automotive Aftermarket Business Division is responsible for our replacement parts business worldwide and delivers innovative repair solutions in original-equipment quality. With our four brands LuK, INA, FAG, and Ruville, we offer clutch and release systems, engine and transmission applications, as well as chassis applications. All components are optimally tuned to work together and allow for fast and professional replacement.</p>\r\n\r\n<p><img alt=\"\" height=\"563\" src=\"/image/images/Ubuntu_wall_4_by_RPMan_Art.png\" style=\"float:left\" width=\"900\" /></p>\r\n\r\n<p>What&rsquo;s more, our REPXPERT brand focuses on comprehensive services for garages, such as conducting practical-oriented training courses, providing support for repair with our hotline, our online garage portal and developing special tools</p>\r\n', NULL, 1, NULL, NULL, NULL, NULL, NULL, 'Dịch vụ 3', 'Địa chỉ: số 72A Nguyễn Trãi, Thanh Xuân, Hà Nội', 'dich-vu-3', 'Thi công rèm', NULL, 57),
(70, 'en', 'Thi công rèm chung cư Roal City', 'Địa chỉ: số 72A Nguyễn Trãi, Thanh Xuân, Hà Nội', '<h3>CHI TIẾT DỰ &Aacute;N</h3>\r\n\r\n<p>Địa chỉ:&nbsp;số 72A Nguyễn Tr&atilde;i, Thanh Xu&acirc;n, H&agrave; Nội</p>\r\n', NULL, 1, NULL, NULL, NULL, NULL, NULL, 'Thi công rèm chung cư Roal City', 'Địa chỉ: số 72A Nguyễn Trãi, Thanh Xuân, Hà Nội', 'thi-cong-rem-chung-cu-roal-city', 'Thi công rèm', NULL, 57),
(71, 'vn', 'Dịch vụ 2', 'Địa chỉ: số 72A Nguyễn Trãi, Thanh Xuân, Hà Nội', '<h3>CHI TIẾT DỰ &Aacute;N</h3>\r\n\r\n<p>Địa chỉ:&nbsp;số 72A Nguyễn Tr&atilde;i, Thanh Xu&acirc;n, H&agrave; Nội</p>\r\n', NULL, 1, NULL, NULL, NULL, NULL, NULL, 'Dịch vụ 2', 'Địa chỉ: số 72A Nguyễn Trãi, Thanh Xuân, Hà Nội', 'dich-vu-2', 'Thi công rèm', NULL, 58),
(72, 'en', 'Thi công rèm chung cư Vimcom Bà Triệu', 'Địa chỉ: số 72A Nguyễn Trãi, Thanh Xuân, Hà Nội', '<h3>CHI TIẾT DỰ &Aacute;N</h3>\r\n\r\n<p>Địa chỉ:&nbsp;số 72A Nguyễn Tr&atilde;i, Thanh Xu&acirc;n, H&agrave; Nội</p>\r\n', NULL, 1, NULL, NULL, NULL, NULL, NULL, 'Thi công rèm chung cư Vimcom Bà Triệu', 'Địa chỉ: số 72A Nguyễn Trãi, Thanh Xuân, Hà Nội', 'thi-cong-rem-chung-cu-vimcom-ba-trieu', 'Thi công rèm', NULL, 58),
(73, 'vn', 'Dịch vụ 1', 'Địa chỉ: số 72A Nguyễn Trãi, Thanh Xuân, Hà Nội', '<h3>CHI TIẾT DỰ &Aacute;N</h3>\r\n\r\n<p>Địa chỉ:&nbsp;số 72A Nguyễn Tr&atilde;i, Thanh Xu&acirc;n, H&agrave; Nội</p>\r\n', NULL, 1, '', '', '', '', '', 'Dịch vụ 1', 'Địa chỉ: số 72A Nguyễn Trãi, Thanh Xuân, Hà Nội', 'dich-vu-1', 'Thi công rèm', NULL, 59),
(74, 'en', 'Thi công rèm khu đô thị Ecopark', 'Địa chỉ: số 72A Nguyễn Trãi, Thanh Xuân, Hà Nội', '<h3>CHI TIẾT DỰ ÁN</h3>\r\n\r\n<p>Địa chỉ: số 72A Nguyễn Trãi, Thanh Xuân, Hà Nội</p>\r\n', NULL, 1, '', '', '', '', '', 'Thi công rèm khu đô thị Ecopark', 'Địa chỉ: số 72A Nguyễn Trãi, Thanh Xuân, Hà Nội', 'thi-cong-rem-khu-do-thi-ecopark', 'Thi công rèm', NULL, 59),
(75, 'vn', 'Dịch vụ 4', 'Địa chỉ: số 72A Nguyễn Trãi, Thanh Xuân, Hà Nội', '<h3>CHI TIẾT DỰ &Aacute;N</h3>\r\n\r\n<p>Địa chỉ:&nbsp;số 72A Nguyễn Tr&atilde;i, Thanh Xu&acirc;n, H&agrave; Nội</p>\r\n', NULL, 1, NULL, NULL, NULL, NULL, NULL, 'Dịch vụ 4', 'Địa chỉ: số 72A Nguyễn Trãi, Thanh Xuân, Hà Nội', 'dich-vu-4', 'Thi công rèm', NULL, 60),
(76, 'en', 'Thi công rèm khách sạn Thắng Lợi', 'Địa chỉ: số 72A Nguyễn Trãi, Thanh Xuân, Hà Nội', '<h3>CHI TIẾT DỰ &Aacute;N</h3>\r\n\r\n<p>Địa chỉ:&nbsp;số 72A Nguyễn Tr&atilde;i, Thanh Xu&acirc;n, H&agrave; Nội</p>\r\n', NULL, 1, NULL, NULL, NULL, NULL, NULL, 'Thi công rèm khách sạn Thắng Lợi', 'Địa chỉ: số 72A Nguyễn Trãi, Thanh Xuân, Hà Nội', 'thi-cong-rem-khach-san-thang-loi', 'Thi công rèm', NULL, 60),
(77, 'vn', 'Dịch vụ 5', 'Pellentesque habitant morbi tristique senectus et netus et malesuada fames ac turpis\r\n                            egestas. Vestibulum tortor quam, feugiat vitae, ultricies eget.', '<h3>CHI TIẾT DỰ &Aacute;N</h3>\r\n\r\n<p>Địa chỉ:&nbsp;số 72A Nguyễn Tr&atilde;i, Thanh Xu&acirc;n, H&agrave; Nội</p>\r\n', NULL, 1, '', '', '', '', '', 'Dịch vụ 5', 'Địa chỉ: số 72A Nguyễn Trãi, Thanh Xuân, Hà Nội', 'dich-vu-5', 'Thi công rèm', NULL, 61),
(78, 'en', 'Thi công rèm chung cư Keangnam', 'Địa chỉ: số 72A Nguyễn Trãi, Thanh Xuân, Hà Nội', '<h3>CHI TIẾT DỰ &Aacute;N</h3>\r\n\r\n<p>Địa chỉ:&nbsp;số 72A Nguyễn Tr&atilde;i, Thanh Xu&acirc;n, H&agrave; Nội en</p>\r\n', NULL, 1, '', '', '', '', '', 'Thi công rèm chung cư Keangnam en', 'Địa chỉ: số 72A Nguyễn Trãi, Thanh Xuân, Hà Nội en', 'thi-cong-rem-chung-cu-keangnam', 'Thi công rèm en', NULL, 61);

-- --------------------------------------------------------

--
-- Cấu trúc bảng cho bảng `size`
--

CREATE TABLE `size` (
  `size_id` bigint(20) NOT NULL,
  `size_name` varchar(255) COLLATE utf8_unicode_ci DEFAULT NULL,
  `size_stock` int(11) DEFAULT NULL,
  `size_price` double DEFAULT NULL,
  `color_id` bigint(20) DEFAULT NULL,
  `product_id` int(11) DEFAULT NULL
) ENGINE=InnoDB DEFAULT CHARSET=utf8 COLLATE=utf8_unicode_ci;

-- --------------------------------------------------------

--
-- Cấu trúc bảng cho bảng `user`
--

CREATE TABLE `user` (
  `id` int(11) NOT NULL,
  `name` varchar(300) CHARACTER SET utf8 COLLATE utf8_unicode_ci NOT NULL,
  `email` varchar(300) CHARACTER SET utf8 COLLATE utf8_unicode_ci NOT NULL,
  `phone` varchar(100) CHARACTER SET utf8 COLLATE utf8_unicode_ci NOT NULL,
  `address` text CHARACTER SET utf8 COLLATE utf8_unicode_ci NOT NULL,
  `password` varchar(200) CHARACTER SET utf8 COLLATE utf8_unicode_ci NOT NULL,
  `time` int(11) NOT NULL,
  `state` int(11) NOT NULL,
  `ask` text CHARACTER SET utf8 COLLATE utf8_unicode_ci NOT NULL,
  `remember_me_identify` varchar(100) CHARACTER SET utf8 COLLATE utf8_unicode_ci NOT NULL,
  `remember_me_token` varchar(100) CHARACTER SET utf8 COLLATE utf8_unicode_ci NOT NULL
) ENGINE=InnoDB DEFAULT CHARSET=latin1;

--
-- Đang đổ dữ liệu cho bảng `user`
--

INSERT INTO `user` (`id`, `name`, `email`, `phone`, `address`, `password`, `time`, `state`, `ask`, `remember_me_identify`, `remember_me_token`) VALUES
(2, 'tuấn', 'tuan@gmail.com', '', '', '$2y$10$wdnN11fxXW3l8EsrLFw.dO9cqXkauMDWqP6uHCOMbCpHmO1RfNliW', 1522481393, 0, '$2y$10$5a6WHI22mhsJYsqUkbNwRu2oYvUBZx3sczllyXrOfRxcJMC3di9.C', 'ZWtj8JHg6w3Bdl2Al55r', 'qp0spBDGkTBsUgL7UwR6JMb3rynFdi'),
(3, 'Hang Pham Thuy', 'ngockhanh260614@gmail.com', '', '', '$2y$10$NwYcJ4ghIeyYAfA4t0ybDOLRJMDR36NCwbYvC7ovfbd4Ud2lEdpvy', 1522547225, 0, '$2y$10$LtebjXh2lcMwOisCGQlt2.OzWr8KzP4aj8gKVc1YKXWQ3Kf6VKLb2', 'OZEr5uhB2gOAwUik7iup', 'gw5ZZhELx8KkgW1tDNCkzcUTjraq55'),
(4, 'Forever Love', 'viethung95cute@gmail.com', '', '', '$2y$10$yRp9Fxabh.SJlyc4spjWEu/surAdi2h4zAEgMLGefi3jlRk04nDK2', 1522597390, 0, '$2y$10$Hn2qDd5Kcn9eIcFYEdfKwOVFswYGYw.lCioBcX/uN1y1pFjUmzpDy', '', ''),
(5, 'tung', 'phungquangtung1995@gmail.com', '', '', '$2y$10$mIVHRmLm6m2CJu2nsgNffug9fwJdmOlZfKYqMnUFgZ7nwSVxD6J1S', 1522752706, 0, '$2y$10$iJpOTqVyaCxpT.kaytB1c.v2LizdbDoWDtofkKq0ZNRpwq9lO0J/2', 'cirjHMDjGW2BcmVV3q8H', '4omP5Wubl5qF0XfKes412wRvtqKWpj');

-- --------------------------------------------------------

--
-- Cấu trúc bảng cho bảng `user1`
--

CREATE TABLE `user1` (
  `user_id` int(11) NOT NULL,
  `user_name` varchar(255) COLLATE utf8_unicode_ci DEFAULT NULL,
  `user_email` varchar(255) COLLATE utf8_unicode_ci DEFAULT NULL,
  `user_phone` varchar(255) COLLATE utf8_unicode_ci DEFAULT NULL,
  `user_address` text COLLATE utf8_unicode_ci,
  `user_password` text COLLATE utf8_unicode_ci,
  `created_date` datetime DEFAULT NULL,
  `state` int(11) DEFAULT '1'
) ENGINE=InnoDB DEFAULT CHARSET=utf8 COLLATE=utf8_unicode_ci;

--
-- Đang đổ dữ liệu cho bảng `user1`
--

INSERT INTO `user1` (`user_id`, `user_name`, `user_email`, `user_phone`, `user_address`, `user_password`, `created_date`, `state`) VALUES
(1, 'mystery078', 'tung92.ns@gmail.com', '01658824321', '', '$2y$10$zjlyFYq6vJ6TXeQVsOh/1esNuHFTf23SE62fvXVvyUAYvzxyCNzv6', '2017-03-12 02:03:39', 1),
(2, 'manh', 'manh@gmail.com', '0123434', '', '$2y$10$8JKJKBN1HlCxSIR6nv39pedRpujNWEOOQ9ePRT07j4x2F4blrAfA2', '2017-03-23 15:03:28', 1),
(3, 'tuấn', 'tuan@gmail.com', '01669', 'Hà Nội', 'c4ca4238a0b923820dcc509a6f75849b', NULL, 1),
(4, 'Hùng', 'hung@gmail.com', '01666', 'Hồ chí minh', 'c4ca4238a0b923820dcc509a6f75849b', '2017-11-22 18:05:16', 1),
(5, 'loan', 'loan@gmail.com', '', '', 'c4ca4238a0b923820dcc509a6f75849b', '2017-11-23 10:33:10', 1),
(6, 'anh', 'anh@gmail.com', '', '', 'c4ca4238a0b923820dcc509a6f75849b', '2017-11-26 09:42:49', 1),
(7, 'tuấn', 'tuan1@gmail.com', '', '', 'c4ca4238a0b923820dcc509a6f75849b', '2017-12-14 11:44:52', 1);

-- --------------------------------------------------------

--
-- Cấu trúc bảng cho bảng `user_online`
--

CREATE TABLE `user_online` (
  `tgtmp` int(15) NOT NULL DEFAULT '0',
  `ip` varchar(50) COLLATE utf8_unicode_ci NOT NULL,
  `local` varchar(100) COLLATE utf8_unicode_ci NOT NULL
) ENGINE=InnoDB DEFAULT CHARSET=utf8 COLLATE=utf8_unicode_ci;

-- --------------------------------------------------------

--
-- Cấu trúc bảng cho bảng `visa`
--

CREATE TABLE `visa` (
  `id` int(11) NOT NULL,
  `type` varchar(100) NOT NULL,
  `country` varchar(200) NOT NULL,
  `purpose` int(11) NOT NULL,
  `month` int(11) NOT NULL,
  `check_in` varchar(100) NOT NULL,
  `check_out` varchar(100) NOT NULL,
  `during` int(11) NOT NULL,
  `arrival_port` varchar(300) NOT NULL,
  `service` int(11) NOT NULL,
  `airport_fasttrack` int(11) NOT NULL,
  `at` timestamp NOT NULL DEFAULT CURRENT_TIMESTAMP ON UPDATE CURRENT_TIMESTAMP,
  `price` float NOT NULL,
  `name` varchar(300) CHARACTER SET utf8 COLLATE utf8_unicode_ci NOT NULL,
  `gender` int(11) NOT NULL,
  `birthday` varchar(100) NOT NULL,
  `passport_number` varchar(300) CHARACTER SET utf8 COLLATE utf8_unicode_ci NOT NULL,
  `passport_expiry` varchar(100) NOT NULL,
  `email1` varchar(200) NOT NULL,
  `email2` varchar(200) NOT NULL,
  `phone` varchar(100) NOT NULL,
  `request` text CHARACTER SET utf8 COLLATE utf8_unicode_ci NOT NULL
) ENGINE=InnoDB DEFAULT CHARSET=latin1;

--
-- Đang đổ dữ liệu cho bảng `visa`
--

INSERT INTO `visa` (`id`, `type`, `country`, `purpose`, `month`, `check_in`, `check_out`, `during`, `arrival_port`, `service`, `airport_fasttrack`, `at`, `price`, `name`, `gender`, `birthday`, `passport_number`, `passport_expiry`, `email1`, `email2`, `phone`, `request`) VALUES
(1, 'normal', 'Afghanistan', 2, 0, '07/05/2018', '07/05/2018', 3, 'Tan Son Nhat (Ho Chi Minh city)', 0, 0, '0000-00-00 00:00:00', 0, '', 0, '', '', '', '', '', '', ''),
(2, 'normal', '', 1, 0, '22/05/2018', '22/05/2018', 2, 'Noi Bai (Hanoi city)', 0, 0, '2018-05-22 06:03:16', 0, '', 0, '', '', '', '', '', '', ''),
(3, 'normal', 'Bahamas', 2, 0, '22/05/2018', '22/05/2018', 4, 'Noi Bai (Hanoi city)', 0, 0, '2018-05-22 06:12:34', 0, '', 0, '', '', '', '', '', '', ''),
(4, 'normal', 'Vietnam', 1, 0, '22/05/2018', '22/05/2018', 4, 'Noi Bai (Hanoi city)', 0, 0, '2018-05-22 07:35:47', 0, '', 0, '', '', '', '', '', '', ''),
(5, 'normal', 'Uzbekistan', 1, 0, '24/05/2018', '02/06/2018', 6, 'Noi Bai (Hanoi city)', 0, 0, '2018-05-22 07:42:17', 0, '', 0, '', '', '', '', '', '', ''),
(6, 'normal', 'American Samoa', 1, 0, '24/05/2018', '22/05/2018', 1, 'Noi Bai (Hanoi city)', 0, 0, '2018-05-22 10:44:13', 0, '', 0, '', '', '', '', '', '', ''),
(7, 'normal', 'Angola', 2, 0, '22/05/2018', '22/05/2018', 5, 'Hai Phong (HPH)', 0, 0, '2018-05-22 10:48:56', 0, '', 0, '', '', '', '', '', '', ''),
(8, 'normal', 'Albania', 1, 0, '26/05/2018', '27/05/2018', 2, 'Cam Ranh( NhaTrang )', 0, 0, '2018-05-23 02:33:14', 0, '', 0, '', '', '', '', '', '', ''),
(9, 'normal', 'Afghanistan', 1, 0, '23/05/2018', '24/05/2018', 1, 'Noi Bai (Hanoi city)', 0, 0, '2018-05-23 06:27:15', 0, '', 0, '', '', '', '', '', '', ''),
(10, 'Normal', 'Albania', 1, 1, '26/05/2018', '26/05/2018', 1, 'Noi Bai (Hanoi city)', 0, 0, '2018-05-26 03:17:21', 0, '', 0, '', '', '', '', '', '', ''),
(11, 'Normal', 'Albania', 1, 1, '26/05/2018', '26/05/2018', 1, 'Noi Bai (Hanoi city)', 0, 0, '2018-05-26 04:09:08', 10, 'Trương Quang Tuấn', 1, '31-10-1983', '123', 'passport_expiry', 'tuan@gmail.com', 'tuan2@gmail.com', '0123', 'test'),
(12, 'Normal', 'Albania', 1, 1, '26/05/2018', '26/05/2018', 1, 'Noi Bai (Hanoi city)', 0, 0, '2018-05-26 04:34:58', 10, 'Trương Quang Tuấn', 0, '31-10-1983', '123hgf', '2018-05-31', 'tuan@gmail.com', 'tuan2@gmail.com', '0123321', 'test 2'),
(13, 'Normal', 'Albania', 1, 1, '25/06/2018', '25/06/2018', 1, 'Noi Bai (Hanoi city)', 1, 2, '2018-06-25 03:38:36', 45, 'Trương Quang Tuấn', 1, '25-6-2005', '123hgf', '2018-06-25', 'tuan@gmail.com', '', '', ''),
(14, 'Normal', 'Australia', 1, 1, '27/06/2018', '27/06/2018', 1, 'Noi Bai (Hanoi city)', 1, 2, '2018-06-26 23:57:09', 45, 'jason tran', 1, '6-5-2014', '0987387639', '2018-06-27', 'hienhuynh.tigerminigolf@gmail.com', '', '0902928926', 'none'),
(15, 'Normal', 'Australia', 1, 1, '27/06/2018', '27/06/2018', 1, 'Noi Bai (Hanoi city)', 1, 2, '2018-06-26 23:59:50', 45, 'jason tran', 1, '6-5-2014', '0987387639', '2018-06-27', 'hienhuynh.tigerminigolf@gmail.com', '', '0902928926', 'none'),
(16, 'Normal', 'Angola', 1, 1, '27/06/2018', '27/06/2018', 1, 'Noi Bai (Hanoi city)', 1, 2, '2018-06-27 00:06:27', 45, 'jaosn', 0, '6-4-2009', '0987387639', '2018-06-27', 'hienhuynh.tigerminigolf@gmail.com', '', '0902928926', ''),
(17, 'Normal', 'American Samoa', 1, 1, '18/07/2018', '18/07/2018', 1, 'Noi Bai (Hanoi city)', 0, 0, '2018-07-18 16:03:37', 10, 'jason tran', 1, '7-5-2010', '09868178681', '2018-07-20', 'hienhuynh.tigerminigolf@gmail.com', 'hienhuynh.tigerminigolf@gmail.com', '0902928926', ''),
(18, 'Normal', 'Angola', 1, 1, '27/07/2018', '27/07/2018', 3, 'Noi Bai (Hanoi city)', 1, 3, '2018-07-27 01:23:47', 140, 'JAOSN', 1, '5-9-1999', '0987387639', '2018-07-27', 'hienhuynh.tigerminigolf@gmail.com', 'hienhuynh.tigerminigolf@gmail.com', '09980089988', ''),
(19, 'Normal', 'Australia', 1, 1, '27/07/2018', '27/07/2018', 1, 'Noi Bai (Hanoi city)', 0, 3, '2018-07-27 09:04:34', 50, 'Michael', 1, '2-4-2007', '938373392', '2018-07-29', 'hienhuynh.tigerminigolf@gmail.com', 'hienhuynh.tigerminigolf@gmail.com', '932009944', ''),
(20, 'Normal', 'Australia', 1, 1, '27/07/2018', '27/07/2018', 1, 'Noi Bai (Hanoi city)', 0, 3, '2018-07-27 09:04:37', 50, 'Michael', 1, '2-4-2007', '938373392', '2018-07-29', 'hienhuynh.tigerminigolf@gmail.com', 'hienhuynh.tigerminigolf@gmail.com', '932009944', ''),
(21, 'Normal', 'Anguilla', 1, 1, '27/07/2018', '27/07/2018', 1, 'Noi Bai (Hanoi city)', 0, 0, '2018-07-27 13:51:51', 10, 'piip', 1, '16-10-1975', '98571-928', '2018-07-27', 'hienhuynh.tigerminigolf@gmail.com', 'hienhuynh.tigerminigolf@gmail.com', '09348139890', ''),
(22, 'Normal', 'Algeria', 1, 1, '01/08/2018', '01/08/2018', 1, 'Noi Bai (Hanoi city)', 0, 0, '2018-08-01 14:49:46', 180, 'ryan', 0, '6-4-2009', '809078070', '2018-08-01', 'hienhuynh.tigerminigolf@gmail.com', 'hienhuynh.tigerminigolf@gmail.com', '0902928926', ''),
(23, 'Normal', 'Albania', 1, 1, '07/08/2018', '07/08/2018', 1, 'Noi Bai (Hanoi city)', 1, 2, '2018-08-07 04:04:40', 45, 'jason', 0, '3-2-2015', '2888378057920', '2018-08-07', 'hienhuynh.tigerminigolf@gmail.com', 'hienhuynh.tigerminigolf@gmail.com', '284238738', 'fgjfgjkhvdskjf'),
(24, 'Normal', 'Albania', 1, 1, '07/08/2018', '07/08/2018', 1, 'Noi Bai (Hanoi city)', 0, 0, '2018-08-07 04:32:30', 10, 'tuan', 1, '4-3-2013', '123hgf', '2018-08-07', 'tuan@gmail.com', '', '0123', ''),
(25, 'Normal', 'Albania', 1, 1, '07/08/2018', '07/08/2018', 1, 'Noi Bai (Hanoi city)', 0, 0, '2018-08-07 04:40:19', 10, 'tuan', 1, '4-3-2013', '123hgf', '2018-08-07', 'tuan@gmail.com', '', '0123', ''),
(26, 'Normal', 'Albania', 1, 1, '07/08/2018', '07/08/2018', 1, 'Noi Bai (Hanoi city)', 0, 0, '2018-08-07 04:43:37', 10, 'tuan', 1, '4-3-2013', '123hgf', '2018-08-07', 'tuan@gmail.com', '', '0123', ''),
(27, 'Normal', 'Albania', 1, 1, '07/08/2018', '07/08/2018', 1, 'Noi Bai (Hanoi city)', 0, 0, '2018-08-07 04:51:59', 10, 'tuan', 1, '4-3-2013', '123hgf', '2018-08-07', 'tuan@gmail.com', '', '0123', ''),
(28, 'Normal', 'Albania', 1, 1, '07/08/2018', '07/08/2018', 1, 'Noi Bai (Hanoi city)', 0, 0, '2018-08-07 06:43:34', 10, 'tuan', 1, '15-4-2007', '123hgf', '2018-08-07', 'tuan@gmail.com', '', '0123', ''),
(29, 'Normal', 'Argentina', 1, 1, '09/08/2018', '09/08/2018', 1, 'Noi Bai (Hanoi city)', 0, 0, '2018-08-09 09:25:53', 10, 'ryan', 1, '2-1-1982', '0987387639', '2018-08-09', 'hienhuynh.tigerminigolf@gmail.com', 'hienhuynh.tigerminigolf@gmail.com', '0902928926', ''),
(30, 'Normal', 'Bhutan', 1, 1, '11/08/2018', '11/08/2018', 1, 'Noi Bai (Hanoi city)', 0, 0, '2018-08-11 08:07:39', 10, 'ruan', 1, '5-4-2013', '090298296', '2019-08-11', 'hienhuynh.tigerminigolf@gmail.com', 'hienhuynh.tigerminigolf@gmail.com', '0902928926', ''),
(31, 'Normal', 'China', 1, 1, '22/08/2018', '24/08/2018', 1, 'Noi Bai (Hanoi city)', 0, 0, '2018-08-22 06:34:32', 20, 'SHENG MING', 1, '6-10-1988', 'E33817122', '2023-12-01', 'zero.sheng@getinge.com', '', '', ''),
(32, 'Normal', 'China', 1, 1, '22/08/2018', '24/08/2018', 1, 'Noi Bai (Hanoi city)', 0, 0, '2018-08-22 06:34:36', 20, 'SHENG MING', 1, '6-10-1988', 'E33817122', '2023-12-01', 'zero.sheng@getinge.com', '', '', ''),
(33, 'Normal', 'Argentina', 1, 1, '23/08/2018', '23/08/2018', 1, 'Noi Bai (Hanoi city)', 0, 0, '2018-08-23 08:57:41', 10, 'Jason', 0, '2-4-2011', '829722929', '2024-12-20', 'hienhuynh.tigerminigolf@gmail.com', 'hienhuynh.tigerminigolf@gmail.com', '0199181919', ''),
(34, 'Normal', 'Albania', 1, 1, '23/08/2018', '23/08/2018', 1, 'Noi Bai (Hanoi city)', 0, 0, '2018-08-23 09:29:01', 10, 'Trương Quang Tuấn', 1, '5-2-2014', '123hgf', '2018-08-23', 'truongquangtuan3110@gmail.com', '', '0123', ''),
(35, 'Normal', 'Austria', 1, 1, '01/09/2018', '01/09/2018', 1, 'Noi Bai (Hanoi city)', 0, 0, '2018-09-01 05:10:42', 10, 'Ryan Nguyen', 1, '3-4-2005', '0902928926', '2022-09-01', 'hienhuynh.tigerminigolf@gmail.com', 'hienhuynh.tigerminigolf@gmail.com', '0932009949', ''),
(36, 'Normal', 'Austria', 1, 1, '01/09/2018', '01/09/2018', 1, 'Noi Bai (Hanoi city)', 0, 0, '2018-09-01 05:10:49', 10, 'Ryan Nguyen', 1, '3-4-2005', '0902928926', '2022-09-01', 'hienhuynh.tigerminigolf@gmail.com', 'hienhuynh.tigerminigolf@gmail.com', '0932009949', ''),
(37, 'Normal', 'Canada', 1, 1, '02/09/2018', '02/09/2018', 1, 'Noi Bai (Hanoi city)', 0, 0, '2018-09-01 23:11:29', 10, 'Joseph', 1, '10-3-2001', 'cÁgskshdk', '2025-09-02', 'hienhuynh.tigerminigolf@gmail.com', 'hienhuynh.tigerminigolf@gmail.com', '932009944', ''),
(38, 'Normal', 'China', 1, 1, '05/09/2018', '05/09/2018', 1, 'Tan Son Nhat (Ho Chi Minh city)', 0, 0, '2018-09-05 05:26:58', 20, 'PEI,QIANG', 1, '28-3-1981', 'E99060226', '2027-03-15', '576198178@qq.com', '', '15906266392', ''),
(39, 'Normal', 'China', 1, 1, '07/09/2018', '10/10/2018', 3, 'Tan Son Nhat (Ho Chi Minh city)', 0, 0, '2018-09-07 05:19:06', 100, 'ZHANG,JIAN', 1, '24-3-1987', 'EI0763568', '2018-09-07', '1309905659@qq.com', '', '8613776650773', ''),
(40, 'Normal', 'China', 1, 1, '07/09/2018', '07/10/2018', 3, 'Tan Son Nhat (Ho Chi Minh city)', 0, 0, '2018-09-07 05:24:10', 100, 'TANGYANFANG', 0, '27-2-1987', 'G32905577', '', '524680143@qq.com', '', '', ''),
(41, 'Normal', 'Canada', 1, 1, '10/09/2018', '14/09/2018', 3, 'Noi Bai (Hanoi city)', 0, 3, '2018-09-10 05:52:51', 130, 'Carolina Leiva Goyeneche', 0, '31-7-1981', 'HN376715', '2027-04-04', 'carolinaleiva30@yahoo.com', '', '16134157974', 'I require a visa as soon as before 3:15 P.M. as my flight leaves at 3:50p.m'),
(42, 'Normal', 'USA', 1, 1, '10/09/2018', '30/09/2018', 3, 'Noi Bai (Hanoi city)', 0, 0, '2018-09-10 06:26:34', 90, 'Emily Lymberopoulos', 0, '14-4-1996', '523788940', '2024-23-11', 'Emilyly81@gmail.com', 'Christinejmckee@gmail.com', '16187913066', 'ASAP need this. '),
(43, 'Normal', 'USA', 1, 1, '10/09/2018', '30/09/2018', 3, 'Noi Bai (Hanoi city)', 0, 0, '2018-09-10 06:28:08', 90, 'Christine Joy McKee', 0, '10-7-1995', '584209452', '2028-07-25', 'christinejmckee@gmail.com', 'christine.mckee@pepperdine.edu', '18052793266', 'I need this ASAP'),
(44, 'Normal', 'Vietnam', 1, 1, '17/09/2018', '22/09/2018', 4, 'Tan Son Nhat (Ho Chi Minh city)', 0, 2, '2018-09-17 05:28:06', 245, 'OKADAKOHEI', 1, '9-2-1971', 'TS0826924', '2028-05-25', 'miuraseiji13@gmail.com', 'miuraseiji13@gmail.com', '0726366016', ''),
(45, 'Normal', 'Vietnam', 1, 1, '17/09/2018', '22/09/2018', 4, 'Tan Son Nhat (Ho Chi Minh city)', 0, 2, '2018-09-17 05:40:45', 245, 'OKADAKOHEI', 1, '9-2-1971', 'TS0826924', '2028-05-25', 'k.okada@dkk-daimaru.com', 'k.okada@dkk-daimaru.com', '0726366016', ''),
(46, 'Normal', 'China', 1, 1, '25/09/2018', '29/09/2018', 4, 'Tan Son Nhat (Ho Chi Minh city)', 1, 0, '2018-09-25 05:36:49', 240, 'SUNJIE', 0, '17-1-1984', 'G53317542', '2021-07-10', 'margarida1984@126.com', '', '13818160200', ''),
(47, 'Normal', 'Benin', 1, 1, '29/09/2018', '29/09/2018', 1, 'Noi Bai (Hanoi city)', 0, 0, '2018-09-29 03:13:24', 10, 'jason', 1, '7-5-2014', '934792384-80', '2018-09-29', 'hienhuynh.tigerminigolf@gmail.com', 'hienhuynh.tigerminigolf@gmail.com', '09023929237', 'hgflJ'),
(48, 'Normal', 'USA', 1, 1, '29/09/2018', '08/10/2018', 4, 'Tan Son Nhat (Ho Chi Minh city)', 0, 3, '2018-09-29 06:08:09', 260, 'Underwood Laurie Ann', 0, '15-6-1971', '545877624', '2026-05-26', 'cn.luxam@yahoo.com', 'laurie.underwood@airliquide.com', '18521070396', 'the birth year is 1965 your machine doesnt allow birth date past 1971'),
(49, 'Normal', 'USA', 1, 1, '29/09/2018', '08/10/2018', 4, 'Tan Son Nhat (Ho Chi Minh city)', 0, 3, '2018-09-29 06:10:54', 260, 'Underwood Laurie Ann', 0, '15-6-1971', '545877624', '2026-05-26', 'cn.luxam@yahoo.com', 'laurie.underwood@airliquide.com', '18521070396', 'the birth year is 1965 your machine doesnt allow birth date past 1971'),
(50, 'Normal', 'USA', 1, 1, '29/09/2018', '08/10/2018', 4, 'Tan Son Nhat (Ho Chi Minh city)', 0, 3, '2018-09-29 06:10:59', 260, 'Underwood Laurie Ann', 0, '15-6-1971', '545877624', '2026-05-26', 'cn.luxam@yahoo.com', 'laurie.underwood@airliquide.com', '18521070396', 'the birth year is 1965 your machine doesnt allow birth date past 1971'),
(51, 'Normal', 'China', 1, 1, '01/10/2018', '01/10/2018', 4, 'Noi Bai (Hanoi city)', 0, 0, '2018-10-01 08:09:54', 230, 'Jie luan', 0, '28-1-1971', '549942019', '2027-07-19', 'flooring668@gmail.com', 'jluan@slccflooring.com', '6262006982', ''),
(52, 'Normal', 'Taiwan', 1, 2, '04/10/2018', '04/11/2018', 4, 'Noi Bai (Hanoi city)', 0, 0, '2018-10-04 05:45:49', 245, 'HSUSHUHSIN ', 1, '27-2-1982', '314481601', '2027-01-16', 'starsusi@gmail.com', '', '8618717737045', ''),
(53, 'Normal', 'China', 1, 1, '10/10/2018', '14/10/2018', 4, 'Noi Bai (Hanoi city)', 0, 0, '2018-10-10 09:33:20', 230, 'Chen Jian', 1, '5-2-1972', 'EE1247522 ', '2028-08-23', 'chun.wen@bmw.de', '', '008613238812419', ''),
(54, 'Normal', 'China', 1, 1, '11/10/2018', '11/11/2018', 4, 'Noi Bai (Hanoi city)', 0, 2, '2018-10-11 05:47:29', 255, 'GU，HAIJIN', 1, '17-9-1994', 'EE3889486', '2028-09-28', '934150196@qq.com', '', '', ''),
(55, 'Normal', 'China', 1, 1, '11/10/2018', '11/11/2018', 4, 'Noi Bai (Hanoi city)', 0, 2, '2018-10-11 05:49:37', 255, 'GU HAIJIN', 1, '17-9-1994', 'EE3889486', '2028-09-28', '934150196@qq.com', '', '', ''),
(56, 'Normal', 'Armenia', 1, 1, '13/10/2018', '13/10/2018', 1, 'Noi Bai (Hanoi city)', 0, 0, '2018-10-13 11:31:41', 10, 'jason tran', 0, '7-5-2010', '0987387639', '2018-10-25', 'hienhuynh.tigerminigolf@gmail.com', '', '0920192197219', ''),
(57, 'Normal', 'China', 1, 3, '14/10/2018', '13/01/2019', 4, 'Tan Son Nhat (Ho Chi Minh city)', 0, 0, '2018-10-14 05:27:10', 265, 'SHAO HAIJUN', 1, '11-5-1979', 'EA5489033', '2027-06-22', 'maximilian@ruijiavn.com', '', '84961369989', 'URGENT!'),
(58, 'Normal', 'Canada', 1, 1, '14/10/2018', '14/10/2018', 4, 'Noi Bai (Hanoi city)', 0, 0, '2018-10-14 05:49:45', 220, 'David Douglas Andison', 1, '7-7-1959', 'HC903712', '2018-03-27', 'david.andison@bericap.com', 'andrea.andison@gmail.com', '14166482990', ''),
(59, 'Normal', 'Canada', 1, 1, '14/10/2018', '14/10/2018', 4, 'Noi Bai (Hanoi city)', 0, 0, '2018-10-14 05:55:53', 220, 'Andrea Andison', 0, '17-8-1960', 'HK536808', '2026-03-29', 'david.andison@bericap.com', 'andrea.andison@gmail.com', '14166482990', ''),
(60, 'Normal', 'Austria', 1, 1, '16/10/2018', '16/10/2018', 1, 'Noi Bai (Hanoi city)', 0, 0, '2018-10-16 00:48:24', 10, 'ryan', 1, '3-2-2015', '0987387639', '2018-10-16', 'hienhuynh.tigerminigolf@gmail.com', 'hienhuynh.tigerminigolf@gmail.com', '0902928926', ''),
(61, 'Normal', 'Mexico', 1, 1, '18/10/2018', '18/10/2018', 4, 'Noi Bai (Hanoi city)', 0, 0, '2018-10-18 06:08:35', 220, 'Tal amantes chena', 0, '28-3-1964', 'G06255627', '2020-12-27', 'j61aguirre@gmail.com', 'ytalamantes@hotmail.com', '13560053236', 'Send an express visa please '),
(62, 'Normal', 'Mexico', 1, 1, '18/10/2018', '18/10/2018', 4, 'Noi Bai (Hanoi city)', 0, 0, '2018-10-18 06:08:42', 220, 'Tal amantes chena', 0, '28-3-1964', 'G06255627', '2020-12-27', 'j61aguirre@gmail.com', 'ytalamantes@hotmail.com', '13560053236', 'Send an express visa please '),
(63, 'Normal', 'Austria', 1, 1, '21/10/2018', '21/10/2018', 1, 'Noi Bai (Hanoi city)', 0, 0, '2018-10-21 04:40:54', 10, 'Hoan lee', 1, '9-12-2014', '9277282₫', '2018-10-21', 'hienhuynh.tigerminigolf@gmail.com', '', '83639272992', 'Hậh'),
(64, 'Normal', 'Austria', 1, 1, '25/10/2018', '10/11/2018', 4, 'Tan Son Nhat (Ho Chi Minh city)', 0, 2, '2018-10-26 05:33:12', 245, 'Berger Robert ', 1, '10-3-1982', 'U1656241', '2027-05-08', 'zhaoqingyan7@gmail.com', '', '8615618957791', ''),
(65, 'Normal', 'China', 1, 1, '28/10/2018', '27/11/2018', 3, 'Tan Son Nhat (Ho Chi Minh city)', 0, 0, '2018-10-27 09:10:34', 100, 'YU KAILI', 0, '26-6-1994', 'E28098677', '2024-08-06', 'maximilian@ruijiavn.com', 'bdw_666@163.com', '84961369989', 'urgent！！'),
(66, 'Normal', 'Vietnam', 1, 1, '30/10/2018', '30/10/2018', 4, 'Tan Son Nhat (Ho Chi Minh city)', 0, 0, '2018-10-30 07:14:03', 220, 'CHEN,KAI', 1, '30-3-1985', 'E26598539', '2024-07-13', 'info@h-fang.com', '', '13812125227', ''),
(67, 'Normal', 'USA', 1, 1, '31/10/2018', '30/11/2018', 4, 'Noi Bai (Hanoi city)', 0, 0, '2018-10-31 06:07:19', 220, 'Brian Eric seldeaa', 1, '16-3-1969', '548435377', '2026-12-22', 'bselde@yahoo.com', 'bseldeas@aol.com', '19175395054', 'At airport and apac cars not working '),
(68, 'Normal', 'USA', 1, 1, '06/11/2018', '06/11/2018', 1, 'Noi Bai (Hanoi city)', 0, 0, '2018-11-06 05:09:10', 10, 'John Hugh Patterson', 1, '25-5-1949', '555735176', '2018-11-06', 'jo@solreliant.com', '', '15038666437', ''),
(69, 'Normal', 'New Zealand', 1, 1, '10/11/2018', '10/11/2018', 4, 'Noi Bai (Hanoi city)', 0, 0, '2018-11-10 05:53:47', 220, 'Taine  Cheyenne Randell', 1, '5-11-1974', 'LM690168', '2028-05-21', 'taine@kiwigarden.co.nz', 'taine@kls.co.nz', '0064275996554', ''),
(70, 'Normal', 'Japan', 1, 1, '11/11/2018', '11/11/2018', 4, 'Noi Bai (Hanoi city)', 0, 0, '2018-11-11 05:38:57', 220, 'Maruta masayuki', 1, '24-10-1963', 'Tz1174041', '2027-02-08', 'masayuki_maruta@terumo.co.jo', '', '13816659645', ''),
(71, 'Normal', 'Japan', 1, 1, '11/11/2018', '11/11/2018', 4, 'Noi Bai (Hanoi city)', 0, 0, '2018-11-11 05:39:04', 220, 'Maruta masayuki', 1, '24-10-1963', 'Tz1174041', '2027-02-08', 'masayuki_maruta@terumo.co.jo', '', '13816659645', ''),
(72, 'Normal', 'Japan', 1, 1, '11/11/2018', '11/11/2018', 4, 'Noi Bai (Hanoi city)', 0, 0, '2018-11-11 05:39:10', 220, 'Maruta masayuki', 1, '24-10-1963', 'Tz1174041', '2027-02-08', 'masayuki_maruta@terumo.co.jo', '', '13816659645', ''),
(73, 'Normal', 'Korea, South', 1, 1, '11/11/2018', '13/11/2018', 4, 'Noi Bai (Hanoi city)', 0, 0, '2018-11-11 05:43:15', 220, 'PARK YOUNG KWUN', 1, '24-1-1964', 'M73747464', '2018-11-11', 'ykparksw@hanyung.co.kr', 'ykaprksw@hanmail.net', '00821097698285', 'Quickly'),
(74, 'Normal', 'Korea, South', 1, 1, '11/11/2018', '13/11/2018', 4, 'Noi Bai (Hanoi city)', 0, 0, '2018-11-11 05:45:39', 220, 'PARK YOUNG KWUN', 1, '24-1-1964', 'M73747464', '2018-11-11', 'ykparksw@hanyung.co.kr', 'ykaprksw@hanmail.net', '00821097698285', 'Quickly'),
(75, 'Normal', 'Argentina', 1, 1, '11/11/2018', '17/11/2018', 4, 'Tan Son Nhat (Ho Chi Minh city)', 0, 2, '2018-11-11 05:48:38', 245, 'Martin ignacio dicuzzo', 1, '27-11-1984', 'Aac923799', '2025-04-14', 'mdicuzzo@norton.com.ar', 'dicuzzomartin@gmail.com', '8615000625443', 'Please I’m\r\nAt the airport and I need in 15 minutes to take flight. Thanks '),
(76, 'Normal', 'India', 1, 1, '11/11/2018', '11/11/2018', 4, 'Noi Bai (Hanoi city)', 0, 0, '2018-11-11 06:20:02', 230, 'Sandeep Madhavan', 1, '6-6-1978', 'Z3250339', '2025-09-02', 'bongphatlongnap@gmail.com', 'bongphatlongnap@gmail.com', '9845027587', ''),
(77, 'Normal', 'China', 1, 1, '11/11/2018', '11/11/2018', 4, 'Noi Bai (Hanoi city)', 0, 0, '2018-11-11 06:21:42', 230, 'CHENG HAI', 1, '5-8-1979', 'E02483094', '2022-07-18', 'martinzlead@hotmail.com', '', '13812897789', ''),
(78, 'Normal', 'China', 1, 1, '11/11/2018', '11/11/2018', 4, 'Noi Bai (Hanoi city)', 0, 0, '2018-11-11 06:21:51', 230, 'CHENG HAI', 1, '5-8-1979', 'E02483094', '2022-07-18', 'martinzlead@hotmail.com', '', '13812897789', ''),
(79, 'Normal', 'China', 1, 1, '11/11/2018', '11/11/2018', 4, 'Noi Bai (Hanoi city)', 0, 0, '2018-11-11 06:21:57', 230, 'CHENG HAI', 1, '5-8-1979', 'E02483094', '2022-07-18', 'martinzlead@hotmail.com', '', '13812897789', ''),
(80, 'Normal', 'China', 1, 1, '11/11/2018', '11/11/2018', 4, 'Noi Bai (Hanoi city)', 0, 0, '2018-11-11 06:22:02', 230, 'CHENG HAI', 1, '5-8-1979', 'E02483094', '2022-07-18', 'martinzlead@hotmail.com', '', '13812897789', ''),
(81, 'Normal', 'China', 1, 1, '11/11/2018', '11/11/2018', 4, 'Noi Bai (Hanoi city)', 0, 0, '2018-11-11 06:22:08', 230, 'CHENG HAI', 1, '5-8-1979', 'E02483094', '2022-07-18', 'martinzlead@hotmail.com', '', '13812897789', ''),
(82, 'Normal', 'China', 1, 1, '11/11/2018', '11/11/2018', 4, 'Noi Bai (Hanoi city)', 0, 0, '2018-11-11 06:22:14', 230, 'CHENG HAI', 1, '5-8-1979', 'E02483094', '2022-07-18', 'martinzlead@hotmail.com', '', '13812897789', ''),
(83, 'Normal', 'China', 1, 1, '11/11/2018', '11/11/2018', 4, 'Noi Bai (Hanoi city)', 0, 0, '2018-11-11 06:22:19', 230, 'CHENG HAI', 1, '5-8-1979', 'E02483094', '2022-07-18', 'martinzlead@hotmail.com', '', '13812897789', ''),
(84, 'Normal', 'Korea, South', 1, 1, '12/11/2018', '12/11/2018', 4, 'Noi Bai (Hanoi city)', 0, 0, '2018-11-12 05:46:59', 220, 'Lee gongmyung', 1, '22-7-1968', 'M84515646', '2028-10-29', 'jameslee@yjglob.com', 'jameslee@yjglob.com', '01033179959', ''),
(85, 'Normal', 'Korea, South', 1, 1, '12/11/2018', '12/11/2018', 4, 'Noi Bai (Hanoi city)', 0, 0, '2018-11-12 06:03:02', 220, 'Lee gongmyung', 1, '22-7-1968', 'M84515646', '2028-10-29', 'jameslee@yjglob.com', '', '008613560053236', ''),
(86, 'Normal', 'Taiwan', 1, 1, '12/11/2018', '12/11/2018', 4, 'Noi Bai (Hanoi city)', 0, 0, '2018-11-12 06:13:41', 220, 'Lu Hsueh I', 0, '27-9-1968', '309644498', '2024-09-02', 'roni.lu@yfyjupiter.com', '', '18616536717', ''),
(87, 'Normal', 'Taiwan', 1, 1, '12/11/2018', '12/11/2018', 4, 'Noi Bai (Hanoi city)', 0, 0, '2018-11-12 06:19:30', 220, 'Lu Hsueh I', 0, '27-9-1968', '309644498', '2024-09-02', 'roni.lu@yfyjupiter.com', '', '18616536717', ''),
(88, 'Normal', 'Taiwan', 1, 1, '12/11/2018', '12/11/2018', 4, 'Noi Bai (Hanoi city)', 0, 0, '2018-11-12 06:19:36', 220, 'Lu Hsueh I', 0, '27-9-1968', '309644498', '2024-09-02', 'roni.lu@yfyjupiter.com', '', '18616536717', ''),
(89, 'Normal', 'Taiwan', 1, 1, '12/11/2018', '12/11/2018', 4, 'Noi Bai (Hanoi city)', 0, 0, '2018-11-12 06:22:57', 220, 'Kuo Long Lee', 1, '1-3-1977', '302560231', '2021-05-02', 'sunnyishappy@gmail.com', '', '13862650062', ''),
(90, 'Normal', 'Netherlands', 1, 1, '13/11/2018', '16/11/2018', 4, 'Tan Son Nhat (Ho Chi Minh city)', 0, 0, '2018-11-13 05:33:37', 220, 'Joppe  alexander MIEDEMA', 1, '26-3-1968', 'BTR73HH34', '2027-03-08', 'yolanda_qiaoni@qq.com', 'joppe.miedema@cn.bosch.com', '008613912366093', ''),
(91, 'Normal', 'USA', 1, 1, '13/11/2018', '13/11/2018', 4, 'Tan Son Nhat (Ho Chi Minh city)', 0, 0, '2018-11-13 05:56:34', 220, 'Tracy Jean Servaes', 0, '27-6-1963', '561419746', '2028-10-24', 'tracy@dhtg.com', 'tjservaes@gmail.com', '2819890334', 'Urgent. At airport '),
(92, 'Normal', 'Portugal', 1, 1, '15/11/2018', '15/11/2018', 4, 'Tan Son Nhat (Ho Chi Minh city)', 0, 0, '2018-11-15 05:27:30', 220, 'Marco enrico Francisco paixao', 1, '14-4-1988', 'P602110', '2022-01-09', 'marx.paixao17@gmail.com', 'marx.paixao17@gmail.com', '13560053236', ''),
(93, 'Normal', 'Portugal', 1, 1, '15/11/2018', '15/11/2018', 4, 'Tan Son Nhat (Ho Chi Minh city)', 0, 0, '2018-11-15 05:28:04', 220, 'Marco enrico Francisco paixao', 1, '14-4-1988', 'P602110', '2022-01-09', 'marx.paixao17@gmail.com', 'marx.paixao17@gmail.com', '13560053236', ''),
(94, 'Normal', 'Portugal', 1, 1, '15/11/2018', '15/11/2018', 4, 'Tan Son Nhat (Ho Chi Minh city)', 0, 0, '2018-11-15 05:28:57', 220, 'Marco enrico Francisco paixao', 1, '14-4-1988', 'P602110', '2022-01-09', 'marx.paixao17@gmail.com', 'marx.paixao17@gmail.com', '13560053236', ''),
(95, 'Normal', 'Greece', 1, 1, '15/11/2018', '15/11/2018', 4, 'Noi Bai (Hanoi city)', 0, 0, '2018-11-15 05:40:06', 220, 'Paschalidis Georgios', 1, '1-1-1983', 'AM0654282', '2020-04-16', 'gpashal83@gmail.com', 'gpashal83@gmail.com', '6978008846', ''),
(96, 'Normal', 'Finland', 1, 1, '15/11/2018', '15/11/2018', 4, 'Tan Son Nhat (Ho Chi Minh city)', 0, 0, '2018-11-15 05:47:15', 220, 'Kerala timo eino akseli', 1, '7-1-1960', 'Pc5125952', '2015-11-04', 'kerola.timo@bellmer.com.cn', '', '15601936729', ''),
(97, 'Normal', 'USA', 1, 1, '15/11/2018', '15/11/2018', 4, 'Tan Son Nhat (Ho Chi Minh city)', 0, 0, '2018-11-15 05:52:42', 220, 'Lee Shou ming', 1, '5-9-1955', '530409497', '2025-02-23', 'michael@fastwell.com.cn', 'michael@fastwell.com.cn', '13901988675', ''),
(98, 'Normal', 'China', 1, 1, '17/11/2018', '17/11/2018', 4, 'Noi Bai (Hanoi city)', 1, 0, '2018-11-17 05:39:26', 240, 'xujing', 0, '16-4-1978', 'ee2386252', '2028-08-28', 'kittyxu@comefly.com.cn', '', '00861358710416', ''),
(99, 'Normal', 'Portugal', 1, 1, '17/11/2018', '17/11/2018', 4, 'Tan Son Nhat (Ho Chi Minh city)', 0, 0, '2018-11-17 06:12:21', 220, 'Pedro Jose Guerra Leal de Castro', 1, '6-11-1980', 'CA274468', '2023-11-06', 'pedroglcastro@gmail.com', 'pedroglcastro@me.com', '0033761502091', 'URGENt! Need to make check in at airport!!'),
(100, 'Normal', 'Portugal', 1, 1, '17/11/2018', '17/11/2018', 4, 'Tan Son Nhat (Ho Chi Minh city)', 0, 0, '2018-11-17 06:22:04', 220, 'Pedro Jose Guerra Leal de Castro', 1, '6-11-1980', 'CA274468', '2023-11-06', 'pedroglcastro@gmail.com', 'pedroglcastro@me.com', '0033761502091', 'URGENt! Need to make check in at airport!!'),
(101, 'Normal', 'USA', 1, 1, '18/11/2018', '18/11/2018', 4, 'Noi Bai (Hanoi city)', 0, 0, '2018-11-18 05:31:20', 220, 'Pedro J Mangual', 1, '1-5-1981', '565720398', '2027-09-26', 'pedro.mangual@gmail.com', '', '13560053236', ''),
(102, 'Normal', 'China', 1, 1, '24/11/2018', '24/11/2018', 4, 'Noi Bai (Hanoi city)', 0, 0, '2018-11-24 05:35:56', 230, 'Lin Yan', 0, '16-7-1970', 'G41894835', '2020-04-12', 'lin.yan@hanes.com', 'lin.yan@hanes.com', '13916903909', ''),
(103, 'Normal', 'China', 1, 1, '25/11/2018', '25/11/2018', 4, 'Noi Bai (Hanoi city)', 0, 0, '2018-11-25 05:16:06', 230, 'ZhouYingji', 1, '28-8-1976', 'G37461431', '2018-11-25', 'jeorg.zhou@hanes.com', 'jeorg.zhou@hanes.com', '23081314', ''),
(104, 'Normal', 'USA', 1, 1, '27/11/2018', '27/11/2018', 4, 'Tan Son Nhat (Ho Chi Minh city)', 0, 0, '2018-11-27 05:38:09', 220, 'Michael Edward fletcher', 1, '28-8-1987', '508566854', '2023-04-11', 'fletchm2@gmail.com', 'mfletcher@millsproducts.com', '4233713661', ''),
(105, 'Normal', 'China', 1, 1, '29/11/2018', '29/11/2018', 4, 'Noi Bai (Hanoi city)', 1, 0, '2018-11-29 06:30:16', 240, 'LIU ZELONG', 1, '26-8-2000', 'EE5875291', '2018-11-29', '1357801106@qq.com', '', '13788973781', ''),
(106, 'Normal', 'Germany', 1, 1, '01/12/2018', '01/12/2018', 4, 'Tan Son Nhat (Ho Chi Minh city)', 0, 0, '2018-12-01 05:47:05', 220, 'Hock Florian Constantin', 1, '31-8-1993', 'C5LRXZ52Z', '2021-08-11', 'florian.hoeck@outlook.de', 'florian.hoeck@arcor.de', '004917647719662', ''),
(107, 'Normal', 'Vietnam', 1, 1, '09/12/2018', '12/12/2018', 4, 'Noi Bai (Hanoi city)', 0, 2, '2018-12-09 05:02:43', 245, 'Sambath Krouch Som', 1, '2-9-1976', '475460564', '2020-09-02', 'samksom@gmail.com', 'sam@foreverluxury.com', '14087977648', ''),
(108, 'Normal', 'USA', 1, 1, '09/12/2018', '12/12/2018', 4, 'Tan Son Nhat (Ho Chi Minh city)', 0, 2, '2018-12-09 05:05:55', 245, 'Sambath krouch som', 1, '2-9-1976', '475460564', '2020-09-02', 'samksom@gmail.com', 'sam@foreverluxury.com', '14093329338', ''),
(109, 'Normal', 'USA', 1, 1, '09/12/2018', '12/12/2018', 4, 'Tan Son Nhat (Ho Chi Minh city)', 0, 2, '2018-12-09 05:06:02', 245, 'Sambath krouch som', 1, '2-9-1976', '475460564', '2020-09-02', 'samksom@gmail.com', 'sam@foreverluxury.com', '14093329338', ''),
(110, 'Normal', 'USA', 1, 1, '09/12/2018', '09/12/2018', 4, 'Tan Son Nhat (Ho Chi Minh city)', 0, 3, '2018-12-09 05:16:26', 260, 'Fred mayer', 1, '27-10-1971', '499911630', '2022-09-30', 'fmayersj@hotmail.com', 'fredmlending@gmail.com', '14082021616', ''),
(111, 'Normal', 'China', 1, 1, '15/12/2018', '15/12/2018', 4, 'Noi Bai (Hanoi city)', 0, 0, '2018-12-15 05:44:28', 230, 'SUNCHANGJIE', 1, '21-7-1989', 'G48494762', '2021-01-27', '329889927@qq.con', '', '13951132470', ''),
(112, 'Normal', 'China', 1, 1, '15/12/2018', '15/12/2018', 4, 'Noi Bai (Hanoi city)', 0, 0, '2018-12-15 05:48:14', 230, 'sunlinglin', 0, '27-9-1984', 'EE5971776', '2018-12-15', 'sunlinglin111@163.com', '', '13962275066', ''),
(113, 'Normal', 'China', 1, 1, '15/12/2018', '15/12/2018', 4, 'Noi Bai (Hanoi city)', 0, 0, '2018-12-15 05:48:56', 230, 'sunlinglin', 0, '27-9-1984', 'EE5971776', '2018-12-15', 'sunlinglin111@163.com', '', '13962275066', ''),
(114, 'Normal', 'China', 1, 1, '18/12/2018', '27/12/2018', 2, 'Tan Son Nhat (Ho Chi Minh city)', 0, 0, '2018-12-17 01:32:09', 40, 'LU RONGHAI', 1, '29-4-1969', 'E07743065', '2024-03-03', 'info@h-fang.com', '', '13961616198', ''),
(115, 'Normal', 'China', 1, 1, '20/12/2018', '20/12/2018', 4, 'Tan Son Nhat (Ho Chi Minh city)', 0, 0, '2018-12-20 06:14:58', 230, 'SHEN MENGRU', 0, '4-7-1994', 'E31573829', '2018-12-20', '1039828030@qq.com', '', '13212787085', ''),
(116, 'Normal', 'China', 1, 1, '26/12/2018', '28/12/2018', 4, 'Noi Bai (Hanoi city)', 0, 3, '2018-12-26 05:47:43', 270, 'Hujiapinh', 1, '23-7-1974', 'G56384487', '2018-12-26', 'hujiapinh1006@vip.163.com', 'hujiaping1006@vip163.com', '13801743265', ''),
(117, 'Normal', 'China', 1, 1, '26/12/2018', '28/12/2018', 4, 'Noi Bai (Hanoi city)', 0, 3, '2018-12-26 05:47:53', 270, 'Hujiapinh', 1, '23-7-1974', 'G56384487', '2018-12-26', 'hujiapinh1006@vip.163.com', 'hujiaping1006@vip163.com', '13801743265', ''),
(118, 'Normal', 'China', 1, 1, '26/12/2018', '28/12/2018', 4, 'Noi Bai (Hanoi city)', 0, 3, '2018-12-26 05:47:59', 270, 'Hujiapinh', 1, '23-7-1974', 'G56384487', '2018-12-26', 'hujiapinh1006@vip.163.com', 'hujiaping1006@vip163.com', '13801743265', ''),
(119, 'Normal', 'China', 1, 1, '26/12/2018', '28/12/2018', 4, 'Noi Bai (Hanoi city)', 0, 3, '2018-12-26 05:48:04', 270, 'Hujiapinh', 1, '23-7-1974', 'G56384487', '2018-12-26', 'hujiapinh1006@vip.163.com', 'hujiaping1006@vip163.com', '13801743265', ''),
(120, 'Normal', 'China', 1, 1, '26/12/2018', '28/12/2018', 4, 'Noi Bai (Hanoi city)', 0, 3, '2018-12-26 05:48:10', 270, 'Hujiapinh', 1, '23-7-1974', 'G56384487', '2018-12-26', 'hujiapinh1006@vip.163.com', 'hujiaping1006@vip163.com', '13801743265', ''),
(121, 'Normal', 'China', 1, 1, '26/12/2018', '28/12/2018', 4, 'Noi Bai (Hanoi city)', 0, 3, '2018-12-26 05:48:25', 270, 'Hujiapinh', 1, '23-7-1974', 'G56384487', '2018-12-26', 'hujiapinh1006@vip.163.com', 'hujiaping1006@vip163.com', '13801743265', ''),
(122, 'Normal', 'China', 1, 1, '26/12/2018', '28/12/2018', 4, 'Noi Bai (Hanoi city)', 0, 3, '2018-12-26 05:48:32', 270, 'Hujiapinh', 1, '23-7-1974', 'G56384487', '2018-12-26', 'hujiapinh1006@vip.163.com', 'hujiaping1006@vip163.com', '13801743265', ''),
(123, 'Normal', 'China', 1, 1, '26/12/2018', '28/12/2018', 4, 'Noi Bai (Hanoi city)', 0, 3, '2018-12-26 05:49:12', 270, 'Hujiapinh', 1, '23-7-1974', 'G56384487', '2018-12-26', 'hujiapinh1006@vip.163.com', 'hujiaping1006@vip163.com', '13801743265', ''),
(124, 'Normal', 'China', 1, 1, '26/12/2018', '28/12/2018', 4, 'Noi Bai (Hanoi city)', 0, 3, '2018-12-26 05:50:38', 270, 'Hujiapinh', 1, '23-7-1974', 'G56384487', '2018-12-26', 'hujiapinh1006@vip.163.com', 'hujiaping1006@vip163.com', '13801743265', ''),
(125, 'Normal', 'China', 1, 1, '26/12/2018', '28/12/2018', 4, 'Noi Bai (Hanoi city)', 0, 3, '2018-12-26 05:50:50', 270, 'Hujiapinh', 1, '23-7-1974', 'G56384487', '2018-12-26', 'hujiapinh1006@vip.163.com', 'hujiaping1006@vip163.com', '13801743265', ''),
(126, 'Normal', 'Mexico', 1, 1, '27/12/2018', '27/12/2018', 3, 'Tan Son Nhat (Ho Chi Minh city)', 0, 0, '2018-12-27 05:36:56', 90, 'Alfonso Maria de Ligorio Campollo Solana', 1, '18-11-1957', 'g18983717', '2025-12-02', 'alfonsi.mayesa@hotmail.com', 'sofia.campollo@gmail.com', '5571095477', 'urgent'),
(127, 'Normal', 'Netherlands', 1, 1, '28/12/2018', '02/01/2019', 4, 'Tan Son Nhat (Ho Chi Minh city)', 0, 0, '2018-12-28 05:48:00', 220, 'Daniel Frans Holla', 1, '3-9-1980', 'NVJP7L5P0', '2025-05-15', 'daanholla@hotmail.com', 'birgithollasmit@hotmail.com', '008618516313301', ''),
(128, 'Normal', 'China', 1, 1, '29/12/2018', '01/01/2019', 4, 'Tan Son Nhat (Ho Chi Minh city)', 0, 0, '2018-12-29 06:17:23', 230, 'Zhou Zhongxiang', 1, '22-6-1987', 'EE0085275', '2028-08-27', 'yeehope87@yahoo.co.jp', '', '18221026142', ''),
(129, 'Normal', 'Australia', 1, 1, '02/01/2019', '11/01/2019', 4, 'Tan Son Nhat (Ho Chi Minh city)', 0, 2, '2018-12-31 03:03:07', 245, 'Alesha Jade Bleakley', 0, '19-10-1988', 'N5528392', '2021-09-15', 'aleshableakley@hotmail.com', 'alesha.bleakley1@gmail.com', '0423522734', ''),
(130, 'Normal', 'China', 1, 1, '06/01/2019', '06/01/2019', 4, 'Tan Son Nhat (Ho Chi Minh city)', 0, 0, '2019-01-06 06:16:09', 230, 'Fan Jinsong', 1, '10-8-1978', 'E15700651', '2023-04-04', 'wanghg@korrun.com', 'tony@korrun.com', '18512178569', 'Top urgent '),
(131, 'Normal', 'China', 2, 1, '10/01/2019', '09/02/2019', 3, 'Tan Son Nhat (Ho Chi Minh city)', 0, 0, '2019-01-09 02:10:13', 190, 'LI ZHENXIANG', 1, '17-11-1984', 'EB7973520', '2027-11-30', 'info@h-fang.com', '', '15106819553', ''),
(132, 'Normal', 'USA', 1, 1, '10/01/2019', '16/01/2019', 4, 'Tan Son Nhat (Ho Chi Minh city)', 0, 0, '2019-01-10 05:55:17', 220, 'Emma Gerhold', 0, '25-3-1994', '498548946', '2023-01-28', 'emmag@colosseumusa.com', 'egerhold345@gmail.con', '5742866609', ''),
(133, 'Normal', 'China', 1, 1, '14/01/2019', '14/01/2019', 4, 'Noi Bai (Hanoi city)', 0, 0, '2019-01-14 06:18:21', 230, 'Lei meirong', 0, '22-12-1980', 'E66928839', '2026-01-24', 'mayleimeirong@163.com', '', '13862278394', ''),
(134, 'Normal', 'China', 1, 1, '14/01/2019', '14/01/2019', 4, 'Noi Bai (Hanoi city)', 0, 0, '2019-01-14 06:18:29', 230, 'Lei meirong', 0, '22-12-1980', 'E66928839', '2026-01-24', 'mayleimeirong@163.com', '', '13862278394', ''),
(135, 'Normal', 'China', 1, 1, '14/01/2019', '16/01/2019', 4, 'Noi Bai (Hanoi city)', 0, 0, '2019-01-14 06:20:59', 230, 'LEI MEIRONG', 0, '22-12-1980', 'E66928839', '2026-01-24', 'ROEMTREE@HOTMAIL.COM', '', '13862278394', ''),
(136, 'Normal', 'China', 1, 1, '14-january=2019', '16-january-2019', 4, 'Noi Bai (Hanoi city)', 0, 0, '2019-01-14 06:36:37', 230, 'lei meirong', 0, '22-12-1980', 'e66928839', '2026-01-24', 'roemtree@hotmail.com', '', '13862278394', ''),
(137, 'Normal', 'Italy', 1, 1, '18/01/2019', '18/01/2019', 4, 'Tan Son Nhat (Ho Chi Minh city)', 0, 3, '2019-01-18 05:53:24', 260, 'LUCIO BREIN', 1, '14-5-1967', 'YB1801280', '2028-01-18', 'luciobresin@hotmail.com', '', '008618652000722', ''),
(138, 'Normal', 'Italy', 1, 4, '03/02/2019', '', 1, 'Tan Son Nhat (Ho Chi Minh city)', 0, 3, '2019-01-22 15:03:11', 70, 'LUCIO BRESIN', 1, '14-5-1967', 'YB1801280', '20280118', 'luciobresin@hotmail.com', '', '008618652000722', 'Will arrive in Ho Chi min from Bangkok on Sunday February 3 2019. Flight VN604 , Arrival time 16.05\r\n\r\n'),
(139, 'Normal', 'China', 1, 4, '30/01/2019', '29/04/2019', 1, 'Tan Son Nhat (Ho Chi Minh city)', 1, 0, '2019-01-24 00:39:46', 50, 'SHAN,JIANXINAG', 1, '2-10-1980', 'EBI93904I', '2027-08-30', 'jayson.shang@sicamechina.com', '', '13376113260', ''),
(140, 'Normal', 'China', 1, 4, '30/01/2019', '29/04/2019', 1, 'Tan Son Nhat (Ho Chi Minh city)', 1, 0, '2019-01-24 00:56:41', 50, 'SHAN,JIANXINAG', 1, '2-10-1980', 'EBI93904I', '2027-08-30', 'jayson.shang@sicamechina.com', '', '13376113260', ''),
(141, 'Normal', 'China', 1, 4, '30/01/2019', '29/04/2019', 1, 'Tan Son Nhat (Ho Chi Minh city)', 1, 0, '2019-01-24 00:56:48', 50, 'SHAN,JIANXINAG', 1, '2-10-1980', 'EBI93904I', '2027-08-30', 'jayson.shang@sicamechina.com', '', '13376113260', ''),
(142, 'Normal', 'China', 1, 1, '23/01/2019', '26/01/2019', 4, 'Noi Bai (Hanoi city)', 0, 0, '2019-01-24 05:32:05', 230, 'Zhang Fei', 1, '8-8-1981', 'EC4389532', '20280225', 'fei.zhang@durr.com.cn', 'napttl@163.com', '18721685571', ''),
(143, 'Normal', 'USA', 1, 1, '31/01/2019', '10/02/2019', 4, 'Noi Bai (Hanoi city)', 0, 3, '2019-01-31 06:26:38', 260, 'Anne Regan Greenleaf', 0, '29-4-1982', '481150993', '2021-05-01', 'anne.greenleaf@gmail.com', 'anne.greenleaf@gmail.com', '8615317831605', ''),
(144, 'Normal', 'USA', 1, 1, '03/02/2019', '09/02/2019', 4, 'Tan Son Nhat (Ho Chi Minh city)', 0, 3, '2019-02-03 05:56:14', 260, 'Julian Ye Yang', 1, '13-12-2014', '525320967', '2019-12-28', 'yang.x.tian@outlook.com', 'yangxiaotian@cjia.com', '8618621580633', ''),
(145, 'Normal', 'USA', 1, 1, '03/02/2019', '09/02/2019', 4, 'Tan Son Nhat (Ho Chi Minh city)', 0, 3, '2019-02-03 05:59:18', 260, 'Julian Ye Yang', 1, '13-12-2014', '525320967', '2019-02-03', 'yang.x.tian@outlook.com', 'yangxiaotian@cjia.com', '8618621580633', ''),
(146, 'Normal', 'USA', 1, 1, '03/02/2019', '09/02/2019', 4, 'Tan Son Nhat (Ho Chi Minh city)', 0, 3, '2019-02-03 06:03:17', 260, 'Julian Ye Yang', 1, '13-12-2014', '525320967', '2019-02-03', 'yang.x.tian@outlook.com', 'yangxiaotian@cjia.com', '8618621580633', ''),
(147, 'Normal', 'USA', 1, 1, '03/02/2019', '09/02/2019', 4, 'Tan Son Nhat (Ho Chi Minh city)', 0, 3, '2019-02-03 06:11:32', 260, 'Julian Ye Yang', 1, '13-12-2014', '525320967', '2019-02-03', 'yang.x.tian@outlook.com', 'yangxiaotian@cjia.com', '8618621580633', ''),
(148, 'Normal', 'Australia', 1, 1, '07/02/2019', '07/02/2019', 4, 'Tan Son Nhat (Ho Chi Minh city)', 0, 0, '2019-02-07 06:00:49', 220, 'DENNIS YU ', 1, '10-2-1991', 'N6519866', '2022-06-26', 'dennisyu0210@gmail.com', 'dennisyu0210@gmail.com', '15121112914', ''),
(149, 'Normal', 'Australia', 1, 1, '07/02/2019', '12/02/2019', 4, 'Tan Son Nhat (Ho Chi Minh city)', 0, 0, '2019-02-07 06:02:22', 220, 'Dennis yu', 1, '10-2-1991', 'N6519866', '2022-06-26', 'dennisyu0210@gmail.com', 'dennisyu0210@gmail.com', '1512112914', 'Urgent visa application. Needed within 30 minutes. '),
(150, 'Normal', 'Australia', 1, 1, '07/02/2019', '12/02/2019', 4, 'Tan Son Nhat (Ho Chi Minh city)', 0, 0, '2019-02-07 06:07:42', 220, 'Dennis Yu ', 1, '10-2-1991', 'N6519866', '2026-02-26', 'dennisyu0210@gmail.com', 'dennisyu0210@gmail.com', '1512112914', ''),
(151, 'Normal', 'Australia', 1, 1, '07/02/2019', '12/02/2019', 4, 'Tan Son Nhat (Ho Chi Minh city)', 0, 0, '2019-02-07 06:12:05', 220, 'Dennis yu ', 1, '10-2-1991', 'N6519866', '2026-02-26', 'dennisyu0210@gmail.com', 'dennisyu0210@gmail.com', '151211294', ''),
(152, 'Normal', 'Australia', 1, 1, '07/02/2019', '12/02/2019', 4, 'Tan Son Nhat (Ho Chi Minh city)', 0, 0, '2019-02-07 06:18:44', 220, 'Dennis Yu ', 1, '10-2-1991', 'N6519866', '2026-02-26', 'dennisyu0210@gmail.com', 'dennisyu0210@gmail.com', '0404654822', ''),
(153, 'Normal', 'China', 1, 1, '08/02/2019', '08/02/2019', 4, 'Tan Son Nhat (Ho Chi Minh city)', 0, 0, '2019-02-08 05:06:16', 230, 'Tao', 1, '6-11-1981', 'Eb6206496', '2027-11-06', '185181955@qq.com', '', '13917396005', ''),
(154, 'Normal', 'China', 1, 1, '09/02/2019', '09/02/2019', 4, 'Tan Son Nhat (Ho Chi Minh city)', 0, 0, '2019-02-09 05:41:28', 230, 'Lui changzuo', 1, '7-8-1984', 'E98709241', '2027-04-23', '2487348033@qq.com', '', '13775413253', ''),
(155, 'Normal', 'China', 1, 1, '10/02/2019', '10/02/2019', 4, 'Tan Son Nhat (Ho Chi Minh city)', 0, 0, '2019-02-10 06:02:59', 230, 'Fanmaming', 1, '21-2-1988', 'E94890908', '2027-01-23', '415029678@qq.com', '', '008613862152566', ''),
(156, 'Normal', 'China', 1, 1, '10/02/2019', '10/02/2019', 4, 'Tan Son Nhat (Ho Chi Minh city)', 0, 0, '2019-02-10 06:03:05', 230, 'Fanmaming', 1, '21-2-1988', 'E94890908', '2027-01-23', '415029678@qq.com', '', '008613862152566', ''),
(157, 'Normal', 'Australia', 1, 1, '11/02/2019', '10/03/2019', 4, 'Tan Son Nhat (Ho Chi Minh city)', 0, 0, '2019-02-11 05:29:08', 220, 'ZHOU OSCAR GUAN XIA', 1, '17-6-1984', 'PA4584207', '2026-06-24', 'oscar_zhou_at@hotmail.com', '', '', ''),
(158, 'Normal', 'Australia', 1, 1, '11/02/2019', '10/03/2019', 4, 'Tan Son Nhat (Ho Chi Minh city)', 0, 0, '2019-02-11 05:36:49', 220, 'ZHOU OSCAR GUAN XIA', 1, '17-6-1984', 'PA4584207', '2026-06-24', 'oscar_zhou_at@hotmail.com', '', '', ''),
(159, 'Normal', 'Australia', 1, 1, '11/02/2019', '10/03/2019', 4, 'Tan Son Nhat (Ho Chi Minh city)', 0, 0, '2019-02-11 05:42:31', 220, 'ZHOU OSCAR GUAN XIA', 1, '17-6-1984', 'PA4584207', '2026-06-24', 'oscar_zhou_at@hotmail.com', '', '8613812652652', ''),
(160, 'Normal', 'Australia', 1, 1, '11/02/2019', '10/03/2019', 4, 'Tan Son Nhat (Ho Chi Minh city)', 0, 0, '2019-02-11 05:42:38', 220, 'ZHOU OSCAR GUAN XIA', 1, '17-6-1984', 'PA4584207', '2026-06-24', 'oscar_zhou_at@hotmail.com', '', '8613812652652', ''),
(161, 'Normal', 'United Kingdom', 1, 1, '13/02/2019', '13/02/2019', 4, 'Noi Bai (Hanoi city)', 0, 0, '2019-02-13 05:31:45', 220, 'Stephen James Kelly', 1, '7-10-1967', '510522904', '2023-11-05', 'kellysj1067@yahoo.co.uk', 'kellysj1067@yahoo.co.uk', '008618616392712', ''),
(162, 'Normal', 'United Kingdom', 1, 1, '13/02/2019', '13/02/2019', 4, 'Noi Bai (Hanoi city)', 0, 0, '2019-02-13 05:38:48', 220, 'Stephen Jamez Kelly', 1, '7-10-1967', '510522904', '2023-11-05', 'kellysj1067@yahoo.co.uk', 'kellysj1067@yahoo.co.uk', '008618616392712', ''),
(163, 'Normal', 'United Kingdom', 1, 1, '13/02/2019', '13/02/2019', 4, 'Noi Bai (Hanoi city)', 0, 0, '2019-02-13 05:40:57', 220, 'Stephen James Kelly', 1, '7-10-1967', '510522904', '2023-11-05', 'kellysj1067@yahoo.co.uk', 'kellysj1067@yahoo.co.uk', '008618616392712', ''),
(164, 'Normal', 'United Kingdom', 1, 1, '13/02/2019', '13/02/2019', 4, 'Noi Bai (Hanoi city)', 0, 0, '2019-02-13 05:48:25', 220, 'Stephen James Kelly', 1, '7-10-1967', '510522904', '2023-11-05', 'kellysj1067@yahoo.co.uk', 'kellysj1067@yahoo.co.uk', '008618616392712', ''),
(165, 'Normal', 'Canada', 1, 4, '12/02/2019', '12/02/2019', 1, 'Noi Bai (Hanoi city)', 0, 0, '2019-02-13 06:32:26', 30, 'Zhong, Jin yang', 1, '4-10-1967', 'GA395677', '2025-04-08', 'phil.zhong@whitewaterwest.com', '', '6043186431', ''),
(166, 'Normal', 'China', 1, 1, '15/02/2019', '15/02/2019', 4, 'Tan Son Nhat (Ho Chi Minh city)', 0, 0, '2019-02-15 05:27:01', 230, 'Li riguang ', 1, '10-12-1964', 'G62054258', '2019-02-15', 'qianjiangjp@yahoo.co.jp', '', '13957188220', ''),
(167, 'Normal', 'China', 1, 1, '16/02/2019', '28/02/2019', 1, 'Tan Son Nhat (Ho Chi Minh city)', 0, 0, '2019-02-16 05:46:02', 20, '傅楠楠', 1, '27-8-1996', 'E34633832', '', '2981186613@qq.com', '', '', ''),
(168, 'Normal', 'China', 1, 1, '16/02/2019', '28/02/2019', 1, 'Tan Son Nhat (Ho Chi Minh city)', 0, 0, '2019-02-16 05:52:34', 20, '吴志超', 0, '10-10-1995', 'E07663655', '2024-03-10', '2981186613@qq.com', '', '15858937222', ''),
(169, 'Normal', 'USA', 1, 1, '17/02/2019', '18/02/2019', 3, 'Noi Bai (Hanoi city)', 0, 0, '2019-02-17 05:42:02', 90, 'Aaron Paul Kithcart', 1, '4-5-1981', '526296321', '2025-04-26', 'aaron.kithcart@gmail.com', 'herblatham@gmail.com', '16143542039', ''),
(170, 'Normal', 'USA', 1, 1, '17/02/2019', '18/02/2019', 3, 'Noi Bai (Hanoi city)', 0, 0, '2019-02-17 05:42:09', 90, 'Aaron Paul Kithcart', 1, '4-5-1981', '526296321', '2025-04-26', 'aaron.kithcart@gmail.com', 'herblatham@gmail.com', '16143542039', ''),
(171, 'Normal', 'China', 1, 1, '19/02/2019', '19/02/2019', 4, 'Tan Son Nhat (Ho Chi Minh city)', 0, 0, '2019-02-19 05:09:43', 230, 'Shao chang yuan', 1, '21-2-1979', 'EE9722786', '2019-02-19', '1145154721@qq.com', '', '18653297593', ''),
(172, 'Normal', 'United Kingdom', 1, 1, '21/02/2019', '21/02/2019', 4, 'Noi Bai (Hanoi city)', 0, 0, '2019-02-21 05:26:16', 220, 'Balbir singh', 1, '5-12-1966', '510602502', '2026-09-24', 'bteensa3@gmail.com', 'bteensa3@gmail.com', '008618502168715', 'Super urgent '),
(173, 'Normal', 'United Kingdom', 1, 1, '21/02/2019', '21/02/2019', 4, 'Noi Bai (Hanoi city)', 0, 0, '2019-02-21 05:26:22', 220, 'Balbir singh', 1, '5-12-1966', '510602502', '2026-09-24', 'bteensa3@gmail.com', 'bteensa3@gmail.com', '008618502168715', 'Super urgent '),
(174, 'Normal', 'United Kingdom', 1, 1, '21/02/2019', '21/02/2019', 4, 'Noi Bai (Hanoi city)', 0, 0, '2019-02-21 05:30:09', 220, 'Balbir singh', 1, '5-12-1966', '510602502', '2026-09-24', 'bteensa3@gmail.com', 'bteensa3@gmail.com', '008618502168715', 'Super urgent '),
(175, 'Normal', 'United Kingdom', 1, 1, '21/02/2019', '21/02/2019', 4, 'Noi Bai (Hanoi city)', 0, 0, '2019-02-21 05:35:00', 220, 'Balbir singh', 1, '5-12-1966', '510602502', '2026-09-24', 'bteensa3@gmail.com', 'bteensa3@gmail.com', '008618502168715', 'Superb urgent'),
(176, 'Normal', 'United Kingdom', 1, 1, '21/02/2019', '21/02/2019', 4, 'Noi Bai (Hanoi city)', 0, 0, '2019-02-21 05:38:21', 220, 'Balbir singh', 1, '5-12-1966', '510602502', '2026-09-24', 'bteensa3@gmail.com', 'bteensa3@gmail.com', '008618502168715', 'Superb urgent'),
(177, 'Normal', 'China', 1, 1, '25/02/2019', '25/02/2019', 4, 'Noi Bai (Hanoi city)', 0, 0, '2019-02-25 06:05:57', 230, 'WU SHUIPING', 1, '13-9-1982', 'E72542771', '2026-08-18', 'bryce.wu@dell.com', 'brycewu@hotmail.com', '008613823704649', ''),
(178, 'Normal', 'China', 1, 1, '25/02/2019', '25/02/2019', 4, 'Noi Bai (Hanoi city)', 0, 0, '2019-02-25 06:11:38', 230, 'WU SHUIPING', 1, '13-9-1982', 'E72542771', '2026-08-18', 'bryce.wu@dell.com', 'brycewu@hotmail.com', '008613823704649', ''),
(179, 'Normal', 'Germany', 1, 1, '27/02/2019', '27/02/2019', 4, 'Tan Son Nhat (Ho Chi Minh city)', 0, 0, '2019-02-27 05:08:23', 220, 'Thomas Híchfeld', 1, '28-5-1960', 'C6ZZGCL4H', '2020-08-08', 'hirschfeld-t@t-online.de', 'hirschfeld@lusch.de', '00491707676685', ''),
(180, 'Normal', 'Germany', 1, 1, '27/02/2019', '27/02/2019', 4, 'Tan Son Nhat (Ho Chi Minh city)', 0, 0, '2019-02-27 05:08:31', 220, 'Thomas Híchfeld', 1, '28-5-1960', 'C6ZZGCL4H', '2020-08-08', 'hirschfeld-t@t-online.de', 'hirschfeld@lusch.de', '00491707676685', ''),
(181, 'Normal', 'USA', 1, 1, '01/03/2019', '03/03/2019', 4, 'Tan Son Nhat (Ho Chi Minh city)', 0, 0, '2019-03-01 05:32:35', 220, 'DANA RICHARD TURNER', 1, '3-11-1957', '422055675', '2020-02-28', 'DANARTURNER@MSN.COM', 'DANA.R.TURNER@BOEING.COM', '4252100128', 'pLEASE RUSH INVITATION LETTER!'),
(182, 'Normal', 'USA', 1, 1, '01/03/2019', '03/03/2019', 4, 'Tan Son Nhat (Ho Chi Minh city)', 0, 0, '2019-03-01 05:32:53', 220, 'DANA RICHARD TURNER', 1, '3-11-1957', '422055675', '2020-02-28', 'DANARTURNER@MSN.COM', 'DANA.R.TURNER@BOEING.COM', '4252100128', 'pLEASE RUSH INVITATION LETTER!'),
(183, 'Normal', 'Vietnam', 1, 1, '03/03/2019', '10/03/2019', 4, 'Tan Son Nhat (Ho Chi Minh city)', 0, 3, '2019-03-03 05:47:23', 260, 'Chen Zhengyuan', 1, '28-8-2018', 'e54156553', '2025-06-28', '37958804@qq.com', '', '8613812085398', 'Waiting for flight vn523'),
(184, 'Normal', 'China', 1, 1, '03/03/2019', '10/03/2019', 4, 'Tan Son Nhat (Ho Chi Minh city)', 0, 3, '2019-03-03 05:50:15', 20, 'Chen Zhengyuan', 1, '28-8-2018', 'e54156553', '2025-06-28', '37958804@qq.com', '', '8613812085398', 'Urgent, waiting for Flight VN523 Today'),
(185, 'Normal', 'China', 1, 1, '03/03/2019', '10/03/2019', 4, 'Tan Son Nhat (Ho Chi Minh city)', 0, 0, '2019-03-03 05:55:45', 230, 'Chen Zhengyuan', 1, '28-8-2018', 'e54156553', '2025-06-28', '37958804@qq.com', '', '8613812085398', ''),
(186, 'Normal', 'China', 1, 1, '03/03/2019', '03/03/2019', 4, 'Noi Bai (Hanoi city)', 0, 3, '2019-03-03 05:59:49', 270, 'Feng xiaoming', 0, '3-4-1986', 'G42482003', '2019-03-03', 'grace@wxld.cn', '', '8615852735825', ''),
(187, 'Normal', 'China', 1, 1, '03/03/2019', '31/03/2019', 4, 'Tan Son Nhat (Ho Chi Minh city)', 0, 0, '2019-03-03 06:17:33', 230, 'Cui Zhi Rong', 0, '12-12-1971', 'EF3406045', '2029-02-12', 'abramrutgers@gmail.com', 'bram.rutgers@cushwake.com', '0372104163', ''),
(188, 'Normal', 'China', 1, 1, '03/03/2019', '03/03/2019', 4, 'Noi Bai (Hanoi city)', 0, 3, '2019-03-03 06:19:54', 270, 'QIU YONGSHENG', 1, '4-9-1983', 'G58497547', '2022-02-14', 'qiu.leo@foxmail.com', '', '8618017058212', ''),
(189, 'Normal', 'China', 1, 1, '03/03/2019', '03/03/2019', 4, 'Noi Bai (Hanoi city)', 0, 3, '2019-03-03 06:20:15', 270, 'QIU YONGSHENG', 1, '4-9-1983', 'G58497547', '2022-02-14', 'qiu.leo@foxmail.com', '', '8618017058212', ''),
(190, 'Normal', 'China', 1, 1, '03/03/2019', '03/03/2019', 4, 'Noi Bai (Hanoi city)', 0, 3, '2019-03-03 06:20:29', 270, 'QIU YONGSHENG', 1, '4-9-1983', 'G58497547', '2022-02-14', 'qiu.leo@foxmail.com', '', '8618017058212', ''),
(191, 'Normal', 'China', 1, 1, '03/03/2019', '29/03/2019', 1, 'Noi Bai (Hanoi city)', 0, 3, '2019-03-03 14:43:38', 60, 'FU NANNAN ', 1, '27-8-1996', 'E34633832', '', '2981186613@qq.com', '', '', ''),
(192, 'Normal', 'Taiwan', 1, 4, '05/03/2019', '05/03/2019', 4, 'Noi Bai (Hanoi city)', 0, 3, '2019-03-05 05:42:22', 315, 'Huang , Szu-Pin', 1, '6-9-1962', '3099022742', '2024-09-09', 'sstevehuang@aol.com', 'sstevehuang@me.com', '13916024686', ''),
(193, 'Normal', 'Taiwan', 1, 2, '05/03/2019', '05/03/2019', 4, 'Tan Son Nhat (Ho Chi Minh city)', 0, 3, '2019-03-05 05:45:31', 285, 'Huang , Szu-Pin', 1, '6-9-1962', '309902742', '2024-09-09', 'sstevehuang@aol.com', 'sstevehuang@me.com', '13916024686', ''),
(194, 'Normal', 'China', 1, 1, '05/03/2019', '05/03/2019', 4, 'Noi Bai (Hanoi city)', 0, 2, '2019-03-05 06:03:29', 255, 'YINGTIANJIE', 1, '15-8-1987', 'EE5034822', '2028-10-17', '258039816@QQ.COM', '', '8615888008511', ''),
(195, 'Normal', 'China', 1, 1, '05/03/2019', '05/03/2019', 4, 'Noi Bai (Hanoi city)', 0, 2, '2019-03-05 06:03:36', 255, 'YINGTIANJIE', 1, '15-8-1987', 'EE5034822', '2028-10-17', '258039816@QQ.COM', '', '8615888008511', ''),
(196, 'Normal', 'China', 1, 1, '05/03/2019', '05/03/2019', 4, 'Noi Bai (Hanoi city)', 0, 2, '2019-03-05 06:11:29', 255, 'TANGHAIJIE', 1, '3-7-1972', 'G61081526', '2022-04-22', '258039816@QQ.COM', '', '8615888008511', ''),
(197, 'Normal', 'Australia', 1, 1, '07/03/2019', '09/03/2019', 4, 'Tan Son Nhat (Ho Chi Minh city)', 1, 0, '2019-03-07 05:58:02', 230, 'Yao Luen Kang', 1, '12-8-1980', 'PE0368830', '2024-10-24', 'danny.kang@wellsepoxy.com', 'dannykang1@gmail.com', '8618602171812', ''),
(198, 'Normal', 'France', 1, 1, '10/03/2019', '10/03/2019', 4, 'Noi Bai (Hanoi city)', 0, 0, '2019-03-10 08:16:32', 220, 'Cohen frederic hoang david', 1, '8-4-1971', '17FV21450', '2028-05-10', 'frederic_cohen@hotmail.com', 'frederic.cohen@onesikkschina.com', '008618017361505', ''),
(199, 'Normal', 'USA', 1, 1, '11/03/2019', '11/03/2019', 4, 'Tan Son Nhat (Ho Chi Minh city)', 0, 0, '2019-03-11 05:18:46', 220, 'Ronald  Hayden McCarthy', 1, '10-3-1961', '589009297', '2028-10-14', 'ron.mccarthy@nbps.org', 'ronmccarthy1@comcast.net', '9547160989', ''),
(200, 'Normal', 'China', 1, 1, '11/03/2019', '11/03/2019', 4, 'Tan Son Nhat (Ho Chi Minh city)', 0, 0, '2019-03-11 06:17:26', 230, 'hui jianxin', 1, '12-6-1975', 'ec9455685', '2028-04-08', 'jason@suzhouflying.com', '', '13606138211', ''),
(201, 'Normal', 'China', 1, 1, '13/03/2019', '13/03/2019', 4, 'Noi Bai (Hanoi city)', 0, 3, '2019-03-13 05:46:41', 270, 'CHENCHANGLE', 1, '27-6-1995', 'E18815044', '2019-03-13', '15950822114@163.com', '15950822114@163.com', '', ''),
(202, 'Normal', 'China', 1, 1, '13/03/2019', '13/03/2019', 4, 'Noi Bai (Hanoi city)', 0, 3, '2019-03-13 05:48:44', 270, 'CHENCHANGLE', 1, '27-6-1995', '8615950822114', '2019-03-13', '15950822114@163.com', '', '8615950822114', '');
INSERT INTO `visa` (`id`, `type`, `country`, `purpose`, `month`, `check_in`, `check_out`, `during`, `arrival_port`, `service`, `airport_fasttrack`, `at`, `price`, `name`, `gender`, `birthday`, `passport_number`, `passport_expiry`, `email1`, `email2`, `phone`, `request`) VALUES
(203, 'Normal', 'Canada', 1, 1, '13/03/2019', '13/03/2019', 4, 'Tan Son Nhat (Ho Chi Minh city)', 0, 0, '2019-03-13 05:52:56', 220, 'puiyun tsang', 0, '16-6-1983', 'GJ897244', '2019-03-13', 'stevekenny77@hotmail.com', '', '8613916261482', ''),
(204, 'Normal', 'Korea, South', 1, 2, '13/03/2019', '10/04/2019', 4, 'Tan Son Nhat (Ho Chi Minh city)', 0, 0, '2019-03-13 06:02:27', 245, 'Kim sung min', 1, '20-2-1969', 'M22815470', '2022-08-09', 'sm.kim@cesna.com', 'info@cesna.com', '8618621723345', ''),
(205, 'Normal', 'Germany', 1, 1, '13/03/2019', '13/03/2019', 4, 'Noi Bai (Hanoi city)', 0, 0, '2019-03-13 06:20:06', 220, 'Christoph Lange', 1, '11-10-2018', 'C6hgc21jx', '2019-03-28', 'christoph.lange@hotmail.com', 'christoph.lange@ifa-group.com', '18521719439', ''),
(206, 'Normal', 'Germany', 1, 1, '13/03/2019', '13/03/2019', 4, 'Noi Bai (Hanoi city)', 0, 0, '2019-03-13 06:20:41', 220, 'Christoph Lange', 1, '11-10-2018', 'C6hgc21jx', '2019-03-28', 'christoph.lange@hotmail.com', 'christoph.lange@ifa-group.com', '18521719439', ''),
(207, 'Normal', 'China', 1, 1, '13/03/2019', '13/03/2019', 4, 'Noi Bai (Hanoi city)', 0, 2, '2019-03-13 06:23:14', 255, '金志权', 1, '26-8-1951', 'eb5913114', '2019-03-13', 'smd235@sohu.com', '', '15257468400', ''),
(208, 'Normal', 'China', 1, 1, '13/03/2019', '13/03/2019', 4, 'Noi Bai (Hanoi city)', 0, 2, '2019-03-13 06:23:22', 255, '金志权', 1, '26-8-1951', 'eb5913114', '2019-03-13', 'smd235@sohu.com', '', '15257468400', ''),
(209, 'Normal', 'Germany', 1, 1, '13/03/2019', '13/03/2019', 4, 'Noi Bai (Hanoi city)', 0, 0, '2019-03-13 06:32:00', 220, 'Christoph Lange', 1, '11-10-2018', 'C6hgc21jx', '2019-03-28', 'christoph.lange@hotmail.com', 'christoph.lange@ifa-group.com', '18521719439', ''),
(210, 'Normal', 'USA', 1, 1, '14/03/2019', '14/03/2019', 4, 'Noi Bai (Hanoi city)', 0, 0, '2019-03-14 05:52:47', 220, 'Vincent Vestal Klees', 1, '22-4-1955', '505988806', '2024-08-27', 'kleesv@gmail.com', 'kleesv@gmail.com', '3124511880', ''),
(211, 'Normal', 'USA', 1, 1, '14/03/2019', '14/03/2019', 4, 'Noi Bai (Hanoi city)', 0, 0, '2019-03-14 05:52:53', 220, 'Vincent Vestal Klees', 1, '22-4-1955', '505988806', '2024-08-27', 'kleesv@gmail.com', 'kleesv@gmail.com', '3124511880', ''),
(212, 'Normal', 'USA', 1, 1, '17/03/2019', '17/03/2019', 4, 'Noi Bai (Hanoi city)', 0, 0, '2019-03-17 05:46:58', 220, 'Christopher John Talbert ', 1, '30-6-1972', '561695782', '2028-02-22', 'cjtalber@scj.com', 'cjtalbert44@gmail.com', '12624975336', ''),
(213, 'Normal', 'USA', 1, 1, '17/03/2019', '17/03/2019', 4, 'Noi Bai (Hanoi city)', 0, 0, '2019-03-17 05:47:05', 220, 'Christopher John Talbert ', 1, '30-6-1972', '561695782', '2028-02-22', 'cjtalber@scj.com', 'cjtalbert44@gmail.com', '12624975336', ''),
(214, 'Normal', 'USA', 1, 1, '17/03/2019', '17/03/2019', 4, 'Noi Bai (Hanoi city)', 0, 0, '2019-03-17 05:47:11', 220, 'Christopher John Talbert ', 1, '30-6-1972', '561695782', '2028-02-22', 'cjtalber@scj.com', 'cjtalbert44@gmail.com', '12624975336', ''),
(215, 'Normal', 'USA', 1, 1, '17/03/2019', '17/03/2019', 4, 'Noi Bai (Hanoi city)', 0, 0, '2019-03-17 05:50:31', 220, 'Linda-Lou O’Connor', 0, '15-9-1968', '518701613', '2024-09-18', 'lindaloufly@gmail.com', 'lindaloufly@yahoo.com', '13023545124', ''),
(216, 'Normal', 'USA', 1, 1, '17/03/2019', '17/03/2019', 4, 'Noi Bai (Hanoi city)', 0, 0, '2019-03-17 05:50:37', 220, 'Linda-Lou O’Connor', 0, '15-9-1968', '518701613', '2024-09-18', 'lindaloufly@gmail.com', 'lindaloufly@yahoo.com', '13023545124', ''),
(217, 'Normal', 'USA', 1, 1, '17/03/2019', '17/03/2019', 4, 'Noi Bai (Hanoi city)', 0, 0, '2019-03-17 05:58:33', 220, 'Linda-Lou O’Connor', 0, '15-9-1968', '518701613', '2024-09-18', 'lindaloufly@gmail.com', 'lindaloufly@yahoo.com', '13023545124', ''),
(218, 'Normal', 'USA', 1, 1, '17/03/2019', '17/03/2019', 4, 'Noi Bai (Hanoi city)', 0, 0, '2019-03-17 05:58:40', 220, 'Linda-Lou O’Connor', 0, '15-9-1968', '518701613', '2024-09-18', 'lindaloufly@gmail.com', 'lindaloufly@yahoo.com', '13023545124', ''),
(219, 'Normal', 'USA', 1, 1, '17/03/2019', '17/03/2019', 4, 'Noi Bai (Hanoi city)', 0, 0, '2019-03-17 06:01:02', 220, 'Linda-Lou O’connor ', 0, '15-8-1968', '518701613', '2024-09-18', 'loconno@scj.com', '', '13023545124', ''),
(220, 'Normal', 'China', 1, 1, '19/03/2019', '19/03/2019', 4, 'Tan Son Nhat (Ho Chi Minh city)', 0, 0, '2019-03-19 05:21:32', 230, 'Wang pao ching', 1, '14-12-1963', '302853381', '2019-03-19', 'paulwang@micb2b.com', '', '008613812071300', ''),
(221, 'Normal', 'United Kingdom', 1, 1, '19/03/2019', '19/03/2019', 4, 'Tan Son Nhat (Ho Chi Minh city)', 0, 0, '2019-03-19 05:50:53', 220, 'Wasyl tustanowskyj', 1, '19-11-1960', '518246203', '2026-07-07', 'russell.tust@hotmail.com', 'w.tustanowskyj@hotmail.co.uk', '008615601639411', ''),
(222, 'Normal', 'United Kingdom', 1, 1, '19/03/2019', '19/03/2019', 4, 'Tan Son Nhat (Ho Chi Minh city)', 0, 0, '2019-03-19 05:50:59', 220, 'Wasyl tustanowskyj', 1, '19-11-1960', '518246203', '2026-07-07', 'russell.tust@hotmail.com', 'w.tustanowskyj@hotmail.co.uk', '008615601639411', ''),
(223, 'Normal', 'Vietnam', 1, 1, '19/03/2019', '19/03/2019', 4, 'Noi Bai (Hanoi city)', 0, 0, '2019-03-19 06:08:59', 220, 'WANGMINGZHONG', 1, '12-9-1971', 'EF588081', '2019-03-19', 'tcmzjd@sina.com', '', '18036156165', ''),
(224, 'Normal', 'China', 1, 1, '21/03/2019', '19/04/2019', 4, 'Noi Bai (Hanoi city)', 0, 3, '2019-03-21 05:23:25', 270, 'Fangyonggang ', 1, '10-6-1979', 'G46179224', '2020-10-08', 'bob.fang@myzygroup.com', '', '15051672105', ''),
(225, 'Normal', 'USA', 1, 1, '25/03/2019', '25/03/2019', 4, 'Noi Bai (Hanoi city)', 0, 2, '2019-03-25 06:00:59', 245, 'Michael jing lee', 1, '11-11-1985', '488735027', '2022-05-17', '874896244@qq.com', '', '13456231197', ''),
(226, 'Normal', 'USA', 1, 1, '25/03/2019', '25/03/2019', 4, 'Noi Bai (Hanoi city)', 0, 2, '2019-03-25 06:01:06', 245, 'Michael jing lee', 1, '11-11-1985', '488735027', '2022-05-17', '874896244@qq.com', '', '13456231197', ''),
(227, 'Normal', 'USA', 1, 1, '25/03/2019', '25/03/2019', 4, 'Noi Bai (Hanoi city)', 0, 2, '2019-03-25 06:01:16', 245, 'Michael jing lee', 1, '11-11-1985', '488735027', '2022-05-17', '874896244@qq.com', '', '13456231197', ''),
(228, 'Normal', 'USA', 1, 1, '25/03/2019', '25/03/2019', 4, 'Noi Bai (Hanoi city)', 0, 2, '2019-03-25 06:01:22', 245, 'Michael jing lee', 1, '11-11-1985', '488735027', '2022-05-17', '874896244@qq.com', '', '13456231197', ''),
(229, 'Normal', 'USA', 1, 1, '25/03/2019', '25/03/2019', 4, 'Noi Bai (Hanoi city)', 0, 2, '2019-03-25 06:01:42', 245, 'Michael jing lee', 1, '11-11-1985', '488735027', '2022-05-17', '874896244@qq.com', '', '13456231197', ''),
(230, 'Normal', 'USA', 1, 1, '25/03/2019', '25/03/2019', 4, 'Noi Bai (Hanoi city)', 0, 2, '2019-03-25 06:01:49', 245, 'Michael jing lee', 1, '11-11-1985', '488735027', '2022-05-17', '874896244@qq.com', '', '13456231197', ''),
(231, 'Normal', 'USA', 1, 1, '25/03/2019', '25/03/2019', 4, 'Noi Bai (Hanoi city)', 0, 2, '2019-03-25 06:01:56', 245, 'Michael jing lee', 1, '11-11-1985', '488735027', '2022-05-17', '874896244@qq.com', '', '13456231197', ''),
(232, 'Normal', 'USA', 1, 1, '26/03/2019', '26/03/2019', 4, 'Noi Bai (Hanoi city)', 0, 0, '2019-03-26 06:21:32', 220, 'Halim Wijaya', 1, '23-10-1963', '457265324', '2019-12-08', 'lwijaya007@yahoo.com', 'lwijaya@ai-thermal.com', '008613671951002', 'Please help urgently: my flight is in 20 min. Thanks '),
(233, 'Normal', 'USA', 1, 1, '26/03/2019', '26/03/2019', 4, 'Noi Bai (Hanoi city)', 0, 0, '2019-03-26 06:21:40', 220, 'Halim Wijaya', 1, '23-10-1963', '457265324', '2019-12-08', 'lwijaya007@yahoo.com', 'lwijaya@ai-thermal.com', '008613671951002', 'Please help urgently: my flight is in 20 min. Thanks '),
(234, 'Normal', 'USA', 1, 1, '26/03/2019', '26/03/2019', 4, 'Noi Bai (Hanoi city)', 0, 0, '2019-03-26 06:21:48', 220, 'Halim Wijaya', 1, '23-10-1963', '457265324', '2019-12-08', 'lwijaya007@yahoo.com', 'lwijaya@ai-thermal.com', '008613671951002', 'Please help urgently: my flight is in 20 min. Thanks '),
(235, 'Normal', 'USA', 1, 1, '26/03/2019', '26/03/2019', 4, 'Tan Son Nhat (Ho Chi Minh city)', 0, 0, '2019-03-26 06:21:52', 220, 'Gustav Mimmig', 1, '28-9-1935', '556387046', '2027-03-12', 'maxkimmog@msn.com', 'maxkimmig@msn.com', '008613560053236', ''),
(236, 'Normal', 'USA', 1, 1, '26/03/2019', '26/03/2019', 4, 'Noi Bai (Hanoi city)', 0, 0, '2019-03-26 06:25:32', 220, 'Halim Wijaya', 1, '23-10-1963', '457265324', '2019-12-08', 'lwijaya007@yahoo.com', 'lwijaya@ai-thermal.com', '008613671951001', 'Please help issue visa urgently. Thanks '),
(237, 'Normal', 'Korea, South', 1, 2, '27/03/2019', '27/03/2019', 4, 'Tan Son Nhat (Ho Chi Minh city)', 0, 2, '2019-03-27 05:39:38', 270, 'LYU SUNG HO', 1, '9-9-1971', 'M47861998', '2020-02-08', 'lsh@pacificcontrols.com.cn', 'sczhuang@pacificcontrols.com.cn', '13912683733', ''),
(238, 'Normal', 'China', 1, 1, '27/03/2019', '27/03/2019', 4, 'Noi Bai (Hanoi city)', 0, 0, '2019-03-27 06:14:16', 230, 'JI XIAOCHUN', 1, '19-12-1970', 'G55044790', '2021-09-08', 'youngan@youngan.com.cn', '', '008613301635759', ''),
(239, 'Normal', 'Italy', 1, 1, '27/03/2019', '27/03/2019', 4, 'Noi Bai (Hanoi city)', 0, 0, '2019-03-27 06:20:26', 220, 'Damiano Giuriato', 1, '6-9-1991', 'ya7910301', '2025-07-19', 'damiano.giuriato@primapower.com', 'damianogiuriato@hotmail.it', '008613560053236', ''),
(240, 'Normal', 'USA', 1, 1, '28/03/2019', '28/03/2019', 4, 'Tan Son Nhat (Ho Chi Minh city)', 0, 0, '2019-03-28 06:23:57', 220, 'Jason Ward', 1, '28-6-1977', '469205535', '2020-05-16', 'jward@flowdry.com', '', '12394055388', ''),
(241, 'Normal', 'China', 1, 1, '30/03/2019', '30/04/2019', 3, 'Tan Son Nhat (Ho Chi Minh city)', 1, 0, '2019-03-30 06:09:03', 110, 'CHEN, BAO', 1, '17-11-1985', 'E02677476', '2022-07-25', '392662796@qq.com', '', '18717937437', ''),
(242, 'Normal', 'USA', 1, 1, '30/03/2019', '30/03/2019', 4, 'Tan Son Nhat (Ho Chi Minh city)', 0, 0, '2019-03-30 06:14:11', 220, 'Edward Chen', 1, '19-4-1970', '531148269', '2026-01-11', 'edwardchen777@yahoo.com', '', '8615502120752', ''),
(243, 'Normal', 'USA', 1, 1, '30/03/2019', '30/03/2019', 4, 'Tan Son Nhat (Ho Chi Minh city)', 0, 0, '2019-03-30 06:14:56', 220, 'Ưeichun Chen', 0, '4-7-1971', '531147719', '2026-01-11', 'ncsh777@yahoo.com', '', '15502170137', ''),
(244, 'Normal', 'USA', 1, 1, '01/04/2019', '01/04/2019', 4, 'Tan Son Nhat (Ho Chi Minh city)', 0, 0, '2019-04-01 05:29:08', 220, 'John F Ha', 1, '28-2-1958', '549430941', '2026-09-20', 'johnfha@gmail.com', '', '12063534989', ''),
(245, 'Normal', 'China', 1, 1, '08/04/2019', '11/04/2019', 1, 'Noi Bai (Hanoi city)', 0, 3, '2019-04-03 03:12:30', 60, 'Chen Zhengyuan', 1, '28-8-1980', 'e54156553', '2025-06-28', '37958804@qq.com', '', '008613812085398', ''),
(246, 'Normal', 'Turkey', 1, 1, '03/04/2019', '03/04/2019', 1, 'Noi Bai (Hanoi city)', 0, 3, '2019-04-03 06:37:15', 50, 'Cuma Cicek', 1, '1-1-1976', 'U21486812', '2019-04-03', 'cuma@sackline.com', '', '008615961202990', 'I need urgent visa now to catch my flight'),
(247, 'Normal', 'Turkey', 1, 4, '03/04/2019', '03/04/2019', 4, 'Noi Bai (Hanoi city)', 0, 0, '2019-04-03 07:00:42', 275, 'Cuma cicek', 1, '1-1-1976', 'U21486812', '2029-05-29', 'cuma@sackline.com', '', '008615961202990', 'Urgent visa'),
(248, 'Normal', 'Turkey', 1, 4, '03/04/2019', '03/04/2019', 4, 'Noi Bai (Hanoi city)', 0, 0, '2019-04-03 07:00:49', 275, 'Cuma cicek', 1, '1-1-1976', 'U21486812', '2029-05-29', 'cuma@sackline.com', '', '008615961202990', 'Urgent visa'),
(249, 'Normal', 'USA', 1, 1, '04/04/2019', '07/04/2019', 4, 'Noi Bai (Hanoi city)', 0, 0, '2019-04-04 05:57:51', 220, 'Guo Na Amy', 0, '26-6-1992', '566411781', '2029-02-18', 'naamyguo@gmail.com', 'naamyguo@hotmail.com', '', ''),
(250, 'Normal', 'USA', 1, 1, '03/04/2019', '07/04/2019', 4, 'Noi Bai (Hanoi city)', 0, 0, '2019-04-04 06:04:32', 220, 'Noelle Grace Christensen', 0, '13-12-1992', '515701487', '2024-04-08', 'noellegrace92@yahoo.com', '', '8613386236551', ''),
(251, 'Normal', 'China', 1, 1, '04/04/2019', '04/04/2019', 4, 'Noi Bai (Hanoi city)', 0, 0, '2019-04-04 06:24:09', 230, 'Xin Lin', 1, '8-12-1994', 'G49860962', '2021-03-13', 'linxx@hendrix.edu', 'linxx@hendrix.edu', '8613218038851', ''),
(252, 'Normal', 'USA', 1, 1, '04/04/2019', '07/04/2019', 4, 'Noi Bai (Hanoi city)', 0, 0, '2019-04-04 06:25:53', 220, 'Danielle Marie Shuey ', 0, '2-10-1986', '566380699', '2028-09-12', 'deeshuey@gmail.com', '', '0013122038653', ''),
(253, 'Normal', 'USA', 1, 1, '03/04/2019', '07/04/2019', 4, 'Noi Bai (Hanoi city)', 0, 0, '2019-04-04 06:26:21', 220, 'Noelle Grace Christensen', 0, '13-12-1992', '515701487', '2024-04-08', 'noellegrace92@yahoo.com', '', '8613386236551', ''),
(254, 'Normal', 'USA', 1, 1, '03/04/2019', '07/04/2019', 4, 'Noi Bai (Hanoi city)', 0, 0, '2019-04-04 06:26:27', 220, 'Noelle Grace Christensen', 0, '13-12-1992', '515701487', '2024-04-08', 'noellegrace92@yahoo.com', '', '8613386236551', ''),
(255, 'Normal', 'USA', 1, 1, '03/04/2019', '07/04/2019', 4, 'Noi Bai (Hanoi city)', 0, 0, '2019-04-04 06:26:35', 220, 'Noelle Grace Christensen', 0, '13-12-1992', '515701487', '2024-04-08', 'noellegrace92@yahoo.com', '', '8613386236551', ''),
(256, 'Normal', 'USA', 1, 1, '03/04/2019', '07/04/2019', 4, 'Noi Bai (Hanoi city)', 0, 0, '2019-04-04 06:28:32', 220, 'Noelle Grace Christensen', 0, '13-12-1992', '515701487', '2024-04-08', 'noellegrace92@yahoo.com', '', '8613386236551', ''),
(257, 'Normal', 'USA', 1, 1, '03/04/2019', '07/04/2019', 4, 'Noi Bai (Hanoi city)', 0, 0, '2019-04-04 06:28:40', 220, 'Noelle Grace Christensen', 0, '13-12-1992', '515701487', '2024-04-08', 'noellegrace92@yahoo.com', '', '8613386236551', ''),
(258, 'Normal', 'USA', 1, 1, '03/04/2019', '07/04/2019', 4, 'Noi Bai (Hanoi city)', 0, 0, '2019-04-04 06:28:56', 220, 'Noelle Grace Christensen', 0, '13-12-1992', '515701487', '2024-04-08', 'noellegrace92@yahoo.com', '', '8613386236551', ''),
(259, 'Normal', 'China', 1, 1, '04/04/2019', '04/04/2019', 4, 'Noi Bai (Hanoi city)', 0, 0, '2019-04-04 06:29:23', 230, 'Yunhui Xu', 0, '24-9-1995', 'E01955068', '2022-07-03', 'linxx@hendrix.edu', 'linxx@hendrix.edu', '8613218038851', ''),
(260, 'Normal', 'USA', 1, 1, '03/04/2019', '07/04/2019', 4, 'Noi Bai (Hanoi city)', 0, 0, '2019-04-04 06:30:37', 220, 'Noelle Grace Christensen', 0, '13-12-1992', '515701487', '2024-04-08', 'noellegrace92@yahoo.com', '', '8613386236551', ''),
(261, 'Normal', 'USA', 1, 1, '03/04/2019', '07/04/2019', 4, 'Noi Bai (Hanoi city)', 0, 0, '2019-04-04 06:30:51', 220, 'Noelle Grace Christensen', 0, '13-12-1992', '515701487', '2024-04-08', 'noellegrace92@yahoo.com', '', '8613386236551', ''),
(262, 'Normal', 'China', 1, 1, '04/04/2019', '04/04/2019', 4, 'Noi Bai (Hanoi city)', 0, 0, '2019-04-04 06:35:25', 230, 'Yunhui Xu', 0, '24-9-1995', 'E01955868', '2022-07-03', 'linxx@hendrix.edu', 'linxx@hendrix.edu', '8613218038851', ''),
(263, 'Normal', 'China', 1, 1, '04/04/2019', '04/04/2019', 4, 'Noi Bai (Hanoi city)', 0, 0, '2019-04-04 06:40:48', 230, 'Yunhui Xu', 0, '24-9-1995', 'E01955068', '2022-07-03', 'linxx@hendrix.edu', 'linxx@hendrix.edu', '8613218038851', ''),
(264, 'Normal', 'United Kingdom', 1, 1, '05/04/2019', '05/04/2019', 1, 'Tan Son Nhat (Ho Chi Minh city)', 0, 0, '2019-04-05 05:37:18', 10, 'Andrew piddington ', 1, '25-10-1964', '542499239', '2027-03-10', 'andy.piddington@gmail.com', 'andrew.piddington@ptbsh.com', '18701870074', ''),
(265, 'Normal', 'China', 1, 1, '05/04/2019', '05/04/2019', 4, 'Noi Bai (Hanoi city)', 0, 0, '2019-04-05 06:08:15', 230, 'Yingying Zhu', 0, '23-12-1994', 'E32068823', '2019-04-05', 'zyy19941223@yahoo.com', '', '008615201996057', ''),
(266, 'Normal', 'United Kingdom', 1, 1, '05/04/2019', '05/04/2019', 1, 'Tan Son Nhat (Ho Chi Minh city)', 0, 0, '2019-04-05 06:13:32', 10, 'Andrew piddington ', 1, '25-10-1964', '542499239', '2027-03-10', 'andy.piddington@gmail.com', '', '18701870074', ''),
(267, 'Normal', 'China', 1, 1, '05/04/2019', '05/04/2019', 3, 'Tan Son Nhat (Ho Chi Minh city)', 1, 0, '2019-04-05 06:15:57', 110, 'WU/YANXUAN', 0, '30-8-1990', 'EA1748257', '2027-04-26', 'karen@zjgruiya.com', '', '15895699049', ''),
(268, 'Normal', 'Canada', 1, 1, '06/04/2019', '15/04/2019', 4, 'Noi Bai (Hanoi city)', 0, 0, '2019-04-06 06:40:32', 220, 'Anthony Wong', 1, '26-4-1973', 'HP079250', '2027-04-18', 'aw@artificialempathy.com', 'awong@inmotive.com', '4163055152', 'I am at the airport now. Need immediate service, please. '),
(269, 'Normal', 'Canada', 1, 1, '06/04/2019', '15/04/2019', 4, 'Noi Bai (Hanoi city)', 0, 0, '2019-04-06 06:43:09', 220, 'Anthony Wong', 1, '26-4-1973', 'HP079250', '2027-04-18', 'aw@artificialempathy.com', 'awong@inmotive.com', '4163055152', 'I am at the airport now. Need immediate service, please. '),
(270, 'Normal', 'China', 1, 1, '10/04/2019', '09/05/2019', 1, 'Tan Son Nhat (Ho Chi Minh city)', 0, 3, '2019-04-07 04:58:23', 60, 'XIE JIANDONG', 1, '5-2-1968', 'E61458903', '2025-10-13', '37958804@qq.com', '37958804@qq.com', '8613812085398', 'Flight details:\r\nFligth No. CZ6077\r\nFrom Shanghai to HCMC\r\nDated: 10th April, 2019\r\nArrival time: 12:00'),
(271, 'Normal', 'China', 1, 1, '12/04/2019', '20/04/2019', 4, 'Noi Bai (Hanoi city)', 1, 3, '2019-04-12 06:10:46', 280, 'PIAO JIAN', 1, '5-1-1973', 'E29759311', '2024-09-24', '121951447@qq.com', 'asdf_586974@163.com', '13913150694', ''),
(272, 'Normal', 'China', 1, 4, '25/04/2019', '23/07/2019', 1, 'Tan Son Nhat (Ho Chi Minh city)', 0, 3, '2019-04-15 05:59:14', 40, 'SHAN.JIANXIANG', 1, '2-10-1980', 'EB1939041', '2027-08-30', 'jayson.shang@sicamechina.com', '', '13376113260', ''),
(273, 'Normal', 'New Zealand', 1, 1, '20/04/2019', '20/04/2019', 4, 'Tan Son Nhat (Ho Chi Minh city)', 0, 0, '2019-04-20 05:57:10', 220, 'Holly Campbell', 0, '19-9-1984', 'LK053422', '2026-03-11', 'hollyalexandracampbell@gmail.com', 'holly.campbell@warrenandmahoney.com', '02108420438', ''),
(274, 'Normal', 'Taiwan', 1, 1, '20/04/2019', '20/04/2019', 4, 'Noi Bai (Hanoi city)', 0, 0, '2019-04-20 06:15:40', 220, 'CHAO, SHIH WEI', 1, '3-12-1969', '307320744', '2023-05-08', 'tchao69@me.com', '', '13923889202', ''),
(275, 'Normal', 'Taiwan', 1, 1, '20/04/2019', '20/04/2019', 4, 'Noi Bai (Hanoi city)', 0, 0, '2019-04-20 06:18:21', 220, 'CHAO, SHIH WEI', 1, '3-12-1969', '307320744', '2023-05-08', 'tchao69@me.com', '', '13923889202', ''),
(276, 'Normal', 'China', 1, 1, '22/04/2019', '22/04/2019', 4, 'Tan Son Nhat (Ho Chi Minh city)', 0, 0, '2019-04-22 05:24:38', 230, 'JIANG XIAOQIN', 0, '1-12-1981', 'EC4040084', '2028-04-03', 'vivian@zw-fabric.com', '', '', ''),
(277, 'Normal', 'China', 1, 1, '22/04/2019', '22/04/2019', 4, 'Tan Son Nhat (Ho Chi Minh city)', 0, 0, '2019-04-22 05:24:51', 230, 'JIANG XIAOQIN', 0, '1-12-1981', 'EC4040084', '2028-04-03', 'vivian@zw-fabric.com', '', '', ''),
(278, 'Normal', 'China', 1, 1, '22/04/2019', '22/04/2019', 4, 'Tan Son Nhat (Ho Chi Minh city)', 0, 0, '2019-04-22 05:25:05', 230, 'JIANG XIAOQIN', 0, '1-12-1981', 'EC4040084', '2028-04-03', 'vivian@zw-fabric.com', '', '', ''),
(279, 'Normal', 'China', 1, 1, '22/04/2019', '22/04/2019', 4, 'Tan Son Nhat (Ho Chi Minh city)', 0, 0, '2019-04-22 05:25:21', 230, 'JIANG XIAOQIN', 0, '1-12-1981', 'EC4040084', '2028-04-03', 'vivian@zw-fabric.com', '', '', ''),
(280, 'Normal', 'China', 1, 1, '22/04/2019', '22/04/2019', 4, 'Tan Son Nhat (Ho Chi Minh city)', 0, 0, '2019-04-22 05:25:38', 230, 'JIANG XIAOQIN', 0, '1-12-1981', 'EC4040084', '2028-04-03', 'vivian@zw-fabric.com', '', '', ''),
(281, 'Normal', 'China', 1, 1, '22/04/2019', '22/04/2019', 4, 'Tan Son Nhat (Ho Chi Minh city)', 0, 0, '2019-04-22 05:25:44', 230, 'JIANG XIAOQIN', 0, '1-12-1981', 'EC4040084', '2028-04-03', 'vivian@zw-fabric.com', '', '', ''),
(282, 'Normal', 'China', 1, 1, '22/04/2019', '22/04/2019', 4, 'Tan Son Nhat (Ho Chi Minh city)', 0, 0, '2019-04-22 05:25:55', 230, 'JIANG XIAOQIN', 0, '1-12-1981', 'EC4040084', '2028-04-03', 'vivian@zw-fabric.com', '', '', ''),
(283, 'Normal', 'China', 1, 1, '22/04/2019', '22/04/2019', 4, 'Tan Son Nhat (Ho Chi Minh city)', 0, 0, '2019-04-22 05:26:10', 230, 'JIANG XIAOQIN', 0, '1-12-1981', 'EC4040084', '2028-04-03', 'vivian@zw-fabric.com', '', '', ''),
(284, 'Normal', 'China', 1, 1, '22/04/2019', '22/04/2019', 4, 'Tan Son Nhat (Ho Chi Minh city)', 0, 0, '2019-04-22 05:26:23', 230, 'JIANG XIAOQIN', 0, '1-12-1981', 'EC4040084', '2028-04-03', 'vivian@zw-fabric.com', '', '', ''),
(285, 'Normal', 'China', 1, 1, '22/04/2019', '22/04/2019', 4, 'Tan Son Nhat (Ho Chi Minh city)', 0, 0, '2019-04-22 05:26:37', 230, 'JIANG XIAOQIN', 0, '1-12-1981', 'EC4040084', '2028-04-03', 'vivian@zw-fabric.com', '', '', ''),
(286, 'Normal', 'China', 1, 1, '22/04/2019', '22/04/2019', 4, 'Tan Son Nhat (Ho Chi Minh city)', 0, 0, '2019-04-22 05:26:49', 230, 'JIANG XIAOQIN', 0, '1-12-1981', 'EC4040084', '2028-04-03', 'vivian@zw-fabric.com', '', '', ''),
(287, 'Normal', 'China', 1, 1, '22/04/2019', '22/04/2019', 4, 'Tan Son Nhat (Ho Chi Minh city)', 0, 0, '2019-04-22 05:26:58', 230, 'JIANG XIAOQIN', 0, '1-12-1981', 'EC4040084', '2028-04-03', 'vivian@zw-fabric.com', '', '', ''),
(288, 'Normal', 'China', 1, 1, '22/04/2019', '22/04/2019', 4, 'Tan Son Nhat (Ho Chi Minh city)', 0, 0, '2019-04-22 05:27:17', 230, 'JIANG XIAOQIN', 0, '1-12-1981', 'EC4040084', '2028-04-03', 'vivian@zw-fabric.com', '', '', ''),
(289, 'Normal', 'China', 1, 1, '22/04/2019', '22/04/2019', 4, 'Tan Son Nhat (Ho Chi Minh city)', 0, 0, '2019-04-22 05:27:29', 230, 'JIANG XIAOQIN', 0, '1-12-1981', 'EC4040084', '2028-04-03', 'vivian@zw-fabric.com', '', '', ''),
(290, 'Normal', 'China', 1, 1, '22/04/2019', '22/04/2019', 4, 'Tan Son Nhat (Ho Chi Minh city)', 0, 0, '2019-04-22 05:27:40', 230, 'JIANG XIAOQIN', 0, '1-12-1981', 'EC4040084', '2028-04-03', 'vivian@zw-fabric.com', '', '', ''),
(291, 'Normal', 'USA', 1, 1, '05/05/2019', '05/05/2019', 4, 'Tan Son Nhat (Ho Chi Minh city)', 0, 0, '2019-05-05 05:55:44', 220, 'John chanhyung park', 1, '11-9-1965', '545983732', '2026-06-23', 'john_c_park@yahoo.com', 'john.c.park@gmail.com', '008613918228777', ''),
(292, 'Normal', 'China', 1, 1, '11/05/2019', '14/05/2019', 4, 'Tan Son Nhat (Ho Chi Minh city)', 1, 0, '2019-05-11 05:19:24', 240, 'Lu chih chieh', 1, '1-12-1978', '305153914', '2019-05-11', 'george.lu@sgl-sha.com', '', '8613818975755', ''),
(293, 'Normal', 'Taiwan', 1, 1, '12/05/2019', '16/05/2019', 4, 'Tan Son Nhat (Ho Chi Minh city)', 1, 0, '2019-05-12 04:56:53', 230, 'Huang Kuan po ', 1, '13-5-1971', '351967910', '2029-05-26', 'polo@yidesx.com', 'polo@yidesx.com', '008613615759330', ''),
(294, 'Normal', 'USA', 1, 1, '12/05/2019', '18/05/2019', 4, 'Tan Son Nhat (Ho Chi Minh city)', 0, 0, '2019-05-12 05:43:32', 220, 'Bruce B Zutler', 1, '7-12-1960', '530444029', '2025-03-15', 'bzutler@globalindustrial.com', '', '15166627369', ''),
(295, 'Normal', 'USA', 1, 1, '18/05/2019', '18/05/2019', 4, 'Tan Son Nhat (Ho Chi Minh city)', 0, 3, '2019-05-18 05:23:05', 260, 'Sẽ thủ Black Edward Fuller Jr', 1, '3-6-1959', '488864460', '2021-11-21', 'Artfuller7@gmail.com', 'Artfuller7@gmail.com', '2033001817', ''),
(296, 'Normal', 'USA', 1, 1, '18/05/2019', '18/05/2019', 4, 'Tan Son Nhat (Ho Chi Minh city)', 0, 3, '2019-05-18 05:24:03', 260, 'Sẽ thủ Black Edward Fuller Jr', 1, '3-6-1959', '488864460', '2021-11-21', 'Artfuller7@gmail.com', 'Artfuller7@gmail.com', '2033001817', ''),
(297, 'Normal', 'Taiwan', 1, 1, '24/05/2019', '24/05/2019', 4, 'Tan Son Nhat (Ho Chi Minh city)', 0, 0, '2019-05-24 06:05:29', 220, 'HUANG,BO-CHEN', 0, '11-9-1985', '351808044', '2029-02-25', 'alen19850911@sina.com', '', '18721371174', ''),
(298, 'Normal', 'Vietnam', 1, 1, '23/06/2019', '23/06/2019', 3, 'Noi Bai (Hanoi city)', 0, 0, '2019-06-23 05:55:39', 90, 'Shen Lin ', 0, '27-7-1974', 'G52686364', '2021-06-20', 'anna.shen@veritivcorp.con', '', '13918080427', ''),
(299, 'Normal', 'China', 1, 1, '23/06/2019', '26/06/2019', 3, 'Noi Bai (Hanoi city)', 0, 3, '2019-06-23 05:58:27', 140, 'Shen Lin', 0, '27-7-1974', 'G52686364', '2021-06-20', 'anna.shen@veritivcorp.com', '', '139180804271520', ''),
(300, 'Normal', 'China', 1, 1, '23/06/2019', '27/06/2019', 4, 'Noi Bai (Hanoi city)', 0, 3, '2019-06-23 06:01:15', 270, 'Hi Xuebao', 1, '29-12-1978', 'E122504', '2021-06-23', 'ghhjjj@126.com', '', '18616578021', 'No'),
(301, 'Normal', 'Austria', 1, 1, '23/06/2019', '23/06/2019', 1, 'Noi Bai (Hanoi city)', 0, 0, '2019-06-23 06:18:58', 10, 'jaosn tran', 0, '4-2-1968', '04570954m', '2019-06-23', 'hienhuynh.tigerminigolf@gmail.com', 'hienhuynh.tigerminigolf@gmail.com', '902928926', ''),
(302, 'Normal', 'China', 1, 1, '23/06/2019', '23/06/2019', 2, 'Noi Bai (Hanoi city)', 0, 0, '2019-06-23 06:25:36', 40, 'TIANYI CHEN', 1, '2-9-1992', 'G42464036', '2019-06-23', 'chentianyi0902@outlook.com', 'chentianyi0902@outlook.com', '13771223747', 'no'),
(303, 'Normal', 'China', 1, 1, '23/06/2019', '23/06/2019', 2, 'Noi Bai (Hanoi city)', 0, 0, '2019-06-23 06:25:42', 40, 'TIANYI CHEN', 1, '2-9-1992', 'G42464036', '2019-06-23', 'chentianyi0902@outlook.com', 'chentianyi0902@outlook.com', '13771223747', 'no'),
(304, 'Normal', 'China', 1, 1, '23/06/2019', '23/06/2019', 2, 'Noi Bai (Hanoi city)', 0, 0, '2019-06-23 06:26:13', 40, 'TIANYI CHEN', 1, '2-9-1992', 'G42464036', '2019-06-23', 'chentianyi0902@outlook.com', 'chentianyi0902@outlook.com', '13771223747', 'no'),
(305, 'Normal', 'Japan', 1, 1, '25/06/2019', '25/06/2019', 2, 'Noi Bai (Hanoi city)', 0, 0, '2019-06-25 06:39:33', 30, 'HAYASHI MASARU', 1, '10-3-1972', 'TK3862233', '2021-03-07', 'hayashi@argojc.com', 'hayashi@argojc.com', '18602168369', ''),
(306, 'Normal', 'Portugal', 1, 1, '29/06/2019', '17/07/2019', 4, 'Noi Bai (Hanoi city)', 0, 0, '2019-06-29 06:22:17', 220, 'Maria Jose Ribeiro Poco', 0, '18-6-1960', 'N711785', '2020-06-12', 'maria.poco@mppharma.co.za', '', '00351919113112', 'Require the registration email urgently. '),
(307, 'Normal', 'China', 1, 4, '10/07/2019', '10/10/2019', 1, 'Tan Son Nhat (Ho Chi Minh city)', 0, 3, '2019-07-01 06:05:42', 80, 'LIU,XIAOFEI', 1, '4-11-1990', 'EG5895034', '2029-06-18', 'jayson.shang@sicamechina.com', '', '008613376113260', ''),
(308, 'Normal', 'China', 1, 4, '10/07/2019', '10/10/2019', 1, 'Tan Son Nhat (Ho Chi Minh city)', 0, 3, '2019-07-01 06:06:14', 80, 'LIU,JIAN', 1, '18-9-1967', 'EG6626899', '2029-06-20', 'jayson.shang@sicamechina.com', '', '008613376113260', ''),
(309, 'Normal', 'USA', 1, 2, '01/07/2019', '01/07/2019', 4, 'Noi Bai (Hanoi city)', 0, 3, '2019-07-01 07:03:24', 285, 'xiaolin zhuo ', 1, '2-1-1957', '545409482', '2026-02-26', 'g14058@yahoo.com', '', '13371972339', 'urgent '),
(310, 'Normal', 'Ecuador', 1, 1, '04/07/2019', '10/07/2019', 2, 'Tan Son Nhat (Ho Chi Minh city)', 0, 0, '2019-07-03 08:10:14', 30, 'Juliana Corral Bustamante', 0, '31-12-1999', 'A6855953', '2024-03-28', 'jcorral18@uwcchina.org', 'jcorral18@uwcchina.org', '8613506240320', ''),
(311, 'Normal', 'Ecuador', 1, 1, '04/07/2019', '10/07/2019', 2, 'Tan Son Nhat (Ho Chi Minh city)', 0, 0, '2019-07-03 08:21:10', 30, 'Juliana Corral Bustamante', 0, '31-12-1999', 'A6855953', '2024-03-28', 'jcorral18@uwcchina.org', 'jcorral18@uwcchina.org', '8613506240320', ''),
(312, 'Normal', 'Ecuador', 1, 1, '04/07/2019', '10/07/2019', 2, 'Tan Son Nhat (Ho Chi Minh city)', 0, 0, '2019-07-03 08:21:17', 30, 'Juliana Corral Bustamante', 0, '31-12-1999', 'A6855953', '2024-03-28', 'jcorral18@uwcchina.org', 'jcorral18@uwcchina.org', '8613506240320', ''),
(313, 'Normal', 'Ecuador', 1, 1, '04/07/2019', '10/07/2019', 2, 'Tan Son Nhat (Ho Chi Minh city)', 0, 0, '2019-07-03 08:30:53', 30, 'Juliana Corral Bustamante ', 0, '31-12-1999', 'A6855983', '2019-07-03', 'jcorral18@uwcchina.org', '', '-88613506240320', ''),
(314, 'Normal', 'China', 1, 1, '03/07/2019', '03/07/2019', 4, 'Cam Ranh( NhaTrang )', 0, 2, '2019-07-03 14:28:45', 255, 'Zhuang Qian', 0, '25-9-1974', 'ED4270938', '2020-08-08', 'changkjs@163.com', '', '1008618621697396', ''),
(315, 'Normal', 'China', 1, 1, '03/07/2019', '03/07/2019', 4, 'Cam Ranh( NhaTrang )', 0, 2, '2019-07-03 14:29:34', 255, 'Zhuang Qian', 0, '25-9-1974', 'ED4270938', '2020-08-08', 'changkjs@163.com', '', '1008618621697396', ''),
(316, 'Normal', 'China', 1, 1, '19/07/2019', '31/07/2019', 4, 'Noi Bai (Hanoi city)', 0, 0, '2019-07-19 05:55:44', 230, 'Chengcheng Liu', 1, '19-11-1988', 'EG2001038', '2029-04-27', 'lcc@36kr.com', '', '008615711066347', ''),
(317, 'Normal', 'China', 1, 1, '19/07/2019', '19/08/2019', 4, 'Noi Bai (Hanoi city)', 0, 0, '2019-07-19 06:02:48', 230, 'Tang Can', 1, '20-4-1993', 'E72087209', '2026-08-03', 'lcc@36kr.com', '', '008615711066347', ''),
(318, 'Normal', 'China', 1, 1, '21/07/2019', '21/07/2019', 4, 'Hai Phong (HPH)', 0, 0, '2019-07-21 05:16:17', 230, 'SUNXIA, JINGHAO', 0, '20-9-2018', 'EG8193123', '2024g-07-03', 'monica.sun@me.com', 'ralf.schelbach@jowat.de', '+8613910166015', ''),
(319, 'Normal', 'China', 2, 1, '25/07/2019', '24/08/2019', 4, 'Tan Son Nhat (Ho Chi Minh city)', 0, 3, '2019-07-25 05:55:02', 310, 'CHU MINGWU', 1, '12-8-1981', 'E15069277', '2023-03-28', 'Matthew@Younsaint.com', '27529361@QQ.com', '13671801555', ''),
(320, 'Normal', 'China', 1, 1, '29/07/2019', '27/08/2019', 2, 'Tan Son Nhat (Ho Chi Minh city)', 1, 3, '2019-07-26 08:18:05', 90, 'XIE JIANDONG', 1, '5-2-1968', 'E61458903', '2025-10-13', '37958804@qq.com', '37958804@qq.com', '8613812085398', 'Flight details: VN523\r\nFrom Shanghai to HCMC\r\nArrival time: 18:50pm\r\n'),
(321, 'Normal', 'China', 1, 1, '29/07/2019', '26/08/2019', 2, 'Tan Son Nhat (Ho Chi Minh city)', 1, 3, '2019-07-26 08:30:06', 90, 'XIE JIANDONG', 1, '5-2-1968', 'E61458903', '2025-10-14', '37958804@qq.com', '37958804@qq.com', '8613812085398', 'Flight No. VN523\r\nFrom Shanghai to HCMC\r\nArrival date: 29th July, 2019\r\nArrival time: 18:50pm\r\n'),
(322, 'Normal', 'China', 1, 1, '30/07/2019', '26/08/2019', 2, 'Tan Son Nhat (Ho Chi Minh city)', 0, 3, '2019-07-27 02:04:36', 80, 'XIE JIANDONG', 1, '5-2-1968', 'E61458903', '2025-10-13', '37958804@qq.com', '37958804@qq.com', '8613812085398', 'Flight No. CZ6077\r\nArrival time: 12:00\r\nArrival date: 30th July, 2019\r\n\r\n'),
(323, 'Normal', 'USA', 1, 1, '27/07/2019', '27/07/2019', 4, 'Tan Son Nhat (Ho Chi Minh city)', 0, 3, '2019-07-27 05:03:07', 260, 'Ryah FANG', 0, '4-7-2017', '563365399', '2022-07-24', 'fangcao31@hotmail.com', '', '008613810348247', ''),
(324, 'Normal', 'USA', 1, 1, '27/07/2019', '04/08/2019', 4, 'Tan Son Nhat (Ho Chi Minh city)', 0, 3, '2019-07-27 05:03:28', 260, 'Ysabel FANG', 0, '2-2-2014', '560124410', '2022-06-07', 'fangcao31@hotmail.com', '', '008613810348247', ''),
(325, 'Normal', 'USA', 1, 1, '27/07/2019', '04/08/2019', 4, 'Tan Son Nhat (Ho Chi Minh city)', 0, 3, '2019-07-27 05:05:00', 260, 'Ysabel FANG', 0, '2-2-2014', '560124410', '2022-06-07', 'fangcao31@hotmail.com', '', '008613810348247', ''),
(326, 'Normal', 'USA', 1, 1, '27/07/2019', '04/08/2019', 4, 'Tan Son Nhat (Ho Chi Minh city)', 0, 3, '2019-07-27 05:06:00', 260, 'Ryah FANG', 0, '4-7-2017', '563365399', '2022-07-24', 'fangcao31@hotmail.com', '', '008613810348247', ''),
(327, 'Normal', 'United Kingdom', 1, 2, '27/07/2019', '27/08/2019', 3, 'Noi Bai (Hanoi city)', 0, 0, '2019-07-27 05:33:29', 92, 'Deok Jang', 1, '29-3-1975', '538930525', '2027-10-08', 'deokjang@yahoo.com', '', '07970683287', ''),
(328, 'Normal', 'USA', 1, 1, '28/07/2019', '28/08/2019', 4, 'Tan Son Nhat (Ho Chi Minh city)', 0, 2, '2019-07-29 05:35:46', 245, 'Chau Thi Nguyen', 0, '10-10-1971', '477314510', '2021-01-30', 'tbhuynh29@yahoo.com', 'beier_schneider@yahoo.com', '4694322002', 'Our flight leaves in 2 hours. Please process our urgent request. Thank you. '),
(329, 'Normal', 'USA', 1, 1, '28/07/2019', '28/08/2019', 4, 'Tan Son Nhat (Ho Chi Minh city)', 0, 2, '2019-07-29 05:40:36', 245, 'Peter Cong Huynh', 1, '15-4-2002', '576496666', '2023-01-18', 'tbhuynh29@yahoo.com', 'beier_schneider@yahoo.com', '4694322002', 'Our flight leaves in 2 hours. Please process our urgent request. Thank you. '),
(330, 'Normal', 'China', 1, 1, '29/07/2019', '29/08/2019', 4, 'Noi Bai (Hanoi city)', 0, 0, '2019-07-29 05:46:29', 230, 'LIU ZHU', 1, '26-10-1966', 'ED9279955', '2028-07-30', 'sliu@irco.com', 'steveldnn@hotmail.com', '13501652752', ''),
(331, 'Normal', 'China', 1, 1, '02/08/2019', '09/08/2019', 4, 'Tan Son Nhat (Ho Chi Minh city)', 1, 2, '2019-08-02 04:58:48', 265, 'SUN GUOZHONG', 1, '24-11-1959', 'EG3069595', '2029-06-27', '11330262@QQ.COM', '', '13505807307', ''),
(332, 'Normal', 'China', 1, 1, '02/08/2019', '09/08/2019', 4, 'Tan Son Nhat (Ho Chi Minh city)', 1, 2, '2019-08-02 04:58:56', 265, 'SUN GUOZHONG', 1, '24-11-1959', 'EG3069595', '2029-06-27', '11330262@QQ.COM', '', '13505807307', ''),
(333, 'Normal', 'China', 1, 1, '02/08/2019', '09/08/2019', 4, 'Tan Son Nhat (Ho Chi Minh city)', 1, 2, '2019-08-02 05:11:47', 265, 'SUN GUOZHONG', 1, '24-11-1959', 'EG3069595', '2029-06-27', '11330262@QQ.COM', '', '13505807307', ''),
(334, 'Normal', 'China', 1, 1, '04/08/2019', '04/08/2019', 1, 'Noi Bai (Hanoi city)', 0, 3, '2019-08-04 05:05:52', 60, 'Liang Tang', 1, '10-2-1978', 'E97597608', '2027-03-03', 'ltang@cicfh.com', 'ywang@cicfh.com', '8618600033733', ''),
(335, 'Normal', 'USA', 1, 1, '04/08/2019', '04/08/2019', 4, 'Tan Son Nhat (Ho Chi Minh city)', 0, 2, '2019-08-04 05:08:06', 245, 'Ella Griffith', 0, '6-4-1998', '545260360', '2026-05-10', 'ellak.griff@berkeley.edu', '', '17075489092', 'I am at the airport and the Visa I requested had the wrong passport number so they will not let me leave China I really need a Visa to make my flight! '),
(336, 'Normal', 'China', 1, 1, '04/08/2019', '07/08/2019', 3, 'Noi Bai (Hanoi city)', 0, 3, '2019-08-04 05:32:34', 140, 'liang Tang', 1, '10-2-1978', 'e97597508', '2019-08-04', 'ltang@cicfh.com', 'ltang@cicfh.com', '+8618600033733', ''),
(337, 'Normal', 'China', 1, 1, '04/08/2019', '07/08/2019', 3, 'Noi Bai (Hanoi city)', 0, 3, '2019-08-04 05:32:41', 140, 'liang Tang', 1, '10-2-1978', 'e97597508', '2019-08-04', 'ltang@cicfh.com', 'ltang@cicfh.com', '+8618600033733', ''),
(338, 'Normal', 'China', 1, 1, '04/08/2019', '07/08/2019', 3, 'Noi Bai (Hanoi city)', 0, 3, '2019-08-04 05:32:47', 140, 'liang Tang', 1, '10-2-1978', 'e97597508', '2019-08-04', 'ltang@cicfh.com', 'ltang@cicfh.com', '+8618600033733', ''),
(339, 'Normal', 'China', 1, 1, '04/08/2019', '07/08/2019', 3, 'Noi Bai (Hanoi city)', 0, 3, '2019-08-04 05:32:54', 140, 'liang Tang', 1, '10-2-1978', 'e97597508', '2019-08-04', 'ltang@cicfh.com', 'ltang@cicfh.com', '+8618600033733', ''),
(340, 'Normal', 'China', 1, 4, '07/08/2019', '07/11/2019', 1, 'Tan Son Nhat (Ho Chi Minh city)', 0, 3, '2019-08-05 05:31:27', 80, 'SHAN,JIANXINAG', 1, '2-10-1980', 'eb1934041', '2027-08-30', 'jayson.shang@sicamechina.com', '', '13376113260', ''),
(341, 'Normal', 'Vietnam', 2, 1, '14/08/2019', '16/08/2019', 3, 'Noi Bai (Hanoi city)', 0, 2, '2019-08-14 06:34:47', 160, 'Aalt Jan Bakker', 1, '22-1-1971', 'NW1HC1P12', '2027-06-12', 'qualityad@hotmail.nl', 'qualityad@hotmail.nl', '07495781079', ''),
(342, 'Normal', 'Italy', 1, 4, '23/08/2019', '22/11/2019', 1, 'Tan Son Nhat (Ho Chi Minh city)', 1, 3, '2019-08-21 15:29:43', 80, 'LUCIO BRESIN', 1, '14-5-1967', 'YB1801280', '20280118', 'lucix_7@hotmail.com', 'luciobresin@hotmail.com', '008618652000722', 'hi. will arrive on 23 in the evening or very early morning of 24 August. Will pay cash preferably as done in the past. This Time I will leave on Sunday 25/very short stay, but need 3 months multiple entry visa.\r\n\r\nwill confirm you my flight on tomorrow or early Friday morning.\r\nneed the copy of the invitation letter to board the plane (I will leave from Shanghai)\r\n\r\nPlease provide the fastest service , I rely on the very good experience I had with you several time in the last year.\r\nlook forward to your confirmation \r\nThank you\r\nLucio Bresin'),
(343, 'Normal', 'Italy', 1, 4, '23/08/2019', '22/11/2019', 1, 'Tan Son Nhat (Ho Chi Minh city)', 1, 3, '2019-08-21 15:29:52', 80, 'LUCIO BRESIN', 1, '14-5-1967', 'YB1801280', '20280118', 'lucix_7@hotmail.com', 'luciobresin@hotmail.com', '008618652000722', 'hi. will arrive on 23 in the evening or very early morning of 24 August. Will pay cash preferably as done in the past. This Time I will leave on Sunday 25/very short stay, but need 3 months multiple entry visa.\r\n\r\nwill confirm you my flight on tomorrow or early Friday morning.\r\nneed the copy of the invitation letter to board the plane (I will leave from Shanghai)\r\n\r\nPlease provide the fastest service , I rely on the very good experience I had with you several time in the last year.\r\nlook forward to your confirmation \r\nThank you\r\nLucio Bresin'),
(344, 'Normal', 'Italy', 1, 4, '23/08/2019', '22/11/2019', 1, 'Tan Son Nhat (Ho Chi Minh city)', 1, 3, '2019-08-21 15:30:11', 80, 'LUCIO BRESIN', 1, '14-5-1967', 'YB1801280', '20280118', 'lucix_7@hotmail.com', 'luciobresin@hotmail.com', '008618652000722', 'hi. will arrive on 23 in the evening or very early morning of 24 August. Will pay cash preferably as done in the past. This Time I will leave on Sunday 25/very short stay, but need 3 months multiple entry visa.\r\n\r\nwill confirm you my flight on tomorrow or early Friday morning.\r\nneed the copy of the invitation letter to board the plane (I will leave from Shanghai)\r\n\r\nPlease provide the fastest service , I rely on the very good experience I had with you several time in the last year.\r\nlook forward to your confirmation \r\nThank you\r\nLucio Bresin'),
(345, 'Normal', 'USA', 1, 1, '22/08/2019', '22/08/2019', 4, 'Tan Son Nhat (Ho Chi Minh city)', 0, 0, '2019-08-22 05:23:34', 220, 'Thomas Francis rovtar', 1, '18-2-1951', '545481178', '2026-03-13', 'tompurdue@hotmail.com', '', '6304301793', ''),
(346, 'Normal', 'New Zealand', 1, 1, '24/08/2019', '27/08/2019', 4, 'Tan Son Nhat (Ho Chi Minh city)', 0, 0, '2019-08-24 05:48:06', 220, 'Daniel Mclaughlin', 1, '18-11-1981', 'LL488726', '2020-09-02', 'daniel@rsdistillingco.com', 'daniel@rsdistillingco.com', '6421906936', 'Please process urgently as my flight is closing in 20 minutes');

-- --------------------------------------------------------

--
-- Cấu trúc bảng cho bảng `wishlist`
--

CREATE TABLE `wishlist` (
  `wishlist_id` int(11) NOT NULL,
  `user_id` int(11) DEFAULT NULL,
  `product_id` int(11) DEFAULT NULL,
  `wishlist_created_date` datetime DEFAULT NULL,
  `product_name` text COLLATE utf8_unicode_ci,
  `state` int(11) NOT NULL DEFAULT '0'
) ENGINE=InnoDB DEFAULT CHARSET=utf8 COLLATE=utf8_unicode_ci;

--
-- Chỉ mục cho các bảng đã đổ
--

--
-- Chỉ mục cho bảng `admin`
--
ALTER TABLE `admin`
  ADD PRIMARY KEY (`admin_id`),
  ADD KEY `admin_role` (`admin_role`),
  ADD KEY `admin_state` (`admin_state`);

--
-- Chỉ mục cho bảng `admin_role`
--
ALTER TABLE `admin_role`
  ADD PRIMARY KEY (`admin_role_id`);

--
-- Chỉ mục cho bảng `arrival_departure`
--
ALTER TABLE `arrival_departure`
  ADD PRIMARY KEY (`id`);

--
-- Chỉ mục cho bảng `arrival_only`
--
ALTER TABLE `arrival_only`
  ADD PRIMARY KEY (`id`);

--
-- Chỉ mục cho bảng `book`
--
ALTER TABLE `book`
  ADD PRIMARY KEY (`id`);

--
-- Chỉ mục cho bảng `cart`
--
ALTER TABLE `cart`
  ADD PRIMARY KEY (`id_cart`);

--
-- Chỉ mục cho bảng `cartdetail`
--
ALTER TABLE `cartdetail`
  ADD PRIMARY KEY (`id_cartDetail`),
  ADD KEY `id_cart` (`id_cart`);

--
-- Chỉ mục cho bảng `color`
--
ALTER TABLE `color`
  ADD PRIMARY KEY (`color_id`),
  ADD KEY `product_id` (`product_id`);

--
-- Chỉ mục cho bảng `config`
--
ALTER TABLE `config`
  ADD PRIMARY KEY (`config_id`);

--
-- Chỉ mục cho bảng `config_languages`
--
ALTER TABLE `config_languages`
  ADD PRIMARY KEY (`id`),
  ADD KEY `config_id` (`config_id`);

--
-- Chỉ mục cho bảng `connection_transit`
--
ALTER TABLE `connection_transit`
  ADD PRIMARY KEY (`id`);

--
-- Chỉ mục cho bảng `currency`
--
ALTER TABLE `currency`
  ADD PRIMARY KEY (`currency_id`),
  ADD UNIQUE KEY `currency_code` (`currency_code`);

--
-- Chỉ mục cho bảng `customer`
--
ALTER TABLE `customer`
  ADD PRIMARY KEY (`id`);

--
-- Chỉ mục cho bảng `departure_only`
--
ALTER TABLE `departure_only`
  ADD PRIMARY KEY (`id`);

--
-- Chỉ mục cho bảng `languages`
--
ALTER TABLE `languages`
  ADD PRIMARY KEY (`languages_id`);

--
-- Chỉ mục cho bảng `lien_he`
--
ALTER TABLE `lien_he`
  ADD PRIMARY KEY (`id`);

--
-- Chỉ mục cho bảng `menu`
--
ALTER TABLE `menu`
  ADD PRIMARY KEY (`menu_id`),
  ADD KEY `menu_type_id` (`menu_type_id`),
  ADD KEY `product_id` (`product_id`),
  ADD KEY `page_id` (`page_id`),
  ADD KEY `news_id` (`news_id`),
  ADD KEY `state` (`state`),
  ADD KEY `menu_parent` (`menu_parent`),
  ADD KEY `productcat_id` (`productcat_id`),
  ADD KEY `newscat_id` (`newscat_id`);

--
-- Chỉ mục cho bảng `menu_languages`
--
ALTER TABLE `menu_languages`
  ADD PRIMARY KEY (`id`),
  ADD KEY `menu_id` (`menu_id`);

--
-- Chỉ mục cho bảng `menu_type`
--
ALTER TABLE `menu_type`
  ADD PRIMARY KEY (`menu_type_id`);

--
-- Chỉ mục cho bảng `menu_type_languages`
--
ALTER TABLE `menu_type_languages`
  ADD PRIMARY KEY (`id`),
  ADD KEY `fk_menu_type` (`menu_type_id`);

--
-- Chỉ mục cho bảng `news`
--
ALTER TABLE `news`
  ADD PRIMARY KEY (`news_id`),
  ADD KEY `created_id` (`created_id`);

--
-- Chỉ mục cho bảng `newscat`
--
ALTER TABLE `newscat`
  ADD PRIMARY KEY (`newscat_id`),
  ADD KEY `created_id` (`created_id`);

--
-- Chỉ mục cho bảng `newscat_languages`
--
ALTER TABLE `newscat_languages`
  ADD PRIMARY KEY (`id`),
  ADD KEY `newscat_id` (`newscat_id`),
  ADD KEY `languages_id` (`languages_code`),
  ADD KEY `edit_state` (`edit_state`);

--
-- Chỉ mục cho bảng `newstag`
--
ALTER TABLE `newstag`
  ADD PRIMARY KEY (`newstag_id`);

--
-- Chỉ mục cho bảng `newstag_languages`
--
ALTER TABLE `newstag_languages`
  ADD PRIMARY KEY (`id`);

--
-- Chỉ mục cho bảng `news_languages`
--
ALTER TABLE `news_languages`
  ADD PRIMARY KEY (`id`),
  ADD KEY `news_id` (`news_id`),
  ADD KEY `languages_id` (`languages_code`),
  ADD KEY `edit_state` (`edit_state`);

--
-- Chỉ mục cho bảng `optionsQ1`
--
ALTER TABLE `optionsQ1`
  ADD PRIMARY KEY (`optionsQ1_id`);

--
-- Chỉ mục cho bảng `optionsQ2`
--
ALTER TABLE `optionsQ2`
  ADD PRIMARY KEY (`optionsQ2_id`);

--
-- Chỉ mục cho bảng `optionsQ3`
--
ALTER TABLE `optionsQ3`
  ADD PRIMARY KEY (`optionsQ3_id`);

--
-- Chỉ mục cho bảng `optionsQ4`
--
ALTER TABLE `optionsQ4`
  ADD PRIMARY KEY (`optionsQ4_id`);

--
-- Chỉ mục cho bảng `optionsQ5`
--
ALTER TABLE `optionsQ5`
  ADD PRIMARY KEY (`optionsQ5_id`);

--
-- Chỉ mục cho bảng `optionsQ6`
--
ALTER TABLE `optionsQ6`
  ADD PRIMARY KEY (`optionsQ6_id`);

--
-- Chỉ mục cho bảng `optionsQ7`
--
ALTER TABLE `optionsQ7`
  ADD PRIMARY KEY (`optionsQ7_id`);

--
-- Chỉ mục cho bảng `optionsQ8`
--
ALTER TABLE `optionsQ8`
  ADD PRIMARY KEY (`optionsQ8_id`);

--
-- Chỉ mục cho bảng `optionsQ9`
--
ALTER TABLE `optionsQ9`
  ADD PRIMARY KEY (`optionsQ9_id`);

--
-- Chỉ mục cho bảng `orders`
--
ALTER TABLE `orders`
  ADD PRIMARY KEY (`orders_id`),
  ADD KEY `users_id` (`users_id`),
  ADD KEY `orders_state` (`orders_state`),
  ADD KEY `currency_id` (`currency_id`);

--
-- Chỉ mục cho bảng `order_detail`
--
ALTER TABLE `order_detail`
  ADD PRIMARY KEY (`order_detail_id`),
  ADD KEY `order_id` (`order_id`),
  ADD KEY `product_id` (`product_id`),
  ADD KEY `currency_id` (`currency_id`);

--
-- Chỉ mục cho bảng `order_state`
--
ALTER TABLE `order_state`
  ADD PRIMARY KEY (`order_state_id`),
  ADD KEY `state` (`state`);

--
-- Chỉ mục cho bảng `page`
--
ALTER TABLE `page`
  ADD PRIMARY KEY (`page_id`),
  ADD KEY `created_id` (`created_id`);

--
-- Chỉ mục cho bảng `page_languages`
--
ALTER TABLE `page_languages`
  ADD PRIMARY KEY (`id`),
  ADD KEY `page_id` (`page_id`),
  ADD KEY `languages_id` (`languages_code`),
  ADD KEY `edit_state` (`edit_state`);

--
-- Chỉ mục cho bảng `product`
--
ALTER TABLE `product`
  ADD PRIMARY KEY (`product_id`),
  ADD KEY `product_cat_id` (`productcat_id`),
  ADD KEY `product_hot` (`product_hot`),
  ADD KEY `state` (`state`),
  ADD KEY `product_sale` (`product_sale`),
  ADD KEY `product_new` (`product_new`),
  ADD KEY `created_id` (`created_id`);

--
-- Chỉ mục cho bảng `productcat`
--
ALTER TABLE `productcat`
  ADD PRIMARY KEY (`productcat_id`),
  ADD KEY `productcat_sort_order` (`productcat_sort_order`),
  ADD KEY `productcat_parent` (`productcat_parent`),
  ADD KEY `created_id` (`created_id`);

--
-- Chỉ mục cho bảng `productcat_languages`
--
ALTER TABLE `productcat_languages`
  ADD PRIMARY KEY (`id`),
  ADD KEY `product_cat_id` (`productcat_id`),
  ADD KEY `edit_state` (`edit_state`);

--
-- Chỉ mục cho bảng `producttag`
--
ALTER TABLE `producttag`
  ADD PRIMARY KEY (`producttag_id`);

--
-- Chỉ mục cho bảng `producttag_languages`
--
ALTER TABLE `producttag_languages`
  ADD PRIMARY KEY (`id`);

--
-- Chỉ mục cho bảng `product_color`
--
ALTER TABLE `product_color`
  ADD PRIMARY KEY (`id`),
  ADD KEY `product_id` (`product_id`);

--
-- Chỉ mục cho bảng `product_languages`
--
ALTER TABLE `product_languages`
  ADD PRIMARY KEY (`id`),
  ADD KEY `product_id` (`product_id`),
  ADD KEY `edit_state` (`edit_state`);

--
-- Chỉ mục cho bảng `product_producer`
--
ALTER TABLE `product_producer`
  ADD PRIMARY KEY (`producer_id`);

--
-- Chỉ mục cho bảng `product_producer_languages`
--
ALTER TABLE `product_producer_languages`
  ADD PRIMARY KEY (`id`),
  ADD KEY `producer_id` (`producer_id`);

--
-- Chỉ mục cho bảng `pro_color`
--
ALTER TABLE `pro_color`
  ADD PRIMARY KEY (`id`),
  ADD KEY `id_product` (`id_product`);

--
-- Chỉ mục cho bảng `rating`
--
ALTER TABLE `rating`
  ADD PRIMARY KEY (`id`);

--
-- Chỉ mục cho bảng `regInfor`
--
ALTER TABLE `regInfor`
  ADD PRIMARY KEY (`regInfor_id`);

--
-- Chỉ mục cho bảng `regMember`
--
ALTER TABLE `regMember`
  ADD PRIMARY KEY (`regMember_id`);

--
-- Chỉ mục cho bảng `sale`
--
ALTER TABLE `sale`
  ADD PRIMARY KEY (`sale_id`);

--
-- Chỉ mục cho bảng `service`
--
ALTER TABLE `service`
  ADD PRIMARY KEY (`service_id`);

--
-- Chỉ mục cho bảng `servicecat`
--
ALTER TABLE `servicecat`
  ADD PRIMARY KEY (`servicecat_id`);

--
-- Chỉ mục cho bảng `servicecat_languages`
--
ALTER TABLE `servicecat_languages`
  ADD PRIMARY KEY (`id`),
  ADD KEY `fk_servicecat` (`servicecat_id`);

--
-- Chỉ mục cho bảng `servicetag`
--
ALTER TABLE `servicetag`
  ADD PRIMARY KEY (`servicetag_id`);

--
-- Chỉ mục cho bảng `servicetag_languages`
--
ALTER TABLE `servicetag_languages`
  ADD PRIMARY KEY (`id`);

--
-- Chỉ mục cho bảng `service_cn2f`
--
ALTER TABLE `service_cn2f`
  ADD PRIMARY KEY (`id`);

--
-- Chỉ mục cho bảng `service_languages`
--
ALTER TABLE `service_languages`
  ADD PRIMARY KEY (`id`),
  ADD KEY `fk_service` (`service_id`);

--
-- Chỉ mục cho bảng `size`
--
ALTER TABLE `size`
  ADD PRIMARY KEY (`size_id`),
  ADD KEY `color_id` (`color_id`),
  ADD KEY `product_id` (`product_id`);

--
-- Chỉ mục cho bảng `user`
--
ALTER TABLE `user`
  ADD PRIMARY KEY (`id`);

--
-- Chỉ mục cho bảng `user1`
--
ALTER TABLE `user1`
  ADD PRIMARY KEY (`user_id`);

--
-- Chỉ mục cho bảng `user_online`
--
ALTER TABLE `user_online`
  ADD PRIMARY KEY (`tgtmp`),
  ADD KEY `ip` (`ip`),
  ADD KEY `local` (`local`);

--
-- Chỉ mục cho bảng `visa`
--
ALTER TABLE `visa`
  ADD PRIMARY KEY (`id`);

--
-- Chỉ mục cho bảng `wishlist`
--
ALTER TABLE `wishlist`
  ADD PRIMARY KEY (`wishlist_id`),
  ADD KEY `user_id` (`user_id`),
  ADD KEY `product_id` (`product_id`);

--
-- AUTO_INCREMENT cho các bảng đã đổ
--

--
-- AUTO_INCREMENT cho bảng `admin`
--
ALTER TABLE `admin`
  MODIFY `admin_id` int(11) NOT NULL AUTO_INCREMENT, AUTO_INCREMENT=6;

--
-- AUTO_INCREMENT cho bảng `admin_role`
--
ALTER TABLE `admin_role`
  MODIFY `admin_role_id` int(11) NOT NULL AUTO_INCREMENT, AUTO_INCREMENT=3;

--
-- AUTO_INCREMENT cho bảng `arrival_departure`
--
ALTER TABLE `arrival_departure`
  MODIFY `id` int(11) NOT NULL AUTO_INCREMENT, AUTO_INCREMENT=3;

--
-- AUTO_INCREMENT cho bảng `arrival_only`
--
ALTER TABLE `arrival_only`
  MODIFY `id` int(11) NOT NULL AUTO_INCREMENT, AUTO_INCREMENT=13;

--
-- AUTO_INCREMENT cho bảng `book`
--
ALTER TABLE `book`
  MODIFY `id` int(11) NOT NULL AUTO_INCREMENT, AUTO_INCREMENT=37;

--
-- AUTO_INCREMENT cho bảng `cart`
--
ALTER TABLE `cart`
  MODIFY `id_cart` int(11) NOT NULL AUTO_INCREMENT, AUTO_INCREMENT=70;

--
-- AUTO_INCREMENT cho bảng `cartdetail`
--
ALTER TABLE `cartdetail`
  MODIFY `id_cartDetail` int(11) NOT NULL AUTO_INCREMENT, AUTO_INCREMENT=56;

--
-- AUTO_INCREMENT cho bảng `color`
--
ALTER TABLE `color`
  MODIFY `color_id` bigint(20) NOT NULL AUTO_INCREMENT;

--
-- AUTO_INCREMENT cho bảng `config`
--
ALTER TABLE `config`
  MODIFY `config_id` int(11) NOT NULL AUTO_INCREMENT, AUTO_INCREMENT=2;

--
-- AUTO_INCREMENT cho bảng `config_languages`
--
ALTER TABLE `config_languages`
  MODIFY `id` int(11) NOT NULL AUTO_INCREMENT, AUTO_INCREMENT=3;

--
-- AUTO_INCREMENT cho bảng `connection_transit`
--
ALTER TABLE `connection_transit`
  MODIFY `id` int(11) NOT NULL AUTO_INCREMENT, AUTO_INCREMENT=2;

--
-- AUTO_INCREMENT cho bảng `currency`
--
ALTER TABLE `currency`
  MODIFY `currency_id` int(11) NOT NULL AUTO_INCREMENT;

--
-- AUTO_INCREMENT cho bảng `customer`
--
ALTER TABLE `customer`
  MODIFY `id` int(11) NOT NULL AUTO_INCREMENT, AUTO_INCREMENT=44;

--
-- AUTO_INCREMENT cho bảng `departure_only`
--
ALTER TABLE `departure_only`
  MODIFY `id` int(11) NOT NULL AUTO_INCREMENT, AUTO_INCREMENT=3;

--
-- AUTO_INCREMENT cho bảng `languages`
--
ALTER TABLE `languages`
  MODIFY `languages_id` int(11) NOT NULL AUTO_INCREMENT, AUTO_INCREMENT=3;

--
-- AUTO_INCREMENT cho bảng `lien_he`
--
ALTER TABLE `lien_he`
  MODIFY `id` int(11) NOT NULL AUTO_INCREMENT, AUTO_INCREMENT=120;

--
-- AUTO_INCREMENT cho bảng `menu`
--
ALTER TABLE `menu`
  MODIFY `menu_id` int(11) NOT NULL AUTO_INCREMENT, AUTO_INCREMENT=223;

--
-- AUTO_INCREMENT cho bảng `menu_languages`
--
ALTER TABLE `menu_languages`
  MODIFY `id` bigint(20) NOT NULL AUTO_INCREMENT, AUTO_INCREMENT=423;

--
-- AUTO_INCREMENT cho bảng `menu_type`
--
ALTER TABLE `menu_type`
  MODIFY `menu_type_id` int(11) NOT NULL AUTO_INCREMENT, AUTO_INCREMENT=16;

--
-- AUTO_INCREMENT cho bảng `menu_type_languages`
--
ALTER TABLE `menu_type_languages`
  MODIFY `id` int(11) NOT NULL AUTO_INCREMENT, AUTO_INCREMENT=31;

--
-- AUTO_INCREMENT cho bảng `news`
--
ALTER TABLE `news`
  MODIFY `news_id` int(11) NOT NULL AUTO_INCREMENT, AUTO_INCREMENT=67;

--
-- AUTO_INCREMENT cho bảng `newscat`
--
ALTER TABLE `newscat`
  MODIFY `newscat_id` int(11) NOT NULL AUTO_INCREMENT, AUTO_INCREMENT=73;

--
-- AUTO_INCREMENT cho bảng `newscat_languages`
--
ALTER TABLE `newscat_languages`
  MODIFY `id` int(11) NOT NULL AUTO_INCREMENT, AUTO_INCREMENT=141;

--
-- AUTO_INCREMENT cho bảng `newstag`
--
ALTER TABLE `newstag`
  MODIFY `newstag_id` int(11) NOT NULL AUTO_INCREMENT, AUTO_INCREMENT=108;

--
-- AUTO_INCREMENT cho bảng `newstag_languages`
--
ALTER TABLE `newstag_languages`
  MODIFY `id` int(11) NOT NULL AUTO_INCREMENT, AUTO_INCREMENT=15;

--
-- AUTO_INCREMENT cho bảng `news_languages`
--
ALTER TABLE `news_languages`
  MODIFY `id` bigint(20) NOT NULL AUTO_INCREMENT, AUTO_INCREMENT=133;

--
-- AUTO_INCREMENT cho bảng `optionsQ1`
--
ALTER TABLE `optionsQ1`
  MODIFY `optionsQ1_id` int(11) NOT NULL AUTO_INCREMENT, AUTO_INCREMENT=6;

--
-- AUTO_INCREMENT cho bảng `optionsQ2`
--
ALTER TABLE `optionsQ2`
  MODIFY `optionsQ2_id` int(11) NOT NULL AUTO_INCREMENT, AUTO_INCREMENT=3;

--
-- AUTO_INCREMENT cho bảng `optionsQ3`
--
ALTER TABLE `optionsQ3`
  MODIFY `optionsQ3_id` int(11) NOT NULL AUTO_INCREMENT, AUTO_INCREMENT=4;

--
-- AUTO_INCREMENT cho bảng `optionsQ4`
--
ALTER TABLE `optionsQ4`
  MODIFY `optionsQ4_id` int(11) NOT NULL AUTO_INCREMENT, AUTO_INCREMENT=5;

--
-- AUTO_INCREMENT cho bảng `optionsQ5`
--
ALTER TABLE `optionsQ5`
  MODIFY `optionsQ5_id` int(11) NOT NULL AUTO_INCREMENT, AUTO_INCREMENT=5;

--
-- AUTO_INCREMENT cho bảng `optionsQ6`
--
ALTER TABLE `optionsQ6`
  MODIFY `optionsQ6_id` int(11) NOT NULL AUTO_INCREMENT, AUTO_INCREMENT=5;

--
-- AUTO_INCREMENT cho bảng `optionsQ7`
--
ALTER TABLE `optionsQ7`
  MODIFY `optionsQ7_id` int(11) NOT NULL AUTO_INCREMENT, AUTO_INCREMENT=3;

--
-- AUTO_INCREMENT cho bảng `optionsQ8`
--
ALTER TABLE `optionsQ8`
  MODIFY `optionsQ8_id` int(11) NOT NULL AUTO_INCREMENT, AUTO_INCREMENT=4;

--
-- AUTO_INCREMENT cho bảng `optionsQ9`
--
ALTER TABLE `optionsQ9`
  MODIFY `optionsQ9_id` int(11) NOT NULL AUTO_INCREMENT, AUTO_INCREMENT=4;

--
-- AUTO_INCREMENT cho bảng `orders`
--
ALTER TABLE `orders`
  MODIFY `orders_id` int(11) NOT NULL AUTO_INCREMENT;

--
-- AUTO_INCREMENT cho bảng `order_detail`
--
ALTER TABLE `order_detail`
  MODIFY `order_detail_id` int(11) NOT NULL AUTO_INCREMENT;

--
-- AUTO_INCREMENT cho bảng `order_state`
--
ALTER TABLE `order_state`
  MODIFY `order_state_id` int(11) NOT NULL AUTO_INCREMENT, AUTO_INCREMENT=8;

--
-- AUTO_INCREMENT cho bảng `page`
--
ALTER TABLE `page`
  MODIFY `page_id` int(11) NOT NULL AUTO_INCREMENT, AUTO_INCREMENT=60;

--
-- AUTO_INCREMENT cho bảng `page_languages`
--
ALTER TABLE `page_languages`
  MODIFY `id` bigint(20) NOT NULL AUTO_INCREMENT, AUTO_INCREMENT=85;

--
-- AUTO_INCREMENT cho bảng `product`
--
ALTER TABLE `product`
  MODIFY `product_id` int(11) NOT NULL AUTO_INCREMENT, AUTO_INCREMENT=68;

--
-- AUTO_INCREMENT cho bảng `productcat`
--
ALTER TABLE `productcat`
  MODIFY `productcat_id` int(11) NOT NULL AUTO_INCREMENT, AUTO_INCREMENT=179;

--
-- AUTO_INCREMENT cho bảng `productcat_languages`
--
ALTER TABLE `productcat_languages`
  MODIFY `id` bigint(20) NOT NULL AUTO_INCREMENT, AUTO_INCREMENT=343;

--
-- AUTO_INCREMENT cho bảng `producttag`
--
ALTER TABLE `producttag`
  MODIFY `producttag_id` int(11) NOT NULL AUTO_INCREMENT, AUTO_INCREMENT=110;

--
-- AUTO_INCREMENT cho bảng `producttag_languages`
--
ALTER TABLE `producttag_languages`
  MODIFY `id` int(11) NOT NULL AUTO_INCREMENT, AUTO_INCREMENT=12;

--
-- AUTO_INCREMENT cho bảng `product_color`
--
ALTER TABLE `product_color`
  MODIFY `id` bigint(20) NOT NULL AUTO_INCREMENT;

--
-- AUTO_INCREMENT cho bảng `product_languages`
--
ALTER TABLE `product_languages`
  MODIFY `id` bigint(20) NOT NULL AUTO_INCREMENT, AUTO_INCREMENT=123;

--
-- AUTO_INCREMENT cho bảng `product_producer`
--
ALTER TABLE `product_producer`
  MODIFY `producer_id` int(11) NOT NULL AUTO_INCREMENT, AUTO_INCREMENT=11;

--
-- AUTO_INCREMENT cho bảng `product_producer_languages`
--
ALTER TABLE `product_producer_languages`
  MODIFY `id` int(11) NOT NULL AUTO_INCREMENT, AUTO_INCREMENT=50;

--
-- AUTO_INCREMENT cho bảng `pro_color`
--
ALTER TABLE `pro_color`
  MODIFY `id` int(11) NOT NULL AUTO_INCREMENT;

--
-- AUTO_INCREMENT cho bảng `rating`
--
ALTER TABLE `rating`
  MODIFY `id` int(11) NOT NULL AUTO_INCREMENT, AUTO_INCREMENT=4;

--
-- AUTO_INCREMENT cho bảng `regInfor`
--
ALTER TABLE `regInfor`
  MODIFY `regInfor_id` int(11) NOT NULL AUTO_INCREMENT, AUTO_INCREMENT=61;

--
-- AUTO_INCREMENT cho bảng `regMember`
--
ALTER TABLE `regMember`
  MODIFY `regMember_id` int(11) NOT NULL AUTO_INCREMENT, AUTO_INCREMENT=14;

--
-- AUTO_INCREMENT cho bảng `sale`
--
ALTER TABLE `sale`
  MODIFY `sale_id` int(11) NOT NULL AUTO_INCREMENT;

--
-- AUTO_INCREMENT cho bảng `service`
--
ALTER TABLE `service`
  MODIFY `service_id` int(11) NOT NULL AUTO_INCREMENT, AUTO_INCREMENT=62;

--
-- AUTO_INCREMENT cho bảng `servicecat`
--
ALTER TABLE `servicecat`
  MODIFY `servicecat_id` int(11) NOT NULL AUTO_INCREMENT, AUTO_INCREMENT=5;

--
-- AUTO_INCREMENT cho bảng `servicecat_languages`
--
ALTER TABLE `servicecat_languages`
  MODIFY `id` int(11) NOT NULL AUTO_INCREMENT, AUTO_INCREMENT=9;

--
-- AUTO_INCREMENT cho bảng `servicetag`
--
ALTER TABLE `servicetag`
  MODIFY `servicetag_id` int(11) NOT NULL AUTO_INCREMENT, AUTO_INCREMENT=6;

--
-- AUTO_INCREMENT cho bảng `servicetag_languages`
--
ALTER TABLE `servicetag_languages`
  MODIFY `id` int(11) NOT NULL AUTO_INCREMENT, AUTO_INCREMENT=8;

--
-- AUTO_INCREMENT cho bảng `service_cn2f`
--
ALTER TABLE `service_cn2f`
  MODIFY `id` int(11) NOT NULL AUTO_INCREMENT;

--
-- AUTO_INCREMENT cho bảng `service_languages`
--
ALTER TABLE `service_languages`
  MODIFY `id` int(11) NOT NULL AUTO_INCREMENT, AUTO_INCREMENT=79;

--
-- AUTO_INCREMENT cho bảng `size`
--
ALTER TABLE `size`
  MODIFY `size_id` bigint(20) NOT NULL AUTO_INCREMENT;

--
-- AUTO_INCREMENT cho bảng `user`
--
ALTER TABLE `user`
  MODIFY `id` int(11) NOT NULL AUTO_INCREMENT, AUTO_INCREMENT=6;

--
-- AUTO_INCREMENT cho bảng `user1`
--
ALTER TABLE `user1`
  MODIFY `user_id` int(11) NOT NULL AUTO_INCREMENT, AUTO_INCREMENT=8;

--
-- AUTO_INCREMENT cho bảng `visa`
--
ALTER TABLE `visa`
  MODIFY `id` int(11) NOT NULL AUTO_INCREMENT, AUTO_INCREMENT=347;

--
-- AUTO_INCREMENT cho bảng `wishlist`
--
ALTER TABLE `wishlist`
  MODIFY `wishlist_id` int(11) NOT NULL AUTO_INCREMENT;

--
-- Các ràng buộc cho các bảng đã đổ
--

--
-- Các ràng buộc cho bảng `cartdetail`
--
ALTER TABLE `cartdetail`
  ADD CONSTRAINT `cartdetail_ibfk_1` FOREIGN KEY (`id_cart`) REFERENCES `cart` (`id_cart`) ON DELETE CASCADE;

--
-- Các ràng buộc cho bảng `color`
--
ALTER TABLE `color`
  ADD CONSTRAINT `color_ibfk_1` FOREIGN KEY (`product_id`) REFERENCES `product` (`product_id`) ON DELETE CASCADE ON UPDATE CASCADE;

--
-- Các ràng buộc cho bảng `menu_languages`
--
ALTER TABLE `menu_languages`
  ADD CONSTRAINT `menu_languages_ibfk_1` FOREIGN KEY (`menu_id`) REFERENCES `menu` (`menu_id`) ON DELETE CASCADE;

--
-- Các ràng buộc cho bảng `menu_type_languages`
--
ALTER TABLE `menu_type_languages`
  ADD CONSTRAINT `menu_type_languages_ibfk_1` FOREIGN KEY (`menu_type_id`) REFERENCES `menu_type` (`menu_type_id`) ON DELETE CASCADE;

--
-- Các ràng buộc cho bảng `newscat_languages`
--
ALTER TABLE `newscat_languages`
  ADD CONSTRAINT `newscat_languages_ibfk_1` FOREIGN KEY (`newscat_id`) REFERENCES `newscat` (`newscat_id`) ON DELETE CASCADE ON UPDATE CASCADE;

--
-- Các ràng buộc cho bảng `news_languages`
--
ALTER TABLE `news_languages`
  ADD CONSTRAINT `news_languages_ibfk_1` FOREIGN KEY (`news_id`) REFERENCES `news` (`news_id`) ON DELETE CASCADE ON UPDATE CASCADE;

--
-- Các ràng buộc cho bảng `order_detail`
--
ALTER TABLE `order_detail`
  ADD CONSTRAINT `order_detail_ibfk_1` FOREIGN KEY (`order_id`) REFERENCES `orders` (`orders_id`) ON DELETE CASCADE ON UPDATE CASCADE;

--
-- Các ràng buộc cho bảng `page_languages`
--
ALTER TABLE `page_languages`
  ADD CONSTRAINT `page_languages_ibfk_1` FOREIGN KEY (`page_id`) REFERENCES `page` (`page_id`) ON DELETE CASCADE ON UPDATE CASCADE;

--
-- Các ràng buộc cho bảng `productcat_languages`
--
ALTER TABLE `productcat_languages`
  ADD CONSTRAINT `productcat_languages_ibfk_1` FOREIGN KEY (`productcat_id`) REFERENCES `productcat` (`productcat_id`) ON DELETE CASCADE ON UPDATE CASCADE;

--
-- Các ràng buộc cho bảng `product_languages`
--
ALTER TABLE `product_languages`
  ADD CONSTRAINT `product_languages_ibfk_1` FOREIGN KEY (`product_id`) REFERENCES `product` (`product_id`) ON DELETE CASCADE ON UPDATE CASCADE;

--
-- Các ràng buộc cho bảng `product_producer_languages`
--
ALTER TABLE `product_producer_languages`
  ADD CONSTRAINT `product_producer_languages_ibfk_1` FOREIGN KEY (`producer_id`) REFERENCES `product_producer` (`producer_id`) ON DELETE CASCADE;

--
-- Các ràng buộc cho bảng `pro_color`
--
ALTER TABLE `pro_color`
  ADD CONSTRAINT `pro_color_ibfk_1` FOREIGN KEY (`id_product`) REFERENCES `product` (`product_id`) ON DELETE CASCADE;

--
-- Các ràng buộc cho bảng `servicecat_languages`
--
ALTER TABLE `servicecat_languages`
  ADD CONSTRAINT `servicecat_languages_ibfk_1` FOREIGN KEY (`servicecat_id`) REFERENCES `servicecat` (`servicecat_id`) ON DELETE CASCADE;

--
-- Các ràng buộc cho bảng `service_languages`
--
ALTER TABLE `service_languages`
  ADD CONSTRAINT `service_languages_ibfk_1` FOREIGN KEY (`service_id`) REFERENCES `service` (`service_id`) ON DELETE CASCADE;

--
-- Các ràng buộc cho bảng `size`
--
ALTER TABLE `size`
  ADD CONSTRAINT `size_ibfk_1` FOREIGN KEY (`color_id`) REFERENCES `color` (`color_id`) ON DELETE CASCADE ON UPDATE CASCADE;
COMMIT;

/*!40101 SET CHARACTER_SET_CLIENT=@OLD_CHARACTER_SET_CLIENT */;
/*!40101 SET CHARACTER_SET_RESULTS=@OLD_CHARACTER_SET_RESULTS */;
/*!40101 SET COLLATION_CONNECTION=@OLD_COLLATION_CONNECTION */;
